Study,Session,Part,Trial_Number,PUB,Prev_PU_Time,Prev_PU_End,Prev_PU_Type,Prev_PU_Phase,Prev_PU_TGid,Prev_PU_Edit,Pause,Pause_Start,Pause_End,Num_Fixations,Fixated_TGids,Relevant_Fixations,Next_PU_Time,Next_PU_End,Next_PU_Type,Next_PU_TGid,Next_PU_Edit,Next_Touches_Prev,Next_Has_Substantive_Del,Word_Change,Task_2,Word_Change_Loose,Next_Has_Phrasal_Del,Word_Change_Tight,Task_2_Loose,Task_2_Tight,Word_Change_Upper_Loose,Word_Change_Upper_Medium,Word_Change_Upper_Tight,Task_2_Upper_Loose,Task_2_Upper,Task_2_Upper_Tight,PrevPU_Was_Reformulation,Final_Span,Task_1,Task_1_Score
SG12,P01_T1,P01,1,694,7176,7176,I,D,1,_,2527,7176,9703,8,4+5+6+8+103+106,0,9703,10203,I,2,Kr,False,False,False,2,False,False,False,2,2,True,True,True,1,1,1,False,Krankenpfleger,,
SG12,P01_T1,P01,2,694,9703,10203,I,D,2,Kr,3135,10203,13338,21,4+6+7+8+81+142,0,13338,17332,I,2+3,ankenschwester_des_Todes_,True,False,False,2,False,False,False,2,2,False,False,False,2,2,2,False,des,0.0,0.0
SG12,P01_T1,P01,3,694,13338,17332,I,D,2+3,ankenschwester_des_Todes_,2012,17332,19344,5,4+6+8,0,19344,19344,I,4,w,False,False,False,2,False,False,False,2,2,False,False,False,2,2,2,False,des Todes,1.0,100.0
SG12,P01_T1,P01,4,694,19344,19344,I,D,4,w,812,19344,20156,3,4+6+8+64,2,20156,22574,I,4,ird_zur_vierfacher_,True,False,False,2,False,False,False,2,2,True,False,False,1,2,2,False,wird,,
SG12,P01_T1,P01,5,694,20156,22574,I,D,4,ird_zur_vierfacher_,1372,22574,23946,1,65,0,23946,24477,D,4,[_ru############,True,False,False,2,True,False,False,1,2,True,False,False,1,2,2,False,wird,1.0,75.0
SG12,P01_T1,P01,6,694,23946,24477,D,D,4,[_ru############,1794,24477,26271,6,4+5+6+8+26+28+29,1,26271,29344,I,5,vierfach_lebenslang_,False,False,False,2,False,False,False,2,2,False,False,False,2,2,2,False,wird,0.0,25.0
SG12,P01_T1,P01,7,694,26271,29344,I,D,5,vierfach_lebenslang_,967,29344,30311,4,5,4,30311,32714,C,5,veruzr[rz]rteilt_,True,False,False,2,True,False,False,1,2,True,True,False,1,1,2,False,vierfach,1.0,100.0
SG12,P01_T1,P01,8,694,30311,32714,C,D,5,veruzr[rz]rteilt_,2028,32714,34742,7,5+42+53,3,34742,36614,C,5,[###########_gna]änglich,True,True,True,1,True,False,False,1,2,True,True,False,1,1,2,False,vierfach,0.0,38.0
SG12,P01_T1,P01,9,694,39063,39063,D,D,5,[###################f,733,39063,39796,1,5,1,39796,41106,I,5+6+7,fach_zu_Lä,True,False,False,2,False,False,False,2,2,False,False,False,2,2,2,False,vierfach,0.0,12.0
SG12,P01_T1,P01,10,694,39796,41106,I,D,5+6+7,fach_zu_Lä,780,41106,41886,1,7,1,41886,45818,C,7+8,[ä]ebenslänglich_verurteilt,True,False,False,2,True,False,False,1,2,True,False,False,1,2,2,False,vierfach zu lebenslänglich,1.0,90.0
SG12,P01_T1,P01,11,694,41886,45818,C,D,7+8,[ä]ebenslänglich_verurteilt,858,45818,46676,5,4+6+7+8+15+26+28+29,2,46676,46676,I,8,_,True,False,False,2,False,False,False,2,2,False,False,False,2,2,2,False,lebenslänglich verurteilt,1.0,100.0
SG12,P01_T1,P01,12,694,46676,46676,I,D,8,_,2309,46676,48985,8,9+13+15+16+26+28+29,0,48985,48985,I,9,D,False,False,False,2,False,False,False,2,2,False,False,False,2,2,2,False,verurteilt,,
SG12,P01_T1,P01,13,694,48985,48985,I,D,9,D,826,48985,49811,0,,0,49811,50498,I,9,ie_K,True,False,False,2,False,False,False,2,2,True,True,False,1,1,2,False,Der,,
SG12,P01_T1,P01,14,694,49811,50498,I,D,9,ie_K,717,50498,51215,2,9+13,2,51215,51512,I,9,rank,True,False,False,2,False,False,False,2,2,True,True,False,1,1,2,False,Der,0.0,33.0
SG12,P01_T1,P01,15,694,51215,51512,I,D,9,rank,967,51512,52479,3,9+13,3,52479,55100,I,9,enschwester_Colin_,True,False,False,2,False,False,False,2,2,True,True,False,1,1,2,False,Der,0.0,33.0
SG12,P01_T1,P01,16,694,52479,55100,I,D,9,enschwester_Colin_,19904,55100,75004,57,2+3+4+5+6+7+8+9+13+40+42+46+48+51+53+104+105,11,75004,76924,C,1,[Krankenschwester_]Krankenpfleger_,False,True,False,2,False,True,False,2,2,True,True,False,1,1,2,False,Der,0.0,67.0
SG12,P01_T1,P01,17,694,91042,100028,C,D,11+12+13+14+15+16,enhaus_angestellt[t]e[e]te_Krankenpfleger_Colin_Norris_wurde_,2402,100028,102430,8,17+18+19+20+21+22,0,102430,108405,I,17+18+19+20+21+22+23+24,für_den_Mord_an_vier_seiner_Patienten_heute_,False,False,False,2,False,False,False,2,2,False,False,False,2,2,2,False,Krankenhaus angestellte Krankenpfleger Colin Norris wurde,1.0,100.0
SG12,P01_T1,P01,18,694,102430,108405,I,D,17+18+19+20+21+22+23+24,für_den_Mord_an_vier_seiner_Patienten_heute_,4259,108405,112664,18,16+17+18+19+22+23+24+25+26+27+28+29+66+91,11,112664,112805,I,25,zu,False,False,False,2,False,False,False,2,2,False,False,False,2,2,2,False,für den Mord an vier seiner Patienten heute,1.0,100.0
SG12,P01_T1,P01,19,694,112664,112805,I,D,25,zu,951,112805,113756,4,23+24+25+111,1,113756,114942,I,25+26+27,m_lebensöl,True,False,False,2,False,False,False,2,2,True,False,False,1,2,2,False,zu,1.0,100.0
SG12,P01_T1,P01,20,694,113756,114942,I,D,25+26+27,m_lebensöl,749,114942,115691,3,10+11+12+27,1,115691,115925,C,27,[lö]ö,True,False,False,2,True,False,False,1,2,True,True,False,1,1,2,False,zu einer lebenslänglichen,1.0,80.0
SG12,P01_T1,P01,21,694,115691,115925,C,D,27,[lö]ö,920,115925,116845,4,23+24+25,0,116845,120558,C,27,[ö]länglichem_Ge[eG_m]r,True,True,True,1,True,False,False,1,2,True,True,False,1,1,2,False,lebenslänglichen,,
SG12,P01_T1,P01,22,694,123912,124536,C,D,25+26,[m]_einer,2231,124536,126767,7,24+27,0,126767,131166,C,27+28+29+30,[r]n_Gefängnisstrafe_verurteilt._,False,False,False,2,False,False,False,2,2,False,False,False,2,2,2,False,zu einer,1.0,100.0
SG12,P01_T1,P01,23,694,126767,131166,C,D,27+28+29+30,[r]n_Gefängnisstrafe_verurteilt._,1872,131166,133038,10,2+3+4+6+8+14+15+31+33,0,133038,135799,I,31+32,Der_32-jährige_,False,False,False,2,False,False,False,2,2,False,False,False,2,2,2,False,lebenslänglichen Gefängnisstrafe verurteilt .,1.0,97.0
SG12,P01_T1,P01,24,694,133038,135799,I,D,31+32,Der_32-jährige_,936,135799,136735,4,2+3+4+6+8,0,136735,145877,I,33+34+35+36+37+38+39+40+41+42+43+44,"Norris_aus_Glasgow_tötete_die_vier_Frauen_2002,_indem_er_ihnen_",False,False,False,2,False,False,False,2,2,False,False,False,2,2,2,False,Der 32-jährige,1.0,100.0
SG12,P01_T1,P01,25,694,136735,145877,I,D,33+34+35+36+37+38+39+40+41+42+43+44,"Norris_aus_Glasgow_tötete_die_vier_Frauen_2002,_indem_er_ihnen_",5397,145877,151274,22,15+17+22+24+25+45+46+48+66+69+91+108,0,151274,159059,I,45+46+47+48+49+50,große_Mengen_an_Schlafmedikamenten_verabreichte._,False,False,False,2,False,False,False,2,2,False,False,False,2,2,2,False,"Norris aus Glasgow tötete die vier Frauen 2002 , indem er ihnen",1.0,98.0
SG12,P01_T1,P01,26,694,151274,159059,I,D,45+46+47+48+49+50,große_Mengen_an_Schlafmedikamenten_verabreichte._,1529,159059,160588,8,43+49+50+51+53+70+93+132,2,160588,162007,I,51+52,Gestern_wurde_,False,False,False,2,False,False,False,2,2,False,False,False,2,2,2,False,große Mengen an Schlafmedikamenten verabreichte .,1.0,98.0
SG12,P01_T1,P01,27,694,160588,162007,I,D,51+52,Gestern_wurde_,874,162007,162881,4,39+40+46+61,0,162881,163052,I,53,er_,False,False,False,2,False,False,False,2,2,False,False,False,2,2,2,False,Gestern wurde,1.0,100.0
SG12,P01_T1,P01,28,694,162881,163052,I,D,53,er_,952,163052,164004,5,52+82+83+104+105,0,164004,166250,I,53,des_vierfachen_Morde,True,False,False,2,False,False,False,2,2,True,False,False,1,2,2,False,er,1.0,100.0
SG12,P01_T1,P01,29,694,164004,166250,I,D,53,des_vierfachen_Morde,1560,166250,167810,3,53,3,167810,168169,D,53,[#################sed,True,False,False,2,True,False,False,1,2,True,False,False,1,2,2,False,er,1.0,100.0
SG12,P01_T1,P01,30,694,167810,168169,D,D,53,[#################sed,905,168169,169074,6,52+54,0,169074,171227,I,53,in_Folge_eines_la,True,False,False,2,False,False,False,2,2,True,False,False,1,2,2,False,er,0.0,50.0
SG12,P01_T1,P01,31,694,169074,171227,I,D,53,in_Folge_eines_la,4493,171227,175720,12,52+53,10,175720,177139,C,53+54+55,[################ni]nach_lange,True,False,False,2,True,False,False,1,2,True,False,False,1,2,2,False,er,0.0,50.0
SG12,P01_T1,P01,32,694,175720,177139,C,D,53+54+55,[################ni]nach_lange,843,177139,177982,2,53+54,2,177982,181367,C,55+56,m_F[F]Ver[reV]Gerichtsverfahren_,True,False,False,2,True,False,False,1,2,True,False,False,1,2,2,False,er nach langem,1.0,100.0
SG12,P01_T1,P01,33,694,177982,181367,C,D,55+56,m_F[F]Ver[reV]Gerichtsverfahren_,983,181367,182350,4,0+38+39+56,1,182350,184596,I,57+58+59,des_vierfachen_Mordes_,False,False,False,2,False,False,False,2,2,False,False,False,2,2,2,False,langem Gerichtsverfahren,1.0,100.0
SG12,P01_T1,P01,34,694,182350,184596,I,D,57+58+59,des_vierfachen_Mordes_,765,184596,185361,3,48+51+53,0,185361,185579,I,60,schg,False,False,False,2,False,False,False,2,2,False,False,False,2,2,2,False,des vierfachen Mordes,1.0,100.0
SG12,P01_T1,P01,35,694,185361,185579,I,D,60,schg,702,185579,186281,3,60,3,186281,188543,C,60+61+62,[g]uldig_gesprochen._,True,False,False,2,True,False,False,1,2,True,False,False,1,2,2,False,schuldig,1.0,75.0
SG12,P01_T1,P01,36,694,186281,188543,C,D,60+61+62,[g]uldig_gesprochen._,4134,188543,192677,16,64+65+66+67+68+69+70,0,192677,192958,I,63,Er_,False,False,False,2,False,False,False,2,2,False,False,False,2,2,2,False,schuldig gesprochen .,1.0,94.0
SG12,P01_T1,P01,37,694,192677,192958,I,D,63,Er_,2761,192958,195719,12,9+13+14+15+16+26+28+29+48+64,0,195719,198652,I,64+65,erhielt_viermal_lebe,False,False,False,2,False,False,False,2,2,False,False,False,2,2,2,False,Er,1.0,100.0
SG12,P01_T1,P01,38,694,195719,198652,I,D,64+65,erhielt_viermal_lebe,1029,198652,199681,2,14+15,0,199681,201179,I,65,nslänglich,True,False,False,2,False,False,False,2,2,True,False,False,1,2,2,False,erhielt viermal,1.0,100.0
SG12,P01_T1,P01,39,694,199681,201179,I,D,65,nslänglich,1279,201179,202458,1,66,0,202458,204642,C,65+66,[#############el]Lebenslänglich,True,False,False,2,True,False,False,1,2,True,False,False,1,2,2,False,viermal,0.0,14.0
SG12,P01_T1,P01,40,694,202458,204642,C,D,65+66,[#############el]Lebenslänglich,1716,204642,206358,10,65+66+67+68+70,3,206358,209229,C,66+67,"__[__],_jeweils_f",True,False,False,2,True,False,False,1,2,True,False,False,1,2,2,False,viermal lebenslänglich,1.0,100.0
SG12,P01_T1,P01,41,694,206358,209229,C,D,66+67,"__[__],_jeweils_f",951,209229,210180,5,69+70,0,210180,214704,C,67,ür_jede[edej_rüf]einmal_f+ür[rü+]ür_,True,True,True,1,True,False,False,1,2,True,True,False,1,1,2,False,"lebenslänglich ,",0.0,27.0
SG12,P01_T1,P01,42,694,215625,215765,I,D,67,je,1669,215765,217434,2,67+68,1,217434,220352,C,67+68+69+70+71+72,[##################wej]einmal_für_jeden_Mord._,True,False,False,2,True,False,False,1,2,True,False,False,1,2,2,False,",",,
SG12,P01_T1,P01,43,694,217434,220352,C,D,67+68+69+70+71+72,[##################wej]einmal_für_jeden_Mord._,2683,220352,223035,11,54+59+66+70+72+74,2,223035,224751,I,73+74+75,Er_wird_mindestes,False,False,False,2,False,False,False,2,2,False,False,False,2,2,2,False,", einmal für jeden Mord .",1.0,95.0
SG12,P01_T1,P01,44,694,223035,224751,I,D,73+74+75,Er_wird_mindestes,889,224751,225640,3,70+74+75,2,225640,231443,C,75+76+77+78+79+80+81+84,_30_Jahre_davon_absitzen_müssen-[-]._P,True,False,False,2,True,False,False,1,2,True,False,False,1,2,2,False,Er wird mindestes,1.0,100.0
SG12,P01_T1,P01,45,694,225640,231443,C,D,75+76+77+78+79+80+81+84,_30_Jahre_davon_absitzen_müssen-[-]._P,1077,231443,232520,5,82+83,0,232520,233534,I,84,olizei,True,False,False,2,False,False,False,2,2,True,False,False,1,2,2,False,mindestes 30 Jahre davon absitzen müssen . Chris,1.0,97.0
SG12,P01_T1,P01,46,694,232520,233534,I,D,84,olizei,2075,233534,235609,9,82+83+84+85,5,235609,239368,C,84+85,[iez]i[i]zist_Chris_Gredd_,True,False,False,2,True,False,False,1,2,True,False,False,1,2,2,False,Chris,0.0,20.0
SG12,P01_T1,P01,47,694,235609,239368,C,D,84+85,[iez]i[i]zist_Chris_Gredd_,1123,239368,240491,6,64+85+104+105+130,3,240491,243736,C,85+86+87+88+89,"[_dd]gg_sagte,_dass_Norris_",True,True,True,1,True,False,False,1,2,True,True,False,1,1,2,False,Chris Gregg,1.0,82.0
SG12,P01_T1,P01,48,694,245171,245608,I,D,90,sich_,1217,245608,246825,5,89+90+91+93+94,1,246825,250990,I,91+92+93+94+95,im_Krankenhaus_auffällig_verhielt._,False,False,False,2,False,False,False,2,2,False,False,False,2,2,2,False,sich,1.0,100.0
SG12,P01_T1,P01,49,694,246825,250990,I,D,91+92+93+94+95,im_Krankenhaus_auffällig_verhielt._,827,250990,251817,5,82+83+84+90+94+96,1,251817,252129,I,96,Nur_,False,False,False,2,False,False,False,2,2,False,False,False,2,2,2,False,im Krankenhaus auffällig verhielt .,1.0,97.0
SG12,P01_T1,P01,50,694,251817,252129,I,D,96,Nur_,827,252129,252956,5,86+90+94+95+96,1,252956,256029,I,97+98+99,die_Aufmerksamkeit_anderer_,False,False,False,2,False,False,False,2,2,False,False,False,2,2,2,False,Nur,1.0,100.0
SG12,P01_T1,P01,51,694,252956,256029,I,D,97+98+99,die_Aufmerksamkeit_anderer_,749,256029,256778,3,100,0,256778,260990,C,100+101+102,Angester[r]llter_des_Krankenhauses_,False,False,False,2,False,False,False,2,2,False,False,False,2,2,2,False,die Aufmerksamkeit anderer,1.0,100.0
SG12,P01_T1,P01,52,694,256778,260990,C,D,100+101+102,Angester[r]llter_des_Krankenhauses_,1747,260990,262737,8,103+104+105+106,0,262737,263813,I,103+104,konnte_weite,False,False,False,2,False,False,False,2,2,False,False,False,2,2,2,False,Angestellter des Krankenhauses,1.0,100.0
SG12,P01_T1,P01,53,694,262737,263813,I,D,103+104,konnte_weite,1108,263813,264921,6,104+105+131,2,264921,270927,C,104+105+106+107+108+109,re_Morder_verhin[nihrev_r]_verhindern._Die_Polizei,True,True,True,1,True,False,False,1,2,True,True,False,1,1,2,False,konnte weitere,1.0,100.0
SG12,P01_T1,P01,54,694,271723,276933,C,D,109+110+111+112+113,"_hat_e[e]herausgefunden,_dass_die_Motive_für_die_Morde",1825,276933,278758,9,113+126+127+128,4,278758,279538,I,113,_Norris_,True,False,False,2,False,False,False,2,2,True,False,False,1,2,2,False,"Polizei hat herausgefunden , dass",0.0,73.0
SG12,P01_T1,P01,55,694,278758,279538,I,D,113,_Norris_,8456,279538,287994,36,57+59+60+73+74+80+96+109+110+111+113+124+127+132+140+141+142+143+146,11,287994,288181,I,113,Ab,True,False,False,2,False,False,False,2,2,True,False,False,1,2,2,False,dass,0.0,25.0
SG12,P01_T1,P01,56,694,287994,288181,I,D,113,Ab,1763,288181,289944,7,113,7,289944,290131,D,113,[bA,True,False,False,2,True,False,False,1,2,True,False,False,1,2,2,False,dass,0.0,50.0
SG12,P01_T1,P01,57,694,289944,290131,D,D,113,[bA,33400,290131,323531,124,4+5+6+7+8+10+11+12+15+16+17+21+22+23+31+33+34+35+40+43+48+49+52+55+62+63+68+82+83+84+85+92+101+102+103+104+105+106+107+110+111+113+114+115+128+132+133+134+135+148,35,323531,327384,C,113+114+115,[###############################d_]_Norris_Motiv_seine_A,True,False,False,2,True,False,False,1,2,True,False,False,1,2,2,False,dass,0.0,33.0
SG12,P01_T1,P01,58,694,323531,327384,C,D,113+114+115,[###############################d_]_Norris_Motiv_seine_A,2824,327384,330208,9,114+115,9,330208,330208,D,115,[A,True,False,False,2,True,False,False,1,2,True,True,False,1,1,2,False,dass Norris Motiv,0.0,71.0
SG12,P01_T1,P01,59,694,330208,330208,D,D,115,[A,2215,330208,332423,8,111+114+115,7,332423,333827,C,115,[_enies_]_,True,True,True,1,True,False,False,1,2,True,True,False,1,1,2,False,Motiv,0.0,0.0
SG12,P01_T1,P01,60,694,335090,340660,C,D,116+117+118+119+120+121+122+123+124,"sicfh_d[d_hf]h_darin_begründete,_dass_er_nicht_gerne_mit_",764,340660,341424,1,125,0,341424,345964,C,125+126+127+128,alten_Menschen_arbeittete[etet]ete._,False,False,False,2,False,False,False,2,2,False,False,False,2,2,2,False,"sich darin begründete , dass er nicht gerne mit",1.0,98.0
SG12,P01_T1,P01,61,694,341424,345964,C,D,125+126+127+128,alten_Menschen_arbeittete[etet]ete._,967,345964,346931,4,127+130+131,1,346931,346931,I,129,A,False,False,False,2,False,False,False,2,2,False,False,False,2,2,2,False,alten Menschen arbeitete .,1.0,96.0
SG12,P01_T1,P01,62,694,346931,346931,I,D,129,A,3463,346931,350394,14,104+105+107+108+109+110+111+127,0,350394,350659,I,129,lle_,True,False,False,2,False,False,False,2,2,False,False,False,2,2,2,False,Alle,,
SG12,P01_T1,P01,63,694,350394,350659,I,D,129,lle_,1092,350659,351751,7,104+105+108+127,0,351751,353654,I,130+131+132,seine_Opfer_waren_,False,False,False,2,False,False,False,2,2,False,False,False,2,2,2,False,Alle,1.0,100.0
SG12,P01_T1,P01,64,694,351751,353654,I,D,130+131+132,seine_Opfer_waren_,1326,353654,354980,6,110+131+132,5,354980,361767,C,133+134+135+136+137+138,"alte_[_].[.],_schwache_Frauen_mit_M[M]Herzproblemen._",False,False,False,2,False,False,False,2,2,False,False,False,2,2,2,False,seine Opfer waren,1.0,100.0
SG12,P01_T1,P01,65,694,354980,361767,C,D,133+134+135+136+137+138,"alte_[_].[.],_schwache_Frauen_mit_M[M]Herzproblemen._",10218,361767,371985,50,114+115+121+124+126+127+133+135+136+138+139+140+148,31,371985,373685,C,138+139+140+141,[_.]_und_konnten_als_,True,False,False,2,True,False,False,1,2,True,False,False,1,2,2,False,"alte , schwache Frauen mit Herzproblemen",1.0,98.0
SG12,P01_T1,P01,66,694,371985,373685,C,D,138+139+140+141,[_.]_und_konnten_als_,920,373685,374605,7,62+142+143+144+145,0,374605,375666,I,142+143,Bürde_f,False,False,False,2,False,False,False,2,2,False,False,False,2,2,2,False,Herzproblemen und konnten als,1.0,100.0
SG12,P01_T1,P01,67,694,374605,375666,I,D,142+143,Bürde_f,1404,375666,377070,6,141+142+143+144+145+146,4,377070,382530,I,143+144+145+146+147+148,ür_das_Krankenhauspersonal_gesehen_werden.,True,False,False,2,False,False,False,2,2,False,False,False,2,2,2,False,Bürde für,1.0,100.0
SG12,P01_T1,P01,68,694,377070,382530,I,D,143+144+145+146+147+148,ür_das_Krankenhauspersonal_gesehen_werden.,22463,382530,404993,86,4+5+6+8+9+13+15+16+22+23+26+28+29+31+33+34+55+64+82+83+84+85+101+102+103+104+105+106+121+126+127+129+130+131+132+134+135+136+140+148,2,404993,407116,C,82+83,[Polizist_]Der_Polizeibeamte_,False,True,False,2,False,True,False,2,2,False,False,False,2,2,2,False,für das Krankenhauspersonal gesehen werden .,1.0,98.0
SG12,P01_T2,P01,69,863,7691,10171,C,D,1,Familen[ne,890,10171,11061,3,1,3,11061,11451,I,1,ien_,True,False,False,2,False,False,False,2,2,True,False,False,1,2,2,False,Familien,1.0,88.0
SG12,P01_T2,P01,70,863,11061,11451,I,D,1,ien_,28049,11451,39500,103,1+2+4+5+6+7+22+30+46+49+51+52+67+76+99+118+126+127+137+139+143+146+147,9,39500,40108,I,1,vo,True,False,False,2,False,False,False,2,2,True,False,False,1,2,2,False,Familien,1.0,100.0
SG12,P01_T2,P01,71,863,39500,40108,I,D,1,vo,1654,40108,41762,8,1+2+4+6+7,3,41762,43103,C,1+2+3,[ov]stark_von_,True,False,False,2,True,False,False,1,2,True,False,False,1,2,2,False,Familien,0.0,0.0
SG12,P01_T2,P01,72,863,41762,43103,C,D,1+2+3,[ov]stark_von_,1919,43103,45022,11,4+5+6+66,0,45022,53025,C,4+5+6+7,Erhögun[nug]hung_der_Lebenserhaltungskosten_betroffen_,False,False,False,2,False,False,False,2,2,False,False,False,2,2,2,False,Familien stark von,1.0,100.0
SG12,P01_T2,P01,73,863,45022,53025,C,D,4+5+6+7,Erhögun[nug]hung_der_Lebenserhaltungskosten_betroffen_,1373,53025,54398,6,3+4,3,54398,59764,C,10+7+8+9,Bri[irB]Familien_im_[_m]n_Großbritannien_,True,False,False,2,True,False,False,1,2,True,False,False,1,2,2,False,Erhöhung der Lebenserhaltungskosten betroffen,1.0,100.0
SG12,P01_T2,P01,74,863,54398,59764,C,D,10+7+8+9,Bri[irB]Familien_im_[_m]n_Großbritannien_,43712,59764,103476,183,0+2+4+5+6+7+8+9+10+11+13+22+25+26+27+28+31+32+38+39+40+41+49+50+51+52+67+68+98+99+100+118+121+126+127+136+137+138+139+140+142+143+144+145+146+147+148+149+150,31,103476,104490,I,11,müssen_,False,False,False,2,False,False,False,2,2,False,False,False,2,2,2,False,Großbritannien betroffen Familien in,0.0,54.0
SG12,P01_T2,P01,75,863,103476,104490,I,D,11,müssen_,1622,104490,106112,5,6+25+26+27+38+39+40+41,0,106112,106502,I,11,von_,True,False,False,2,False,False,False,2,2,True,True,False,1,1,2,False,müssen,1.0,100.0
SG12,P01_T2,P01,76,863,106112,106502,I,D,11,von_,1295,106502,107797,5,11+141,3,107797,108858,C,11+12,[_nov]jetzt_,True,True,True,1,True,False,False,1,2,True,True,False,1,1,2,False,müssen,0.0,33.0
SG12,P01_T2,P01,77,863,110589,111931,I,D,12,zusätzliche_,1919,111931,113850,9,6+14+15+16+18+19,0,113850,115051,C,12+84,KJ[J]osten_v,True,False,False,2,True,False,False,1,2,True,False,False,1,2,2,False,jetzt,0.0,40.0
SG12,P01_T2,P01,78,863,113850,115051,C,D,12+84,KJ[J]osten_v,1856,115051,116907,9,18+20+21+24+28+29+30+141,0,116907,116907,D,84,[v,True,False,False,2,True,False,False,1,2,True,True,False,1,1,2,False,"jetzt ,",0.0,29.0
SG12,P01_T2,P01,79,863,116907,116907,D,D,84,[v,936,116907,117843,4,6+140,0,117843,117843,D,12,[_,False,False,False,2,False,False,False,2,2,True,True,False,1,1,2,False,",",,
SG12,P01_T2,P01,80,863,117843,117843,D,D,12,[_,1295,117843,119138,4,6,0,119138,119637,D,12,[suz##############,True,False,False,2,True,False,False,1,2,True,False,False,1,2,2,False,jetzt,,
SG12,P01_T2,P01,81,863,119138,119637,D,D,12,[suz##############,7395,119637,127032,26,1+6+14+15+16+19+50+69+98+99+100+120,0,127032,130807,I,13+14+15+16+17,einen_zusätzlichen_Betrag_von_über_,False,False,False,2,False,False,False,2,2,True,False,False,1,2,2,False,jetzt,0.0,20.0
SG12,P01_T2,P01,82,863,127032,130807,I,D,13+14+15+16+17,einen_zusätzlichen_Betrag_von_über_,6973,130807,137780,1,6,0,137780,138997,I,18,"31,300",False,False,False,2,False,False,False,2,2,False,False,False,2,2,2,False,einen zusätzlichen Betrag von über,1.0,100.0
SG12,P01_T2,P01,83,863,137780,138997,I,D,18,"31,300",983,138997,139980,7,2+7+18+20+21+123,2,139980,141103,I,18+19,_Pfund_,True,False,False,2,False,False,False,2,2,False,False,False,2,2,2,False,"31,300",1.0,100.0
SG12,P01_T2,P01,84,863,139980,141103,I,D,18+19,_Pfund_,2059,141103,143162,11,2+7+8+13+14+15+16+28,0,143162,144270,I,20+21,pro_Jahr_,False,False,False,2,False,False,False,2,2,False,False,False,2,2,2,False,"31,300 Pfund",1.0,100.0
SG12,P01_T2,P01,85,863,143162,144270,I,D,20+21,pro_Jahr_,4212,144270,148482,17,1+2+6+7+8+13+14+15+16+18+19,0,148482,150011,I,12,aufgrund_d,False,False,False,2,False,False,False,2,2,False,False,False,2,2,2,False,pro Jahr,1.0,100.0
SG12,P01_T2,P01,86,863,148482,150011,I,D,12,aufgrund_d,3198,150011,153209,12,6+13+31+32+38+39+40+41,0,153209,153739,D,12,[f#######ua,True,False,False,2,True,False,False,1,2,True,False,False,1,2,2,False,jetzt,0.0,0.0
SG12,P01_T2,P01,87,863,153209,153739,D,D,12,[f#######ua,6022,153739,159761,30,0+6+13+14+15+16+18+19+20+25+26+27+30+31+32,0,159761,160494,I,22,berappen,False,False,False,2,False,False,False,2,2,False,False,False,2,2,2,False,jetzt,0.0,0.0
SG12,P01_T2,P01,88,863,159761,160494,I,D,22,berappen,998,160494,161492,5,13+14+15+16+21+141,0,161492,161492,I,23,",",False,False,False,2,False,False,False,2,2,False,False,False,2,2,2,False,berappen,1.0,100.0
SG12,P01_T2,P01,89,863,161492,161492,I,D,23,",",2746,161492,164238,11,18+21+28+29,0,164238,165268,I,23+24+25,_da_die_,True,False,False,2,False,False,False,2,2,False,False,False,2,2,2,False,",",,
SG12,P01_T2,P01,90,863,164238,165268,I,D,23+24+25,_da_die_,904,165268,166172,1,28,0,166172,171601,C,25+26+27+28+29+30,L[L]Preise_für_Lebensmittel_und_Benzin_,True,False,False,2,True,False,False,1,2,True,False,False,1,2,2,False,", da die",1.0,100.0
SG12,P01_T2,P01,91,863,166172,171601,C,D,25+26+27+28+29+30,L[L]Preise_für_Lebensmittel_und_Benzin_,5257,171601,176858,25,1+6+11+18+22+24+29+31+32+38+39+40+41+103,2,176858,177092,I,30,mit_,True,False,False,2,False,False,False,2,2,True,True,False,1,1,2,False,die Preise für Lebensmittel und Benzin,1.0,100.0
SG12,P01_T2,P01,92,863,176858,177092,I,D,30,mit_,15944,177092,193036,60,4+6+9+10+13+14+15+16+22+29+30+31+32+36+38+39+40+41+51+54+66+69+82+83+98+100+103+117+118+120,24,193036,196312,C,30,[_tim]so_schnell_wie_seit_,True,True,True,1,True,False,False,1,2,True,True,False,1,1,2,False,Benzin,0.0,33.0
SG12,P01_T2,P01,93,863,199338,199915,I,D,30,17_,1373,199915,201288,6,30+141,5,201288,201928,D,30,[####ties,True,False,False,2,True,False,False,1,2,True,False,False,1,2,2,False,Benzin,0.0,0.0
SG12,P01_T2,P01,94,863,201288,201928,D,D,30,[####ties,1778,201928,203706,6,30+161,5,203706,208636,C,30+31+32+33+34+35+36+37,[#############os]schnell_als_in_den_letzten_17_Jahren_,True,False,False,2,True,False,False,1,2,True,False,False,1,2,2,False,Benzin,0.0,17.0
SG12,P01_T2,P01,95,863,203706,208636,C,D,30+31+32+33+34+35+36+37,[#############os]schnell_als_in_den_letzten_17_Jahren_,2917,208636,211553,13,25+26+27+30+31+32+33+34+35+37+38+39+40+41+56+79,8,211553,215484,C,38+39+40+41+42,in_die_h[h]Höhe_schießen._,False,False,False,2,False,False,False,2,2,False,False,False,2,2,2,False,Benzin schneller als in den letzten 17 Jahren,1.0,94.0
SG12,P01_T2,P01,96,863,211553,215484,C,D,38+39+40+41+42,in_die_h[h]Höhe_schießen._,6334,215484,221818,24,6+11+18+21+22+28+38+39+40+41+161,4,221818,228885,C,43+44+45+46+47+48,Im_vergangen_Jahr_sind_die_P[P]Supera[a]marktpreise_,False,False,False,2,False,False,False,2,2,False,False,False,2,2,2,False,in die Höhe schießen .,1.0,95.0
SG12,P01_T2,P01,97,863,221818,228885,C,D,43+44+45+46+47+48,Im_vergangen_Jahr_sind_die_P[P]Supera[a]marktpreise_,2589,228885,231474,11,49+50+51+69+74+75+76+99,0,231474,233206,I,49+50,mit_alamar,False,False,False,2,False,False,False,2,2,False,False,False,2,2,2,False,Im vergangen Jahr sind die Supermarktpreise,1.0,100.0
SG12,P01_T2,P01,98,863,231474,233206,I,D,49+50,mit_alamar,1607,233206,234813,4,50,4,234813,239930,C,50+51+52+53,[ra]ierender_Geschwindigkeit_gestiegen._,True,False,False,2,True,False,False,1,2,True,False,False,1,2,2,False,mit alamierender,1.0,80.0
SG12,P01_T2,P01,99,863,234813,239930,C,D,50+51+52+53,[ra]ierender_Geschwindigkeit_gestiegen._,1217,239930,241147,6,44+45+53+54+55,1,241147,242629,I,54,Analysten,False,False,False,2,False,False,False,2,2,False,False,False,2,2,2,False,alamierender Geschwindigkeit gestiegen .,1.0,97.0
SG12,P01_T2,P01,100,863,241147,242629,I,D,54,Analysten,2948,242629,245577,14,43+44+47+48+52+54+55+58+59+60+63+82+83+85,3,245577,253127,I,54+55+56+57+58+59+60+61+62+63,"_haben_gewarnt,_dass_die_Preise_weiterhin_steigen_werden",True,False,False,2,False,False,False,2,2,False,False,False,2,2,2,False,Analysten,1.0,100.0
SG12,P01_T2,P01,101,863,245577,253127,I,D,54+55+56+57+58+59+60+61+62+63,"_haben_gewarnt,_dass_die_Preise_weiterhin_steigen_werden",17301,253127,270428,68,4+31+32+45+49+50+52+54+55+56+58+59+60+63+65+66+67+69+70+71+72+74+75+79+82+83+87+93+94+95+99+113+117+118+137,18,270428,270428,I,63,_,True,False,False,2,False,False,False,2,2,False,False,False,2,2,2,False,"Analysten haben gewarnt , dass die Preise weiterhin steigen werden",1.0,98.0
SG12,P01_T2,P01,102,863,270428,270428,I,D,63,_,1841,270428,272269,6,66+67+69+74+75+76,0,272269,278306,I,64+66+67+68+69+70+72+73,"und_die_Bank_of_England_Probleme_haben_wird,_",False,False,False,2,False,False,False,2,2,False,False,False,2,2,2,False,werden,,
SG12,P01_T2,P01,103,863,272269,278306,I,D,64+66+67+68+69+70+72+73,"und_die_Bank_of_England_Probleme_haben_wird,_",14929,278306,293235,56,9+10+11+14+15+16+36+43+45+49+50+51+59+60+63+65+68+69+70+71+72+74+75+79+82+83+85+91+103+118+137+138+139+140+141+142+143+146+147,7,293235,298336,C,74+75+76+77,das_Zinksni[insk]sniveau_zu_senken,False,False,False,2,False,False,False,2,2,True,True,False,1,1,2,False,"und der Bank of England Probleme wird ,",1.0,85.0
SG12,P01_T2,P01,104,863,293235,298336,C,D,74+75+76+77,das_Zinksni[insk]sniveau_zu_senken,26068,298336,324404,99,44+46+52+54+65+66+67+68+69+70+71+72+74+75+76+79+80+82+83+85+86+87+90+91+93+94+95+98+99+100+101+102+103+105+106+107,14,324404,324747,I,65,es_,False,False,False,2,False,False,False,2,2,False,False,False,2,2,2,False,das Zinsniveau zu senken,1.0,100.0
SG12,P01_T2,P01,105,863,324404,324747,I,D,65,es_,1264,324747,326011,4,65+69+70+71+72,1,326011,326245,C,66,[ei]er,False,False,False,2,False,False,False,2,2,False,False,False,2,2,2,False,es,1.0,100.0
SG12,P01_T2,P01,106,863,326011,326245,C,D,66,[ei]er,4836,326245,331081,15,65+70+71+72+74+75,0,331081,336775,C,70+71+72+73,"[,bah]b_ere[ere_]ereiten_widr[########]d,",False,True,False,2,False,False,False,2,2,False,False,False,2,2,2,False,der,1.0,100.0
SG12,P01_T2,P01,107,863,368974,369988,I,D,78+79+80,",_da_sie_",920,369988,370908,5,54+56+77,0,370908,371501,I,81,bereits_,False,False,False,2,False,False,False,2,2,False,False,False,2,2,2,False,", da sie",1.0,100.0
SG12,P01_T2,P01,108,863,370908,371501,I,D,81,bereits_,10296,371501,381797,42,0+43+56+65+69+70+71+72+74+75+77+79+82+83+90+91+101+102+104+106+108+109+110+122+141,0,381797,382093,I,81,mi,True,False,False,2,False,False,False,2,2,True,True,False,1,1,2,False,bereits,1.0,100.0
SG12,P01_T2,P01,109,863,381797,382093,I,D,81,mi,874,382093,382967,2,79+80,0,382967,390065,C,81+82+83+84,"[im_]_damit_kämpft,_die_Inflation_niedrig_",True,True,True,1,True,False,False,1,2,True,True,False,1,1,2,False,bereits,0.0,50.0
SG12,P01_T2,P01,110,863,394277,394277,D,D,84,[######i,1014,394277,395291,4,74+75+80+82+83,0,395291,396336,D,84,[############_eid,True,False,False,2,True,False,False,1,2,True,False,False,1,2,2,False,",",,
SG12,P01_T2,P01,111,863,395291,396336,D,D,84,[############_eid,2465,396336,398801,7,59+60+61+63+65+70+71+72+82+83,0,398801,404246,I,85+86+87+88+89+90+91+92,Inflation_und_Wirtschaft_unter_Kontrolle_zu_halten._,False,False,False,2,False,False,False,2,2,False,False,False,2,2,2,False,",",,
SG12,P01_T2,P01,112,863,398801,404246,I,D,85+86+87+88+89+90+91+92,Inflation_und_Wirtschaft_unter_Kontrolle_zu_halten._,24383,404246,428629,92,0+4+14+15+16+31+32+51+65+66+67+68+69+70+71+72+74+75+76+77+86+87+89+90+91+92+93+94+95+98+99+100+101+102+103+118+120+122+126+127+137+140+146+147,14,428629,432887,I,93+94+95+96+97+98,"Erschwerend_kommt_hinzu,_dass_die_",False,False,False,2,False,False,False,2,2,False,False,False,2,2,2,False,Inflation und Wirtschaft unter Kontrolle zu halten .,1.0,98.0
SG12,P01_T2,P01,113,863,428629,432887,I,D,93+94+95+96+97+98,"Erschwerend_kommt_hinzu,_dass_die_",10468,432887,443355,40,4+5+14+15+16+55+67+68+69+77+85+89+93+94+95+96+98+99+100+103+118+120+139+141+143,11,443355,446194,I,100+99,eskalierenden_Preise_,False,False,False,2,False,False,False,2,2,False,False,False,2,2,2,False,"Erschwerend kommt hinzu , dass die",1.0,97.0
SG12,P01_T2,P01,114,863,443355,446194,I,D,100+99,eskalierenden_Preise_,1498,446194,447692,4,98+99+100,4,447692,447739,I,101,de,False,False,False,2,False,False,False,2,2,False,False,False,2,2,2,False,Preise eskalierenden,0.0,65.0
SG12,P01_T2,P01,115,863,447692,447739,I,D,101,de,2152,447739,449891,10,99+122+124+144+146+147+148+149+150,0,449891,455835,C,101+102+103,n_geh[heg]Gehla[##]ltserhöhungen_voraus,True,False,False,2,True,False,False,1,2,True,False,False,1,2,2,False,den,1.0,100.0
SG12,P01_T2,P01,116,863,449891,455835,C,D,101+102+103,n_geh[heg]Gehla[##]ltserhöhungen_voraus,7613,455835,463448,32,98+99+100+101+102+103+124+140,28,463448,464306,I,103,eilen_,True,False,False,2,False,False,False,2,2,False,False,False,2,2,2,False,den Gehaltserhöhungen vorauseilen,1.0,96.0
SG12,P01_T2,P01,117,863,463448,464306,I,D,103,eilen_,2902,464306,467208,16,51+89+101+102+103+104+105+106+124+142,2,467208,468705,I,104+105,-_besonders_,False,False,False,2,False,False,False,2,2,False,False,False,2,2,2,False,vorauseilen,1.0,100.0
SG12,P01_T2,P01,118,863,467208,468705,I,D,104+105,-_besonders_,3463,468705,472168,16,0+91+92+101+102+103+105+106+122+129+130,1,472168,479563,C,106+107+108+109+110,bezüglich_der_Gehälter_voon[no]n_Krankenpfe[e]legern,False,False,False,2,False,False,False,2,2,False,False,False,2,2,2,False,- besonders,1.0,100.0
SG12,P01_T2,P01,119,863,472168,479563,C,D,106+107+108+109+110,bezüglich_der_Gehälter_voon[no]n_Krankenpfe[e]legern,889,479563,480452,6,113+124+130+158+161,0,480452,485038,I,110+111+112+113+114+115,_und_anderem_Personal_im_Gesundheits,True,False,False,2,False,False,False,2,2,False,False,False,2,2,2,False,bezüglich der Gehälter von Krankenpflegern,1.0,100.0
SG12,P01_T2,P01,120,863,480452,485038,I,D,110+111+112+113+114+115,_und_anderem_Personal_im_Gesundheits,3963,485038,489001,27,50+68+101+102+103+104+105+107+108+109+110+111+112+114+115+156,11,489001,490124,I,115,bereich_,True,False,False,2,False,False,False,2,2,True,False,False,1,2,2,False,Krankenpflegern und anderem Personal im Gesundheitsbereich,1.0,100.0
SG12,P01_T2,P01,121,863,489001,490124,I,D,115,bereich_,4415,490124,494539,20,98+99+100+103+111+112+113+114+115+117+118+120+161,3,494539,494539,D,115,[_,True,False,False,2,True,False,False,1,2,True,False,False,1,2,2,False,Gesundheitsbereich,1.0,100.0
SG12,P01_T2,P01,122,863,494539,494539,D,D,115,[_,1700,494539,496239,7,101+102+103+141+144+148+149+150+161,0,496239,496598,I,115,",_das_",True,False,False,2,False,False,False,2,2,True,False,False,1,2,2,False,Gesundheitsbereich,,
SG12,P01_T2,P01,123,863,496239,496598,I,D,115,",_das_",46598,496598,543196,189,0+4+13+14+15+16+33+34+35+36+50+51+52+54+55+56+59+60+65+69+70+71+72+74+75+76+79+80+82+83+85+91+93+94+95+98+99+100+101+102+103+104+105+106+107+108+109+110+111+112+113+114+115+118+120+121+122+123+124+126+127+128+129+130+131+132+133+137+140+144+146+147+148+149+150,22,543196,545411,I,115,bereits_unter_,True,False,False,2,False,False,False,2,2,True,False,False,1,2,2,False,Gesundheitsbereich,0.0,20.0
SG12,P01_T2,P01,124,863,543196,545411,I,D,115,bereits_unter_,1248,545411,546659,4,91+103,0,546659,550637,C,115,dem_Beharren_der_G[G]Regierung_,True,False,False,2,True,False,False,1,2,True,False,False,1,2,2,False,Gesundheitsbereich,0.0,54.0
SG12,P01_T2,P01,125,863,546659,550637,C,D,115,dem_Beharren_der_G[G]Regierung_,3744,550637,554381,16,106+108+109+110+114+115+161,11,554381,556456,C,115+116+117,"[#############################################_,]._Dieses_",True,False,False,2,True,False,False,1,2,True,False,False,1,2,2,False,Gesundheitsbereich,0.0,39.0
SG12,P01_T2,P01,126,863,554381,556456,C,D,115+116+117,"[#############################################_,]._Dieses_",2543,556456,558999,12,99+118+122+124+161,0,558999,564864,C,118+119+120+121+122+123+124,litt_bereits_unter_dem_Ber[r]harren_der_G[G]Regierung_,False,False,False,2,False,False,False,2,2,False,False,False,2,2,2,False,Gesundheitsbereich . Dieses,1.0,100.0
SG12,P01_T2,P01,127,863,558999,564864,C,D,118+119+120+121+122+123+124,litt_bereits_unter_dem_Ber[r]harren_der_G[G]Regierung_,3557,564864,568421,16,121+122+123+124+128+130+161,13,568421,569248,I,124,darau,True,False,False,2,False,False,False,2,2,True,False,False,1,2,2,False,litt bereits unter dem Beharren der Regierung,1.0,100.0
SG12,P01_T2,P01,128,863,568421,569248,I,D,124,darau,1029,569248,570277,2,124,2,570277,570948,C,124,[#######g]g,True,False,False,2,True,False,False,1,2,True,False,False,1,2,2,False,Regierung,0.0,40.0
SG12,P01_T2,P01,129,863,570277,570948,C,D,124,[#######g]g,1576,570948,572524,7,104+105+122+123+124+144+148+149+150,1,572524,572633,I,125,",_",False,False,False,2,False,False,False,2,2,False,False,False,2,2,2,False,Regierung,,
SG12,P01_T2,P01,130,863,572524,572633,I,D,125,",_",1076,572633,573709,7,101+102+122+124+129+130,0,573709,578577,C,126+127,die_Gehaöts[stö]ltserhöhungen_,False,False,False,2,False,False,False,2,2,False,False,False,2,2,2,False,",",,
SG12,P01_T2,P01,131,863,573709,578577,C,D,126+127,die_Gehaöts[stö]ltserhöhungen_,2371,578577,580948,15,0+80+111+122+124+126+127+128+129+130+144+148+149+150,2,580948,583756,I,128+129+130,im_öffentlichen_Bereich_,False,False,False,2,False,False,False,2,2,False,False,False,2,2,2,False,die Gehaltserhöhungen,1.0,100.0
SG12,P01_T2,P01,132,863,580948,583756,I,D,128+129+130,im_öffentlichen_Bereich_,5585,583756,589341,31,0+59+60+74+75+113+117+118+122+123+124+126+127+128+129+130,3,589341,590074,I,131,unter_,False,False,False,2,False,False,False,2,2,False,False,False,2,2,2,False,im öffentlichen Bereich,1.0,100.0
SG12,P01_T2,P01,133,863,589341,590074,I,D,131,unter_,2028,590074,592102,4,113+117+131+132+133,1,592102,593880,I,132+133,der_Inflationsrate_,False,False,False,2,False,False,False,2,2,False,False,False,2,2,2,False,unter,1.0,100.0
SG12,P01_T2,P01,134,863,592102,593880,I,D,132+133,der_Inflationsrate_,1092,593880,594972,6,126+127+134+135,0,594972,598826,C,134+135+136,zu_haölte[etlö]öten[netö]lten.,False,False,False,2,False,False,False,2,2,False,False,False,2,2,2,False,der Inflationsrate,1.0,100.0
SG12,P01_T2,P01,135,863,594972,598826,C,D,134+135+136,zu_haölte[etlö]öten[netö]lten.,9188,598826,608014,38,126+127+131+132+133+134+135+136+137+138+140+142+161,24,608014,610307,I,136+137+138,_Zusätzlich_zu_,True,False,False,2,False,False,False,2,2,False,False,False,2,2,2,False,zu halten .,1.0,90.0
SG12,P01_T2,P01,136,863,608014,610307,I,D,136+137+138,_Zusätzlich_zu_,1030,610307,611337,3,122+139+143,0,611337,616875,C,138,Lebe[ebeL]BNe[eN]eni[i]zin_und_Lebensmitteln,True,False,False,2,True,False,False,1,2,True,False,False,1,2,2,False,. Zusätzlich zu,1.0,100.0
SG12,P01_T2,P01,137,863,611337,616875,C,D,138,Lebe[ebeL]BNe[eN]eni[i]zin_und_Lebensmitteln,3182,616875,620057,12,138+145+146+147,8,620057,621040,I,138,_steigen_auch_,True,False,False,2,False,False,False,2,2,True,False,False,1,2,2,False,zu,0.0,50.0
SG12,P01_T2,P01,138,863,620057,621040,I,D,138,_steigen_auch_,1248,621040,622288,5,138+139+143+161,2,622288,622288,D,138,[######n,True,False,False,2,True,False,False,1,2,True,False,False,1,2,2,False,zu,0.0,50.0
SG12,P01_T2,P01,139,863,622288,622288,D,D,138,[######n,2278,622288,624566,7,138+146+147+161,3,624566,624566,D,138,[############################n,True,False,False,2,True,False,False,1,2,True,False,False,1,2,2,False,zu,0.0,0.0
SG12,P01_T2,P01,140,863,624566,624566,D,D,138,[############################n,2870,624566,627436,7,138+139+143,5,627436,631742,C,138+139+140+141+142+143,[eB]den_Bezin-_und_Lebensmittelpreisen_,True,False,False,2,True,False,False,1,2,True,False,False,1,2,2,False,zu,0.0,0.0
SG12,P01_T2,P01,141,863,627436,631742,C,D,138+139+140+141+142+143,[eB]den_Bezin-_und_Lebensmittelpreisen_,2449,631742,634191,10,0+122+124,0,634191,634363,I,144,sch,False,False,False,2,False,False,False,2,2,False,False,False,2,2,2,False,zu den Bezin - und Lebensmittelpreisen,1.0,97.0
SG12,P01_T2,P01,142,863,634191,634363,I,D,144,sch,1653,634363,636016,5,77+139+143,0,636016,643551,C,144+145+146+147+148+149+150+151,ießen_auch_die_Stromrechnungen_in_dei_Hö[öH_ie]ie_Höhe._,True,True,True,1,True,False,False,1,2,True,True,False,1,1,2,False,schießen,1.0,100.0
SG12,P01_T2,P01,143,863,645704,647748,I,D,152,Fünf_von_sechs_,1903,647748,649651,6,152+153,5,649651,653800,C,152+153+154+155,[########ov]der_sechs_gro[o]ü[ü]ößte_,True,False,False,2,True,False,False,1,2,True,False,False,1,2,2,False,Fünf,1.0,100.0
SG12,P01_T2,P01,144,863,649651,653800,C,D,152+153+154+155,[########ov]der_sechs_gro[o]ü[ü]ößte_,1061,653800,654861,5,87+137+155+156+160,1,654861,656764,I,156+157,Anbieter_haben_,False,False,False,2,False,False,False,2,2,False,False,False,2,2,2,False,Fünf der sechs größten,1.0,100.0
SG12,P01_T2,P01,145,863,654861,656764,I,D,156+157,Anbieter_haben_,1358,656764,658122,7,13+137+138+159,0,658122,658402,I,158,ihre_,False,False,False,2,False,False,False,2,2,False,False,False,2,2,2,False,Anbieter haben,1.0,100.0
SG12,P01_T2,P01,146,863,658122,658402,I,D,158,ihre_,27519,658402,685921,117,2+4+6+7+8+14+15+16+30+31+32+33+34+35+36+38+39+40+41+50+65+69+70+71+72+76+98+99+100+105+113+117+120+124+126+127+137+138+139+140+142+143+144+145+146+147+148+149+150+155+156+157+158+159+161,4,685921,689899,C,158+159+160+161,Rec[ceR]RPe[ePR]Preise_erhöht.,True,False,False,2,True,False,False,1,2,True,False,False,1,2,2,False,ihre,1.0,100.0
SG12,P01_T2,P01,147,863,685921,689899,C,D,158+159+160+161,Rec[ceR]RPe[ePR]Preise_erhöht.,10764,689899,700663,48,2+4+6+7+9+10+11+14+15+16+18+19+21+22+33+34+35+38+39+40+41+49+50+51+52+54+55+89+141,0,700663,700757,I,31,er,False,False,False,2,False,False,False,2,2,False,False,False,2,2,2,False,ihre Preise erhöht .,1.0,93.0
SG12,P02_T3,P02,1,1247,113319,118732,I,D,1+2,Spielberg_zeigt_,2356,118732,121088,2,1,2,121088,126143,I,3+4+5+6,Peking_die_Rote_Karte_,False,False,False,2,False,False,False,2,2,False,False,False,2,2,2,False,Spielberg zeigt,1.0,100.0
SG12,P02_T3,P02,2,1247,121088,126143,I,D,3+4+5+6,Peking_die_Rote_Karte_,1388,126143,127531,0,,0,127531,129918,I,8,für_Darfur,False,False,False,2,False,False,False,2,2,False,False,False,2,2,2,False,Peking die Rote Karte,1.0,100.0
SG12,P02_T3,P02,3,1247,127531,129918,I,D,8,für_Darfur,3931,129918,133849,17,1+6+7+8+12+17+19+83,6,133849,134067,I,8,__,True,False,False,2,False,False,False,2,2,True,False,False,1,2,2,False,Darfur,1.0,100.0
SG12,P02_T3,P02,4,1247,133849,134067,I,D,8,__,60685,134067,194752,242,1+3+4+5+6+7+8+16+17+18+19+20+21+22+23+25+26+28+32+33+34+35+36+37+39+41+42+43+44+45+46+47+48+49+50+56+68+69+83+93+111+118+119+121+122+133+149+153+156+159+160+163+164,78,194752,196733,C,10+11+8+9,[_]Es_ist_eine,True,False,False,2,True,False,False,1,2,True,False,False,1,2,2,False,Darfur,,
SG12,P02_T3,P02,5,1247,194752,196733,C,D,10+11+8+9,[_]Es_ist_eine,50700,196733,247433,179,2+3+4+5+6+7+8+11+12+16+17+18+19+20+21+22+23+44+45+46+47+48+49+68+83+111+119+120+121+122+133+149+153+156+160+163+164,103,247433,255389,I,11+12+13+15+17+18+19,"_Geste,_die_die_chinesische_Regierung_sicher",True,False,False,2,False,False,False,2,2,False,False,False,2,2,2,False,ist eine Darfur Es,0.0,73.0
SG12,P02_T3,P02,6,1247,247433,255389,I,D,11+12+13+15+17+18+19,"_Geste,_die_die_chinesische_Regierung_sicher",13619,255389,269008,59,2+4+5+6+8+14+15+16+17+18+19+39+45+73+83+89+90+120+133+136+153+156+160+163,35,269008,270631,C,19+20+21,_in_Aufr[r,True,False,False,2,True,False,False,1,2,True,False,False,1,2,2,False,"eine Geste , die chinesische Regierung sicher",1.0,91.0
SG12,P02_T3,P02,7,1247,269008,270631,C,D,19+20+21,_in_Aufr[r,2745,270631,273376,15,0+17+19+20+21+22+23+25,11,273376,276746,C,21+22,regung_b[b]versetzen_,True,False,False,2,True,False,False,1,2,True,False,False,1,2,2,False,sicher in Aufregung,1.0,78.0
SG12,P02_T3,P02,8,1247,273376,276746,C,D,21+22,regung_b[b]versetzen_,3775,276746,280521,16,16+17+20+21+22+23+25+41+42+43+47+50+51+53+54,6,280521,281551,C,22,[_ne]t,True,True,True,1,True,False,False,1,2,True,True,False,1,1,2,False,Aufregung versetzt,1.0,88.0
SG12,P02_T3,P02,9,1247,287869,287869,I,D,22,e,9390,287869,297259,23,3+4+5+6+8+14+15+17+18+19+20+21+22+23,7,297259,298399,C,14,[die_]durch_,False,True,False,2,False,False,False,2,2,True,False,False,1,2,2,False,versetzt,,
SG12,P02_T3,P02,10,1247,297259,298399,C,D,14,[die_]durch_,4586,298399,302985,16,14+15+17+18+19+20+21+22+23,1,302985,303750,I,16,die_,False,False,False,2,False,False,False,2,2,False,False,False,2,2,2,False,durch,1.0,100.0
SG12,P02_T3,P02,11,1247,302985,303750,I,D,16,die_,2324,303750,306074,6,19+20+21+22+23,0,306074,308445,C,22+23+24,[e]_wurde:_,False,False,False,2,False,False,False,2,2,False,False,False,2,2,2,False,die,1.0,100.0
SG12,P02_T3,P02,12,1247,306074,308445,C,D,22+23+24,[e]_wurde:_,1264,308445,309709,5,8+20+21+22+23,2,309709,312096,I,25+26,Steven_Spiel,False,False,False,2,False,False,False,2,2,False,False,False,2,2,2,False,versetzt wurde :,1.0,83.0
SG12,P02_T3,P02,13,1247,309709,312096,I,D,25+26,Steven_Spiel,36660,312096,348756,180,4+5+6+7+8+16+17+18+19+20+21+22+23+25+26+28+32+33+34+35+36+37+39+45+53+54+58+60+69+83+89+97+99+105+113+114+140+159,4,348756,352516,I,26+29,berg_hat_seine_Teil,True,False,False,2,False,False,False,2,2,False,False,False,2,2,2,False,Steven Spielberg,1.0,100.0
SG12,P02_T3,P02,14,1247,348756,352516,I,D,26+29,berg_hat_seine_Teil,1450,352516,353966,8,25+26+159,3,353966,354325,I,29,nah,True,False,False,2,False,False,False,2,2,True,True,True,1,1,1,False,Spielberg seiner,0.0,62.0
SG12,P02_T3,P02,15,1247,353966,354325,I,D,29,nah,45662,354325,399987,187,1+2+4+5+6+7+8+12+14+15+16+17+18+19+20+21+22+23+25+26+32+37+48+49+52+53+55+56+57+69+70+83+89+90+91+92+98+100+111+118+119+120+121+122+133+159,0,399987,404480,C,29+34,[hanlieT_eni]ine_Teilnahme_,True,True,True,1,True,True,True,1,1,True,True,True,1,1,1,False,seiner,0.0,33.0
SG12,P02_T3,P02,16,1247,423730,430984,C,D,34+35+36+37,[#####eio]piem[m]len_in_Peking_zurück,6442,430984,437426,24,14+15+16+17+18+19+20+21+22+23+25+26+159,0,437426,440063,C,27+28,[hat_]is[s]st_von_,False,True,False,2,False,False,False,2,2,False,False,False,2,2,2,False,Spielen in Peking zurückgetreten,1.0,100.0
SG12,P02_T3,P02,17,1247,437426,440063,C,D,27+28,[hat_]is[s]st_von_,5616,440063,445679,23,14+15+17+18+20+21+22+23+25+26+32,0,445679,445679,I,29,r,False,False,False,2,False,False,False,2,2,False,False,False,2,2,2,False,ist von,1.0,100.0
SG12,P02_T3,P02,18,1247,445679,445679,I,D,29,r,2433,445679,448112,4,33+34+154+155+158,0,448112,449642,C,7,[für_]wegen_,False,True,False,2,False,False,False,2,2,False,False,False,2,2,2,False,seiner,,
SG12,P02_T3,P02,19,1247,448112,449642,C,D,7,[für_]wegen_,1778,449642,451420,6,19+20+21+22+23+33+34,0,451420,452309,I,37,getreten,False,False,False,2,False,False,False,2,2,False,False,False,2,2,2,False,wegen,1.0,100.0
SG12,P02_T3,P02,20,1247,451420,452309,I,D,37,getreten,5289,452309,457598,24,1+8+17+19+20+21+22+23+25+33+34+159,0,457598,458425,I,38+39,",_weil_",False,False,False,2,False,False,False,2,2,False,False,False,2,2,2,False,zurückgetreten,1.0,100.0
SG12,P02_T3,P02,21,1247,457598,458425,I,D,38+39,",_weil_",3385,458425,461810,13,20+21+22+23+33+34+37+39+65+66+68+83,1,461810,474727,C,40+41+42+43+44+45+46+47+48,China_wei[iew]siuc[cu]ch_weiterhin_hinter_die_Politik_des_Sudan_in_,False,False,False,2,False,False,False,2,2,False,False,False,2,2,2,False,", weil",1.0,100.0
SG12,P02_T3,P02,22,1247,461810,474727,C,D,40+41+42+43+44+45+46+47+48,China_wei[iew]siuc[cu]ch_weiterhin_hinter_die_Politik_des_Sudan_in_,2964,474727,477691,14,40+41+42+43+44+45+46+48+49+50,11,477691,481170,I,49+50+51,Darfur_stellt._,False,False,False,2,False,False,False,2,2,False,False,False,2,2,2,False,China sich weiterhin hinter die Politik des Sudan in,1.0,100.0
SG12,P02_T3,P02,23,1247,477691,481170,I,D,49+50+51,Darfur_stellt._,60403,481170,541573,307,0+4+5+6+7+8+14+15+16+17+18+19+20+21+22+23+25+26+33+34+35+36+37+39+40+41+42+43+45+47+48+49+50+51+52+53+54+55+56+57+58+59+60+62+70+71+72+73+74+83+89+111+112+113+118+119+120+121+122+133+138+150+152+153+154+156+157+158+159,10,541573,551729,C,52+53+54+55+56+57,Sein_Rp[p]ückz[z]tritt_steht_im_Zusammenhand[d]g_mi,False,False,False,2,False,False,False,2,2,False,False,False,2,2,2,False,Darfur stellt .,1.0,93.0
SG12,P02_T3,P02,24,1247,541573,551729,C,D,52+53+54+55+56+57,Sein_Rp[p]ückz[z]tritt_steht_im_Zusammenhand[d]g_mi,2231,551729,553960,10,55+57+58+59+60,4,553960,555270,I,57+58+59,t_den_a,True,False,False,2,False,False,False,2,2,False,False,False,2,2,2,False,Sein Rücktritt steht im Zusammenhang mit,1.0,100.0
SG12,P02_T3,P02,25,1247,553960,555270,I,D,57+58+59,t_den_a,2059,555270,557329,8,55+56+58+59+60,4,557329,564677,I,59+60+61+62,ufbrandenden_Kämpfen_in_Darfur,True,False,False,2,False,False,False,2,2,False,False,False,2,2,2,False,mit den aufbrandenden,1.0,100.0
SG12,P02_T3,P02,26,1247,557329,564677,I,D,59+60+61+62,ufbrandenden_Kämpfen_in_Darfur,1794,564677,566471,12,0+41+42+43+44+46+47+49+50+55+62,1,566471,567579,I,62+63,_und_,True,False,False,2,False,False,False,2,2,False,False,False,2,2,2,False,aufbrandenden Kämpfen in Darfur,1.0,100.0
SG12,P02_T3,P02,27,1247,566471,567579,I,D,62+63,_und_,50918,567579,618497,222,1+3+4+5+6+7+8+16+17+20+21+22+23+37+45+47+48+52+53+54+55+56+57+58+59+60+61+62+65+66+67+68+69+70+71+72+73+74+76+77+79+80+81+82+83+89+90+91+94+95+118+119+120+133+135+136+137+138+156+159+160+161+163+164,12,618497,620369,I,64+65,soll_China_,False,False,False,2,False,False,False,2,2,False,False,False,2,2,2,False,Darfur und,1.0,100.0
SG12,P02_T3,P02,28,1247,618497,620369,I,D,64+65,soll_China_,9719,620369,630088,41,61+62+63+71+72+74+76+77+88+89+90+91+92+93+94+95+99+121+122,0,630088,633770,I,66+67+68,"bloßstellen,_das_",False,False,False,2,False,False,False,2,2,False,False,False,2,2,2,False,soll China,1.0,100.0
SG12,P02_T3,P02,29,1247,630088,633770,I,D,66+67+68,"bloßstellen,_das_",35958,633770,669728,221,1+6+7+8+16+17+18+19+20+21+22+23+33+34+35+36+37+39+45+48+52+53+55+56+58+59+60+61+62+66+68+69+70+71+72+74+79+80+81+82+83+88+91+93+97+105+112+119+121+122+159+164,12,669728,672926,I,68,die_Eskalationen_,True,False,False,2,False,False,False,2,2,True,True,True,1,1,1,False,"bloßstellen , das",1.0,94.0
SG12,P02_T3,P02,30,1247,669728,672926,I,D,68,die_Eskalationen_,5803,672926,678729,23,18+33+34+54+89+91+92+93+96+97+99+105,0,678729,679696,D,68,[#######alaksE,True,False,False,2,True,False,False,1,2,True,True,True,1,1,1,False,das,0.0,33.0
SG12,P02_T3,P02,31,1247,678729,679696,D,D,68,[#######alaksE,26474,679696,706170,108,66+68+89+90+91+92+93+96+97+98+99+100+101+102+103+104+105+113+120+133,7,706170,707293,I,68,schlechte,True,False,False,2,False,False,False,2,2,True,True,True,1,1,1,False,das,0.0,67.0
SG12,P02_T3,P02,32,1247,706170,707293,I,D,68,schlechte,6880,707293,714173,30,7+8+33+34+55+66+68+91+92+93+96+97+99+105+119,6,714173,714578,I,68,n_,True,False,False,2,False,False,False,2,2,True,True,True,1,1,1,False,das,0.0,33.0
SG12,P02_T3,P02,33,1247,714173,714578,I,D,68,n_,2793,714578,717371,10,66+68+121+122,7,717371,720865,I,68+71+72,Nebeneffekte_der_guten_,True,False,False,2,False,False,False,2,2,True,True,True,1,1,1,False,das,,
SG12,P02_T3,P02,34,1247,717371,720865,I,D,68+71+72,Nebeneffekte_der_guten_,2449,720865,723314,15,35+36+56+72+74+97+99+101+105+113+159,3,723314,727994,C,72+73+74+75+76,[_netug]engen_Beziehungen_mit_dem_,True,True,True,1,True,False,False,1,2,True,True,True,1,1,1,False,das über die,0.0,42.0
SG12,P02_T3,P02,35,1247,730475,730849,I,D,76,Sud,2231,730849,733080,15,37+40+59+72+74+76+77+161+162,1,733080,739273,C,76+77,[duS]aude[edua]sudanesischen,True,False,False,2,True,False,False,1,2,True,False,False,1,2,2,False,der,0.0,33.0
SG12,P02_T3,P02,36,1247,733080,739273,C,D,76+77,[duS]aude[edua]sudanesischen,3198,739273,742471,22,73+75+76+77,20,742471,742518,C,76,[m]r,True,False,False,2,True,False,False,1,2,True,False,False,1,2,2,False,der sudanesischen,1.0,100.0
SG12,P02_T3,P02,37,1247,742471,742518,C,D,76,[m]r,2980,742518,745498,26,72+74+76+77,5,745498,747027,I,77+78,_Regierung,False,False,False,2,False,False,False,2,2,False,False,False,2,2,2,False,der,,
SG12,P02_T3,P02,38,1247,745498,747027,I,D,77+78,_Regierung,3354,747027,750381,21,68+72+73+74+76+77+78+112+113+114+120+121+122,3,750381,751956,I,78+79,_gerne_,True,False,False,2,False,False,False,2,2,False,False,False,2,2,2,False,sudanesischen Regierung,1.0,100.0
SG12,P02_T3,P02,39,1247,750381,751956,I,D,78+79,_gerne_,2761,751956,754717,0,,0,754717,761691,C,80+81+82+83+84,unter_Verschluss_gehalten_hätten-.[.-].,False,False,False,2,False,False,False,2,2,False,False,False,2,2,2,False,Regierung gerne,1.0,100.0
SG12,P02_T3,P02,40,1247,754717,761691,C,D,80+81+82+83+84,unter_Verschluss_gehalten_hätten-.[.-].,4352,761691,766043,37,54+55+56+68+72+74+107+108+155,0,766043,766043,D,68,[e,False,False,False,2,False,False,False,2,2,True,False,False,1,2,2,False,unter Verschluss gehalten hätten .,1.0,97.0
SG12,P02_T3,P02,41,1247,766043,766043,D,D,68,[e,1248,766043,767291,3,68,3,767291,772392,C,68+71,[_eid######################]schlechte_Presse_über,True,True,True,1,True,False,False,1,2,True,True,True,1,1,1,False,das,0.0,0.0
SG12,P02_T3,P02,42,1247,774389,775341,C,D,72,[re]ie,13385,775341,788726,78,18+19+20+21+22+23+25+32+33+34+37+39+41+42+43+50+56+59+61+62+68+71+72+73+74+77+78+92+114+159,5,788726,792953,C,68+69+70,[Presse_ü_ethcelhcs]negative_Beric,False,True,False,2,False,True,False,2,2,False,False,False,2,2,2,False,die,1.0,100.0
SG12,P02_T3,P02,43,1247,794388,794841,I,D,70,hte_,1263,794841,796104,1,72+74,0,796104,796104,I,71,ü,False,False,False,2,False,False,False,2,2,False,False,False,2,2,2,False,Berichte,1.0,100.0
SG12,P02_T3,P02,44,1247,796104,796104,I,D,71,ü,2871,796104,798975,18,70+71+72+73+74+79+80+81+82+83+92+93+98+99+100+141+164,1,798975,799942,C,84,_b[b,False,False,False,2,False,False,False,2,2,False,False,False,2,2,2,False,über,,
SG12,P02_T3,P02,45,1247,798975,799942,C,D,84,_b[b,12168,799942,812110,72,79+80+81+82+88+89+90+91+92+93+94+95+96+97+99+101+102+103+104+105+110+113+118+121+122+123+124+133+150,0,812110,813655,I,85+86+87,"China,_das_",False,False,False,2,False,False,False,2,2,False,False,False,2,2,2,False,.,,
SG12,P02_T3,P02,46,1247,812110,813655,I,D,85+86+87,"China,_das_",5491,813655,819146,12,88+89,0,819146,819879,I,87,tiefe,True,False,False,2,False,False,False,2,2,True,False,False,1,2,2,False,"China , das",1.0,90.0
SG12,P02_T3,P02,47,1247,819146,819879,I,D,87,tiefe,2106,819879,821985,10,87+118+119+120,5,821985,822859,D,87,[efeit,True,False,False,2,True,False,False,1,2,True,False,False,1,2,2,False,das,0.0,0.0
SG12,P02_T3,P02,48,1247,821985,822859,D,D,87,[efeit,1404,822859,824263,0,,0,824263,824465,I,88,hoh,False,False,False,2,False,False,False,2,2,False,False,False,2,2,2,False,das,0.0,0.0
SG12,P02_T3,P02,49,1247,824263,824465,I,D,88,hoh,1420,824465,825885,8,88+119+121+122,5,825885,825885,I,88,e,True,False,False,2,False,False,False,2,2,False,False,False,2,2,2,False,hohe,1.0,100.0
SG12,P02_T3,P02,50,1247,825885,825885,I,D,88,e,1248,825885,827133,6,56+71+72+74+79+80+81+82+93,0,827133,834247,I,88+89+90+91+92,_Investitionen_in_die_sudanesische_,True,False,False,2,False,False,False,2,2,False,False,False,2,2,2,False,hohe,,
SG12,P02_T3,P02,51,1247,827133,834247,I,D,88+89+90+91+92,_Investitionen_in_die_sudanesische_,3354,834247,837601,21,72+74+79+80+81+82+92,7,837601,845011,C,93+94+95,Öl[l]lindustrie_getätigt_hat,False,False,False,2,False,False,False,2,2,False,False,False,2,2,2,False,hohe Investitionen in die sudanesische,1.0,100.0
SG12,P02_T3,P02,52,1247,837601,845011,C,D,93+94+95,Öl[l]lindustrie_getätigt_hat,4415,845011,849426,25,77+93+94+95+112+113+114+121+122,8,849426,856726,C,100+96+97+98+99,",_hält_eine_enge_Verin[ni]bindung",False,False,False,2,False,False,False,2,2,False,False,False,2,2,2,False,Ölindustrie getätigt hat,1.0,100.0
SG12,P02_T3,P02,53,1247,849426,856726,C,D,100+96+97+98+99,",_hält_eine_enge_Verin[ni]bindung",2106,856726,858832,11,99+113+114+115,1,858832,858832,I,100,_,True,False,False,2,False,False,False,2,2,False,False,False,2,2,2,False,"Verbindung , hält eine enge",0.0,59.0
SG12,P02_T3,P02,54,1247,858832,858832,I,D,100,_,2231,858832,861063,8,94+95+97+105+113+114+116+117,0,861063,866835,I,101+102+103+104+105,zur_Regierung_des_Landes_aufrecht,False,False,False,2,False,False,False,2,2,False,False,False,2,2,2,False,Verbindung,,
SG12,P02_T3,P02,55,1247,861063,866835,I,D,101+102+103+104+105,zur_Regierung_des_Landes_aufrecht,3526,866835,870361,20,88+89+91+93+94+95+97+101+102+103+104+105+106,3,870361,872763,I,106+107+108,",_aus_der_",False,False,False,2,False,False,False,2,2,False,False,False,2,2,2,False,zur Regierung des Landes aufrecht,1.0,100.0
SG12,P02_T3,P02,56,1247,870361,872763,I,D,106+107+108,",_aus_der_",1654,872763,874417,7,110+119+123+124,0,874417,874885,I,109,ein_,False,False,False,2,False,False,False,2,2,False,False,False,2,2,2,False,", aus der",1.0,100.0
SG12,P02_T3,P02,57,1247,874417,874885,I,D,109,ein_,2917,874885,877802,13,110+113+114+116+118+119+120,0,877802,883059,C,109+110+111+112,mini[inim]Minister_vor_derm_,True,False,False,2,True,False,False,1,2,True,False,False,1,2,2,False,ein,1.0,100.0
SG12,P02_T3,P02,58,1247,877802,883059,C,D,109+110+111+112,mini[inim]Minister_vor_derm_,1623,883059,884682,6,112+113+114,2,884682,886897,I,112,Internationalen_,True,False,False,2,False,False,False,2,2,True,True,False,1,1,2,False,ein Minister vor dem,1.0,94.0
SG12,P02_T3,P02,59,1247,884682,886897,I,D,112,Internationalen_,59062,886897,945959,249,0+1+3+4+5+6+7+8+14+15+18+20+21+22+23+25+26+28+33+34+35+36+37+39+44+45+46+47+48+49+52+53+54+56+57+58+59+60+68+69+70+72+74+75+76+77+79+80+81+82+83+89+92+93+97+98+99+100+101+102+103+104+105+107+108+109+110+112+113+114+123+124+134+150,32,945959,959859,C,112+113+114+115+116+117,"[##############nI_mr],[,]m_Internationalen_Strafgerichtshof_in_Demn[nm]n_Haar[r]g",True,True,True,1,True,False,False,1,2,True,True,False,1,1,2,False,dem,0.0,33.0
SG12,P02_T3,P02,60,1247,964648,970529,I,D,117+118+119+120+121+122,_wegen_Verbrechen_gegen_die_Menschla,1903,970529,972432,11,121+122+165,8,972432,974304,C,122,[al]enrechte,True,False,False,2,True,False,False,1,2,True,False,False,1,2,2,False,Haag wegen Verbrechen gegen die Menschlichkeit,1.0,97.0
SG12,P02_T3,P02,61,1247,972432,974304,C,D,122,[al]enrechte,4556,974304,978860,27,121+122+127+133+136+137+138+139+140+144+165,13,978860,981839,C,122,[####erne]lichkeit_,True,False,False,2,True,False,False,1,2,True,False,False,1,2,2,False,Menschlichkeit,0.0,50.0
SG12,P02_T3,P02,62,1247,978860,981839,C,D,122,[####erne]lichkeit_,2091,981839,983930,14,111+113+114+115+116+119+121+122,6,983930,986114,I,123+125,angeklagt_wird,False,False,False,2,False,False,False,2,2,False,False,False,2,2,2,False,Menschlichkeit,1.0,100.0
SG12,P02_T3,P02,63,1247,983930,986114,I,D,123+125,angeklagt_wird,3307,986114,989421,16,76+101+110+112+113+114+116+118+121+122+123+124+134,4,989421,990170,I,125,._,True,False,False,2,False,False,False,2,2,False,False,False,2,2,2,False,angeklagt .,1.0,91.0
SG12,P02_T3,P02,64,1247,989421,990170,I,D,125,._,13151,990170,1003321,64,121+122+123+124+127+133+134+135+136+138+139+140+141+142+143+144+145,0,1003321,1005785,C,126+127,Obwohl_So[o,False,False,False,2,False,False,False,2,2,False,False,False,2,2,2,False,.,,
SG12,P02_T3,P02,65,1247,1003321,1005785,C,D,126+127,Obwohl_So[o,2138,1005785,1007923,11,127+144+150+152+153+154+161+165,2,1007923,1010621,C,127,pei[ie]ielhb[bh,True,False,False,2,True,False,False,1,2,True,False,False,1,2,2,False,Obwohl Spielberg,0.0,73.0
SG12,P02_T3,P02,66,1247,1007923,1010621,C,D,127,pei[ie]ielhb[bh,1529,1010621,1012150,8,113+119+127+143+144+145+162,1,1012150,1013991,C,127,[l]lberg_,True,False,False,2,True,False,False,1,2,True,False,False,1,2,2,False,Spielberg,0.0,56.0
SG12,P02_T3,P02,67,1247,1012150,1013991,C,D,127,[l]lberg_,2543,1013991,1016534,11,133+136+141+150+152+153,0,1016534,1028905,I,128+129+132+133+134+135,immer_wieder_betont_dass_hauptsächlich_Khartoum_die_,False,False,False,2,False,False,False,2,2,False,False,False,2,2,2,False,Spielberg,1.0,100.0
SG12,P02_T3,P02,68,1247,1016534,1028905,I,D,128+129+132+133+134+135,immer_wieder_betont_dass_hauptsächlich_Khartoum_die_,4290,1028905,1033195,15,128+129+130+133+134+135+136+141+165,9,1033195,1042165,I,136+137+138+139+140,Verantwortung_für_die_andauernde_Garusamkeit,False,False,False,2,False,False,False,2,2,False,False,False,2,2,2,False,immer wieder dass hauptsächlich Khartoum die,1.0,84.0
SG12,P02_T3,P02,69,1247,1033195,1042165,I,D,136+137+138+139+140,Verantwortung_für_die_andauernde_Garusamkeit,2199,1042165,1044364,11,133+136+138+139+140+141,9,1044364,1044364,I,140,_,True,False,False,2,False,False,False,2,2,False,False,False,2,2,2,False,Verantwortung für die andauernden Grausamkeiten,1.0,95.0
SG12,P02_T3,P02,70,1247,1044364,1044364,I,D,140,_,2840,1044364,1047204,12,128+129+130+136+138+139+140+165,3,1047204,1050105,I,141+142,"trägt,_",False,False,False,2,False,False,False,2,2,False,False,False,2,2,2,False,Grausamkeiten,,
SG12,P02_T3,P02,71,1247,1047204,1050105,I,D,141+142,"trägt,_",3838,1050105,1053943,21,126+127+128+129+130+133+135+139+141+142+143+144+145+162,5,1053943,1055206,I,142,hebt_er_,True,False,False,2,False,False,False,2,2,True,False,False,1,2,2,False,"trägt ,",1.0,83.0
SG12,P02_T3,P02,72,1247,1053943,1055206,I,D,142,hebt_er_,3058,1055206,1058264,17,123+124+126+128+129+130+132+133+134+135+136+138+139+142+143+145,5,1058264,1058841,D,142,[####beh,True,False,False,2,True,False,False,1,2,True,False,False,1,2,2,False,",",,
SG12,P02_T3,P02,73,1247,1058264,1058841,D,D,142,[####beh,2776,1058841,1061617,15,128+129+130+135+143+145,0,1061617,1066049,C,130+131,"[betont_]hervor_[_]hebt,_",False,True,False,2,False,False,False,2,2,False,False,False,2,2,2,False,",",,
SG12,P02_T3,P02,74,1247,1061617,1066049,C,D,130+131,"[betont_]hervor_[_]hebt,_",1326,1066049,1067375,2,140+142,0,1067375,1076859,C,143+144+145+146+147+148+149+150,"betont_er_auch,_dass_sie_[_eis]die_Internationale_Gemeinschaft",False,True,False,2,False,False,False,2,2,False,False,False,2,2,2,False,"hervorhebt ,",1.0,91.0
SG12,P02_T3,P02,75,1247,1067375,1076859,C,D,143+144+145+146+147+148+149+150,"betont_er_auch,_dass_sie_[_eis]die_Internationale_Gemeinschaft",1248,1076859,1078107,6,76+140+143+145+152+153,1,1078107,1089137,I,151+152+153+154+155+156+157+158+159+160+161+162+163+164+165,",_und_insbesondere_China,_mehr_tun_sollte,_um_das_Leiden_zu_beenden.",False,False,False,2,False,False,False,2,2,False,False,False,2,2,2,False,"betont er auch , dass die Internationale Gemeinschaft",1.0,98.0
SG12,P02_T3,P02,76,1247,1078107,1089137,I,D,151+152+153+154+155+156+157+158+159+160+161+162+163+164+165,",_und_insbesondere_China,_mehr_tun_sollte,_um_das_Leiden_zu_beenden.",36909,1089137,1126046,180,3+4+5+8+12+14+15+17+18+19+20+21+22+23+25+26+37+52+53+54+56+57+58+59+60+62+64+69+70+71+72+73+74+75+76+77+78+79+80+81+82+92+98+100+107+108+115+120+121+122+123+124+126+140+150+151+152+153+158+159,13,1126046,1126359,C,124,[wird]ist,False,False,False,2,False,False,False,2,2,False,False,False,2,2,2,False,", und insbesondere China , mehr tun sollte , um das Leiden zu beenden .",1.0,97.0
SG12,P02_T4,P02,77,1216,93975,100808,I,D,1+2,Obschon_Entwicklungsländer,1919,100808,102727,9,1+2,9,102727,102727,I,2,_,True,False,False,2,False,False,False,2,2,False,False,False,2,2,2,False,Obschon Entwicklungsländer,1.0,100.0
SG12,P02_T4,P02,78,1216,102727,102727,I,D,2,_,7659,102727,110386,33,1+2+3+4+5+6+7+9+10+11+88+103+105+106+107,4,110386,113225,I,3,verständlicherwes,False,False,False,2,False,False,False,2,2,False,False,False,2,2,2,False,Entwicklungsländer,,
SG12,P02_T4,P02,79,1216,110386,113225,I,D,3,verständlicherwes,1436,113225,114661,0,,0,114661,116657,C,3,´[s´]ise_,True,False,False,2,True,False,False,1,2,True,False,False,1,2,2,False,verständlicherweise,1.0,94.0
SG12,P02_T4,P02,80,1216,114661,116657,C,D,3,´[s´]ise_,6521,116657,123178,22,3+4+5+6+7+9+10,5,123178,131774,C,10+4+5+6+7+8+9,"nicht_gerne_bereit_siu[ui]ind,_Abstruche_bei_",False,False,False,2,False,False,False,2,2,False,False,False,2,2,2,False,verständlicherweise,1.0,100.0
SG12,P02_T4,P02,81,1216,123178,131774,C,D,10+4+5+6+7+8+9,"nicht_gerne_bereit_siu[ui]ind,_Abstruche_bei_",3884,131774,135658,14,9+10+12+13+19+20,9,135658,139808,I,11+12+13,ihren_Bemühungen_um_,False,False,False,2,False,False,False,2,2,True,False,False,1,2,2,False,"bei nicht gerne bereit sind , Abstriche",1.0,87.0
SG12,P02_T4,P02,82,1216,135658,139808,I,D,11+12+13,ihren_Bemühungen_um_,1420,139808,141228,6,9+10+12+19+20+78,3,141228,146142,I,14+15,bessere_Lebensbedingungen_,False,False,False,2,False,False,False,2,2,False,False,False,2,2,2,False,ihren Bemühungen um,1.0,100.0
SG12,P02_T4,P02,83,1216,141228,146142,I,D,14+15,bessere_Lebensbedingungen_,1918,146142,148060,5,15+16,1,148060,154441,I,16+17+18+19+20+21+22,"für_die_Armen_zu_machen,_muss_",False,False,False,2,False,False,False,2,2,False,False,False,2,2,2,False,bessere Lebensbedingungen,1.0,100.0
SG12,P02_T4,P02,84,1216,148060,154441,I,D,16+17+18+19+20+21+22,"für_die_Armen_zu_machen,_muss_",5366,154441,159807,15,4+5+6+22+23+24+25+26+27+28,3,159807,161835,I,23+24,das_Handeln_,False,False,False,2,False,False,False,2,2,False,False,False,2,2,2,False,"für die Armen zu machen , muss",1.0,97.0
SG12,P02_T4,P02,85,1216,159807,161835,I,D,23+24,das_Handeln_,1810,161835,163645,10,22+23+24+34+56+102+104,4,163645,164082,I,25,gegen,False,False,False,2,False,False,False,2,2,False,False,False,2,2,2,False,das Handeln,1.0,100.0
SG12,P02_T4,P02,86,1216,163645,164082,I,D,25,gegen,2667,164082,166749,10,3+4+5+6+7+9+10+15+17,0,166749,173426,C,25+26+27+28,_den_Klimawandelö[ö]_nicht_,True,False,False,2,True,False,False,1,2,True,False,False,1,2,2,False,gegen,1.0,100.0
SG12,P02_T4,P02,87,1216,166749,173426,C,D,25+26+27+28,_den_Klimawandelö[ö]_nicht_,1264,173426,174690,2,108,0,174690,174783,I,29,un,False,False,False,2,False,False,False,2,2,False,False,False,2,2,2,False,gegen den Klimawandel nicht,1.0,100.0
SG12,P02_T4,P02,88,1216,174690,174783,I,D,29,un,1545,174783,176328,7,26+27,0,176328,178902,I,29+30+31,beding_ein_Hemmnis_,True,False,False,2,False,False,False,2,2,False,False,False,2,2,2,False,unbeding,1.0,100.0
SG12,P02_T4,P02,89,1216,176328,178902,I,D,29+30+31,beding_ein_Hemmnis_,2215,178902,181117,10,11+12+26+27+29+30+31+32+33+34+35+36,2,181117,190727,C,33+34+35+36+37,gegen_die_wirtschaftöl[lö]liche_Entwicklung_sein.,False,False,False,2,False,False,False,2,2,False,False,False,2,2,2,False,unbeding ein Hemmnis,1.0,100.0
SG12,P02_T4,P02,90,1216,181117,190727,C,D,33+34+35+36+37,gegen_die_wirtschaftöl[lö]liche_Entwicklung_sein.,4883,190727,195610,12,15+16+21+22+23+24+25+26+27+34,1,195610,195828,C,9,[u]i,False,False,False,2,False,False,False,2,2,False,False,False,2,2,2,False,die wirtschaftliche Entwicklung sein .,1.0,97.0
SG12,P02_T4,P02,91,1216,195610,195828,C,D,9,[u]i,6053,195828,201881,29,9+10+12+17+19+20+21+22+23+24+25+26+27+28+29+30+31+32+33+35+36+37+40+57,5,201881,201881,I,37,_,False,False,False,2,False,False,False,2,2,False,False,False,2,2,2,False,Abstriche,,
SG12,P02_T4,P02,92,1216,201881,201881,I,D,37,_,22370,201881,224251,101,3+4+5+6+7+9+10+22+23+24+25+29+30+31+32+33+34+35+36+38+39+40+42+43+47+48+49+50+51+52+53+54+56+57+60+61+62+63+72+73+74+75+78+104,0,224251,229602,C,38+39+40,Es_müssen_an[na]Ant[t]reize_,False,False,False,2,False,False,False,2,2,False,False,False,2,2,2,False,.,,
SG12,P02_T4,P02,93,1216,224251,229602,C,D,38+39+40,Es_müssen_an[na]Ant[t]reize_,1701,229602,231303,8,23+24+25+33+35+37+42+43+47+48+49+50+51+52+60+61+62+63+68,0,231303,239149,C,41+42+43+44+45,für_die_Entwicklungsländer_geschafft[t]en_werden,False,False,False,2,False,False,False,2,2,False,False,False,2,2,2,False,Es müssen Anreize,1.0,100.0
SG12,P02_T4,P02,94,1216,231303,239149,C,D,41+42+43+44+45,für_die_Entwicklungsländer_geschafft[t]en_werden,6397,239149,245546,30,9+10+12+29+30+31+32+36+42+43+47+48+49+50+51+52+53+55+56+108,4,245546,246201,I,46,",_",False,False,False,2,False,False,False,2,2,False,False,False,2,2,2,False,für die Entwicklungsländer geschaffen werden,1.0,100.0
SG12,P02_T4,P02,95,1216,245546,246201,I,D,46,",_",9329,246201,255530,33,29+30+31+32+36+41+42+43+60+61+62+63+68+69+70+71+72+74+75+78+87+88,0,255530,256762,I,46,sich_,True,False,False,2,False,False,False,2,2,True,False,False,1,2,2,False,",",,
SG12,P02_T4,P02,96,1216,255530,256762,I,D,46,sich_,3604,256762,260366,1,42+43,0,260366,265529,C,46,umweltfreunl[l]dlich_zu_,True,False,False,2,True,False,False,1,2,True,False,False,1,2,2,False,",",,
SG12,P02_T4,P02,97,1216,260366,265529,C,D,46,umweltfreunl[l]dlich_zu_,3323,265529,268852,12,33+35+40+41+42+43+44+45,0,268852,279772,C,46+49+50+51+52+53,[###############ewis######]eine_umweltbewusste_Einstellung_zu_entwickeln_und_,True,False,False,2,True,False,False,1,2,True,False,False,1,2,2,False,",",,
SG12,P02_T4,P02,98,1216,268852,279772,C,D,46+49+50+51+52+53,[###############ewis######]eine_umweltbewusste_Einstellung_zu_entwickeln_und_,3370,279772,283142,16,38+39+40+53+54+60+61+62+63+68+71+72+78,1,283142,291722,C,54+55+56,saubere_Technologien_tz[zt]zu_implementei[ie]ieren,False,False,False,2,False,False,False,2,2,True,False,False,1,2,2,False,", eine umweltbewusste Einstellung entwickeln und",1.0,94.0
SG12,P02_T4,P02,99,1216,283142,291722,C,D,54+55+56,saubere_Technologien_tz[zt]zu_implementei[ie]ieren,10733,291722,302455,52,4+5+6+9+10+12+23+24+33+35+42+43+44+45+47+48+49+50+51+52+54+55+56+70+71+72+73+74+75+78,11,302455,304311,I,47+48,damit_diese_,False,False,False,2,False,False,False,2,2,True,False,False,1,2,2,False,saubere Technologien implementieren,1.0,91.0
SG12,P02_T4,P02,100,1216,302455,304311,I,D,47+48,damit_diese_,3713,304311,308024,20,54+55+56,0,308024,308024,D,55,[zu_,False,False,False,2,False,False,False,2,2,False,False,False,2,2,2,False,damit diese,1.0,100.0
SG12,P02_T4,P02,101,1216,308024,308024,D,D,55,[zu_,3541,308024,311565,19,47+48+49+50+51+52+53+54+55+56,2,311565,311565,D,51,[zu_,False,False,False,2,False,False,False,2,2,False,False,False,2,2,2,False,Technologien,0.0,0.0
SG12,P02_T4,P02,102,1216,311565,311565,D,D,51,[zu_,4431,311565,315996,21,0+42+43+47+48+49+50+51+52+56+73+74+75+78+87+90+91+92,1,315996,316666,I,56+58,",_und_",False,False,False,2,False,False,False,2,2,False,False,False,2,2,2,False,Einstellung,0.0,33.0
SG12,P02_T4,P02,103,1216,315996,316666,I,D,56+58,",_und_",9610,316666,326276,40,4+5+6+9+10+12+26+27+38+39+40+41+42+43+47+48+49+50+51+52+60+61+62+63+72+74+75+76+78+94,0,326276,328663,I,58,die_Emissionen_,True,False,False,2,False,False,False,2,2,True,False,False,1,2,2,False,implementieren die,0.0,40.0
SG12,P02_T4,P02,104,1216,326276,328663,I,D,58,die_Emissionen_,6786,328663,335449,29,4+5+6+55+56+57+60+61+62+63+69+72+74+75+94+108,0,335449,336931,I,59+60,durch_d,False,False,False,2,False,False,False,2,2,False,False,False,2,2,2,False,die,1.0,100.0
SG12,P02_T4,P02,105,1216,335449,336931,I,D,59+60,durch_d,2558,336931,339489,10,56+57+58+65,0,339489,345261,I,60+61+62+63,as_Abholzen_von_Wäldern_zu_re,True,False,False,2,False,False,False,2,2,False,False,False,2,2,2,False,durch das,1.0,100.0
SG12,P02_T4,P02,106,1216,339489,345261,I,D,60+61+62+63,as_Abholzen_von_Wäldern_zu_re,3011,345261,348272,21,29+30+31+32+33+35+36+38+39+40+42+43+44+45+55+56+60+61+62+63+108,5,348272,352016,C,63+66+67+68,[er_uz]reduzieren_wollen.,True,True,True,1,True,False,False,1,2,True,True,False,1,1,2,False,das Abholzen von Wäldern,1.0,96.0
SG12,P02_T4,P02,107,1216,359301,359301,D,D,56,"[,",1450,359301,360751,3,55+56,2,360751,362094,C,57,[und_]sowie_,False,True,False,2,False,False,False,2,2,False,False,False,2,2,2,False,implementieren,0.0,0.0
SG12,P02_T4,P02,108,1216,360751,362094,C,D,57,[und_]sowie_,4196,362094,366290,22,58+60+61+62+63+65+66+67+68+72+74+75+78+87+90+91+92+105+106+107,0,366290,366290,I,68,_,False,False,False,2,False,False,False,2,2,False,False,False,2,2,2,False,sowie,1.0,100.0
SG12,P02_T4,P02,109,1216,366290,366290,I,D,68,_,43400,366290,409690,195,2+3+4+5+6+7+9+10+19+20+22+25+26+27+29+30+31+32+33+35+36+37+38+39+41+42+43+47+48+49+50+51+52+53+54+55+56+57+58+60+61+62+63+65+66+67+68+69+70+71+72+73+74+75+78+80+82+83+84+85+86+87+88+89+90+91+92+93+94+95+98+102+104+105+106+107+108,1,409690,419627,I,69+70+71+72+73,Einige_der_gefährdetsten_Länder_haben_,False,False,False,2,False,False,False,2,2,False,False,False,2,2,2,False,.,,
SG12,P02_T4,P02,110,1216,409690,419627,I,D,69+70+71+72+73,Einige_der_gefährdetsten_Länder_haben_,5132,419627,424759,19,71+72+73+78+88+94+95+108,12,424759,427599,I,74+75,am_wenigsten_,False,False,False,2,False,False,False,2,2,False,False,False,2,2,2,False,Einige der gefährdetsten Länder haben,1.0,100.0
SG12,P02_T4,P02,111,1216,424759,427599,I,D,74+75,am_wenigsten_,3712,427599,431311,16,58+59+60+61+62+63+64+65+71+72+74+75+78,3,431311,436210,I,76+77+78+79,"zum_Klimawandel_beigetragen,_",False,False,False,2,False,False,False,2,2,False,False,False,2,2,2,False,am wenigsten,1.0,100.0
SG12,P02_T4,P02,112,1216,431311,436210,I,D,76+77+78+79,"zum_Klimawandel_beigetragen,_",3744,436210,439954,9,47+48+49+50+51+52+60+61+62+63+78+80+104,1,439954,443012,C,80+81,mps[sp]üssen_aber_,False,False,False,2,False,False,False,2,2,False,False,False,2,2,2,False,"zum Klimawandel beigetragen ,",1.0,96.0
SG12,P02_T4,P02,113,1216,439954,443012,C,D,80+81,mps[sp]üssen_aber_,15319,443012,458331,67,2+3+4+5+6+19+20+21+23+24+25+26+27+42+43+47+48+49+50+51+52+55+60+61+62+63+69+71+72+78+80+82+83+84+86,1,458331,459766,I,82+83,die_Haup,False,False,False,2,False,False,False,2,2,False,False,False,2,2,2,False,müssen aber,1.0,100.0
SG12,P02_T4,P02,114,1216,458331,459766,I,D,82+83,die_Haup,2886,459766,462652,14,82+83+87+90+91+92+103+104+105+106+107,6,462652,468908,C,83+84+85+86,tlast_davon_tragen-.[.-]._,True,False,False,2,True,False,False,1,2,True,False,False,1,2,2,False,die Hauptlast,1.0,100.0
SG12,P02_T4,P02,115,1216,462652,468908,C,D,83+84+85+86,tlast_davon_tragen-.[.-]._,11793,468908,480701,47,0+69+74+75+78+84+87+88+89+90+91+92+93+94+95+96+97+98,2,480701,495022,C,87+88+89+90+91+92+93+94,Entwicklungsländ[dn]b[b]nder_m+[+]üssen_sich_in_besonderem_M[M]Maße_an_die,False,False,False,2,False,False,False,2,2,False,False,False,2,2,2,False,Hauptlast davon tragen .,1.0,95.0
SG12,P02_T4,P02,116,1216,480701,495022,C,D,87+88+89+90+91+92+93+94,Entwicklungsländ[dn]b[b]nder_m+[+]üssen_sich_in_besonderem_M[M]Maße_an_die,1404,495022,496426,5,89+90+91+92+98+108,4,496426,506317,C,94+95+96+97+98+99,_Auswirkungen_des_Klaima[amia]imawandels_anpassen.,True,False,False,2,True,False,False,1,2,True,False,False,1,2,2,False,Entwicklungsländer müssen sich in besonderem Maße an die,1.0,100.0
SG12,P02_T4,P02,117,1216,496426,506317,C,D,94+95+96+97+98+99,_Auswirkungen_des_Klaima[amia]imawandels_anpassen.,2558,506317,508875,12,0+83+87+90+91+92+94+95+97+102+103,3,508875,508875,I,99,_,True,False,False,2,False,False,False,2,2,False,False,False,2,2,2,False,die Auswirkungen des Klimawandels anpassen .,1.0,97.0
SG12,P02_T4,P02,118,1216,508875,508875,I,D,99,_,26505,508875,535380,112,2+3+4+5+6+9+10+17+42+43+47+48+49+50+51+52+55+69+71+72+83+84+85+86+87+88+89+95+97+98+99+100+101+102+103+104+105+106+107+108,1,535380,551838,C,100+101+103+104+105+106+107+108,Anpassung_und_Minderungsbemühungen_mp[p]üssen_daher_eng_ineinander_greifeb.[.b]n.-[-,False,False,False,2,False,False,False,2,2,False,False,False,2,2,2,False,.,,
SG12,P02_T4,P02,119,1216,535380,551838,C,D,100+101+103+104+105+106+107+108,Anpassung_und_Minderungsbemühungen_mp[p]üssen_daher_eng_ineinander_greifeb.[.b]n.-[-,23914,551838,575752,132,3+4+5+6+7+9+10+11+12+14+15+16+17+18+19+20+22+23+24+25+26+27+28+29+30+31+32+33+34+35+36+41+42+43+46+47+48+49+50+51+52+54+55+56+60+61+62+63+66+67+72+80+90+91+92+95+101+102+103+104,12,575752,576673,C,32,[gegen_]für_,False,True,False,2,False,False,False,2,2,False,False,False,2,2,2,False,Anpassung und müssen daher eng ineinander greifen .,1.0,84.0
SG12,P03_T5,P03,1,1106,6427,7863,I,D,2,Soziologiew,1185,7863,9048,6,1+2,6,9048,9048,D,2,[w,True,False,False,2,True,False,False,1,2,True,False,False,1,2,2,False,Soziologie,1.0,100.0
SG12,P03_T5,P03,2,1106,9048,9048,D,D,2,[w,2028,9048,11076,7,1+2,7,11076,12792,C,1,Diie[ei]e_,False,False,False,2,False,False,False,2,2,False,False,False,2,2,2,False,Soziologie,0.0,0.0
SG12,P03_T5,P03,3,1106,11076,12792,C,D,1,Diie[ei]e_,1685,12792,14477,17,1+2+5+6+7,10,14477,14837,I,2+3,_isa,False,False,False,2,False,False,False,2,2,False,False,False,2,2,2,False,Die,1.0,100.0
SG12,P03_T5,P03,4,1106,14477,14837,I,D,2+3,_isa,1808,14837,16645,7,3,7,16645,20327,C,3+4+5+6,[a]t_eine_relö[ö]ativ_junge_,True,False,False,2,True,False,False,1,2,True,False,False,1,2,2,False,Soziologie ist,0.0,67.0
SG12,P03_T5,P03,5,1106,16645,20327,C,D,3+4+5+6,[a]t_eine_relö[ö]ativ_junge_,1108,20327,21435,6,1+2+6+7,1,21435,22761,I,7,akademische_,False,False,False,2,False,False,False,2,2,False,False,False,2,2,2,False,ist eine relativ junge,1.0,100.0
SG12,P03_T5,P03,6,1106,21435,22761,I,D,7,akademische_,1154,22761,23915,3,7,3,23915,26052,I,8+9,Disziplin._,False,False,False,2,False,False,False,2,2,False,False,False,2,2,2,False,akademische,1.0,100.0
SG12,P03_T5,P03,7,1106,23915,26052,I,D,8+9,Disziplin._,4056,26052,30108,28,1+2+5+11+12+13+16+17+18+19+22,0,30108,32355,I,10+11+12,Sie_entstand_im_,False,False,False,2,False,False,False,2,2,False,False,False,2,2,2,False,Disziplin .,1.0,90.0
SG12,P03_T5,P03,8,1106,30108,32355,I,D,10+11+12,Sie_entstand_im_,1404,32355,33759,7,13+14+15,0,33759,39640,C,13+14+15+16+17+18,frühen_119[91]9._Jhdt._als_,False,False,False,2,False,False,False,2,2,False,False,False,2,2,2,False,Sie entstand im,1.0,100.0
SG12,P03_T5,P03,9,1106,33759,39640,C,D,13+14+15+16+17+18,frühen_119[91]9._Jhdt._als_,1825,39640,41465,5,15+16+17+19,4,41465,41699,I,19,Ant,False,False,False,2,False,False,False,2,2,False,False,False,2,2,2,False,frühen 19 . Jhdt . als,1.0,90.0
SG12,P03_T5,P03,10,1106,41465,41699,I,D,19,Ant,1935,41699,43634,10,14+15+16+17,0,43634,48485,I,19+20+21+22+23,wort_auf_die_HErausforderungen_der,True,False,False,2,False,False,False,2,2,False,False,False,2,2,2,False,Antwort,1.0,100.0
SG12,P03_T5,P03,11,1106,43634,48485,I,D,19+20+21+22+23,wort_auf_die_HErausforderungen_der,2527,48485,51012,7,22+23,7,51012,51090,C,22,[E]e,True,False,False,2,True,False,False,1,2,True,False,False,1,2,2,False,Antwort auf die Herausforderungen der,1.0,100.0
SG12,P03_T5,P03,12,1106,51012,51090,C,D,22,[E]e,1841,51090,52931,10,22+23,1,52931,54491,I,23+24,_Moderne,False,False,False,2,False,False,False,2,2,False,False,False,2,2,2,False,Herausforderungen,,
SG12,P03_T5,P03,13,1106,52931,54491,I,D,23+24,_Moderne,1342,54491,55833,10,5+6+22+23+24+25,2,55833,55926,I,25,._,False,False,False,2,False,False,False,2,2,False,False,False,2,2,2,False,der Moderne,1.0,100.0
SG12,P03_T5,P03,14,1106,55833,55926,I,D,25,._,12590,55926,68516,82,6+7+8+11+12+13+15+16+17+18+19+21+22+24+25+26+27+28+30+31,1,68516,79561,C,26+27+28+29+30,Zunehmede_[_ed]nde_Mobilität_und_technologische_F[F_]r_Fortschritt_,False,True,False,2,False,False,False,2,2,False,False,False,2,2,2,False,.,,
SG12,P03_T5,P03,15,1106,68516,79561,C,D,26+27+28+29+30,Zunehmede_[_ed]nde_Mobilität_und_technologische_F[F_]r_Fortschritt_,1965,79561,81526,19,8+10+11+12+13,0,81526,85114,I,31+32+33,führten_zu_einer_,False,False,False,2,False,False,False,2,2,False,False,False,2,2,2,False,Zunehmende Mobilität und technologischer Fortschritt,1.0,100.0
SG12,P03_T5,P03,16,1106,81526,85114,I,D,31+32+33,führten_zu_einer_,2902,85114,88016,14,7+11+26+27+30+31+35,4,88016,89825,I,34,vermehrten_,False,False,False,2,False,False,False,2,2,True,False,False,1,2,2,False,führten zu einem,1.0,94.0
SG12,P03_T5,P03,17,1106,88016,89825,I,D,34,vermehrten_,7894,89825,97719,65,1+2+4+5+6+7+11+16+17+19+20+21+22+27+35+49+50+61+83+84+85+92+93+94,0,97719,99061,I,35,kulturellen_,False,False,False,2,False,False,False,2,2,False,False,False,2,2,2,False,vermehrten,1.0,100.0
SG12,P03_T5,P03,18,1106,97719,99061,I,D,35,kulturellen_,1965,99061,101026,13,1+2+3+5+7+35,1,101026,102274,I,35,Vermischung.,True,False,False,2,False,False,False,2,2,False,False,False,2,2,2,False,Kontakt,0.0,29.0
SG12,P03_T5,P03,19,1106,101026,102274,I,D,35,Vermischung.,8034,102274,110308,52,5+6+7+10+11+12+13+16+17+19+20+21+33+35,21,110308,110308,I,35,_,True,False,False,2,False,False,False,2,2,False,False,False,2,2,2,False,Kontakt,0.0,14.0
SG12,P03_T5,P03,20,1106,110308,110308,I,D,35,_,3994,110308,114302,20,27+29+30+31+32,0,114302,115269,I,35,Die,True,False,False,2,False,False,False,2,2,False,False,False,2,2,2,False,Kontakt,,
SG12,P03_T5,P03,21,1106,114302,115269,I,D,35,Die,1716,115269,116985,1,35,1,116985,121182,I,35+36+37+38+41,ser_Kontakt_mit_fremden_Kulturen_,True,False,False,2,False,False,False,2,2,False,False,False,2,2,2,False,Kontakt,0.0,0.0
SG12,P03_T5,P03,22,1106,116985,121182,I,D,35+36+37+38+41,ser_Kontakt_mit_fremden_Kulturen_,3650,121182,124832,24,8+11+12+14+15+16+17+38+42+43,2,124832,125394,I,42,hatte_,False,False,False,2,False,False,False,2,2,False,False,False,2,2,2,False,Kontakt zwischen verschiedenen Kulturen Entwicklung,0.0,53.0
SG12,P03_T5,P03,23,1106,124832,125394,I,D,42,hatte_,1357,125394,126751,7,40+41+60+79,0,126751,131478,I,43+44+45+46,"verschiedene_Auswirkungen,_aber_",False,False,False,2,False,False,False,2,2,False,False,False,2,2,2,False,hatte,1.0,100.0
SG12,P03_T5,P03,24,1106,126751,131478,I,D,43+44+45+46,"verschiedene_Auswirkungen,_aber_",9734,131478,141212,58,0+27+30+33+34+35+37+38+40+41+42+43+44+51+52,12,141212,141587,I,47,für_,False,False,False,2,False,False,False,2,2,False,False,False,2,2,2,False,"verschiedene Auswirkungen , aber",1.0,97.0
SG12,P03_T5,P03,25,1106,141212,141587,I,D,47,für_,1560,141587,143147,11,34+35+44+45,0,143147,147671,I,48+49+50+51,manche_bedeutete_er_den_,False,False,False,2,False,False,False,2,2,False,False,False,2,2,2,False,für,1.0,100.0
SG12,P03_T5,P03,26,1106,143147,147671,I,D,48+49+50+51,manche_bedeutete_er_den_,1279,147671,148950,6,20+21+24+35+49+50,2,148950,149964,I,52,Verfall_,False,False,False,2,False,False,False,2,2,False,False,False,2,2,2,False,manche bedeutete er den,1.0,100.0
SG12,P03_T5,P03,27,1106,148950,149964,I,D,52,Verfall_,2699,149964,152663,9,5+26+27+35+37,0,152663,154347,I,53,traditioneller_,False,False,False,2,False,False,False,2,2,False,False,False,2,2,2,False,Verfall,1.0,100.0
SG12,P03_T5,P03,28,1106,152663,154347,I,D,53,traditioneller_,1404,154347,155751,7,37+55+56,0,155751,160837,I,54+55+56+57,Werte_und_Bräuche_und_,False,False,False,2,False,False,False,2,2,False,False,False,2,2,2,False,traditioneller,1.0,100.0
SG12,P03_T5,P03,29,1106,155751,160837,I,D,54+55+56+57,Werte_und_Bräuche_und_,5164,160837,166001,22,57+58+59+60+61+62+63+64,3,166001,167186,I,58+59,machte_eine_,False,False,False,2,False,False,False,2,2,False,False,False,2,2,2,False,Werte und Bräuche und,1.0,100.0
SG12,P03_T5,P03,30,1106,166001,167186,I,D,58+59,machte_eine_,2746,167186,169932,15,40+41+42+43+46+48+59,4,169932,171944,C,59,[_e]_neues_,True,False,False,2,True,False,False,1,2,True,False,False,1,2,2,False,machte eine,1.0,100.0
SG12,P03_T5,P03,31,1106,169932,171944,C,D,59,[_e]_neues_,1826,171944,173770,2,59,2,173770,174628,D,59,[_seuen_,True,False,False,2,True,False,False,1,2,True,False,False,1,2,2,False,eine,0.0,50.0
SG12,P03_T5,P03,32,1106,173770,174628,D,D,59,[_seuen_,4492,174628,179120,7,32+33+34+42+43+59,1,179120,179448,I,59,e_,True,False,False,2,False,False,False,2,2,False,False,False,2,2,2,False,eine,0.0,50.0
SG12,P03_T5,P03,33,1106,179120,179448,I,D,59,e_,1123,179448,180571,3,58+59+64,1,180571,184643,I,60+61+62+63+64+65,neue_Sichtweise_der_WElt_notwendig._,False,False,False,2,False,False,False,2,2,False,False,False,2,2,2,False,eine,,
SG12,P03_T5,P03,34,1106,180571,184643,I,D,60+61+62+63+64+65,neue_Sichtweise_der_WElt_notwendig._,2012,184643,186655,6,55+58+61+62+63+64,5,186655,186811,C,63,[E]e,True,False,False,2,True,False,False,1,2,True,False,False,1,2,2,False,neue Sichtweise der Welt notwendig .,1.0,97.0
SG12,P03_T5,P03,35,1106,186655,186811,C,D,63,[E]e,12387,186811,199198,65,34+35+41+45+48+49+50+51+52+53+54+55+56+57+58+59+60+61+62+63+64+66+70+71+72+73+74+77+79+83+84+85+92+93+94,2,199198,201600,I,66,Soziologen_,False,False,False,2,False,False,False,2,2,False,False,False,2,2,2,False,Welt,,
SG12,P03_T5,P03,36,1106,199198,201600,I,D,66,Soziologen_,2075,201600,203675,10,37+41+49+50+54+55,0,203675,211272,C,67+68+69,begegnetem_[_]n[nm]n_diesen_Veränderungen_,False,False,False,2,False,False,False,2,2,False,False,False,2,2,2,False,Soziologen,1.0,100.0
SG12,P03_T5,P03,37,1106,203675,211272,C,D,67+68+69,begegnetem_[_]n[nm]n_diesen_Veränderungen_,3401,211272,214673,21,0+37+44+56+57+58+59+64+69+70+71+72,1,214673,218308,C,69+70+71+72,durc[crud]mit_dem_Versuch,True,False,False,2,True,False,False,1,2,True,False,False,1,2,2,False,begegneten diesen Veränderungen,1.0,100.0
SG12,P03_T5,P03,38,1106,214673,218308,C,D,69+70+71+72,durc[crud]mit_dem_Versuch,2558,218308,220866,14,67+70+71+72+77+78+79+81,3,220866,223783,I,72+73+74+75+76,"_zu_verstehen,_was_",True,False,False,2,False,False,False,2,2,False,False,False,2,2,2,False,Veränderungen mit dem Versuch,1.0,100.0
SG12,P03_T5,P03,39,1106,220866,223783,I,D,72+73+74+75+76,"_zu_verstehen,_was_",1217,223783,225000,6,74+76+77+78,2,225000,227340,I,77+78,soziale_Gruppen_,False,False,False,2,False,False,False,2,2,False,False,False,2,2,2,False,"Versuch zu verstehen , was",1.0,94.0
SG12,P03_T5,P03,40,1106,225000,227340,I,D,77+78,soziale_Gruppen_,12262,227340,239602,44,58+59+60+61+62+63+64+76+77+78+112,4,239602,241302,I,79+80,ausmacht_und_,False,False,False,2,False,False,False,2,2,False,False,False,2,2,2,False,soziale Gruppen,1.0,100.0
SG12,P03_T5,P03,41,1106,239602,241302,I,D,79+80,ausmacht_und_,2403,241302,243705,14,61+62+63,0,243705,245312,I,81+82,"auch,_",False,False,False,2,False,False,False,2,2,False,False,False,2,2,2,False,ausmacht und,1.0,100.0
SG12,P03_T5,P03,42,1106,243705,245312,I,D,81+82,"auch,_",1747,245312,247059,11,66+69+70+71+72+74+78+83+84+85+88+92+93+94+96+102+104,0,247059,247574,I,83,wie_,False,False,False,2,False,False,False,2,2,False,False,False,2,2,2,False,"auch ,",1.0,80.0
SG12,P03_T5,P03,43,1106,247059,247574,I,D,83,wie_,1201,247574,248775,6,73+78+79+83+84+85+92+93+94+110,1,248775,248775,I,84,d,False,False,False,2,False,False,False,2,2,False,False,False,2,2,2,False,wie,1.0,100.0
SG12,P03_T5,P03,44,1106,248775,248775,I,D,84,d,8377,248775,257152,29,58+59+60+61+64+70+71+72+74+78+79+80+81+83+84+85+92+93+94,5,257152,260444,C,84+85,ie_Porb[bro]roblematik_,True,False,False,2,True,False,False,1,2,True,False,False,1,2,2,False,die,,
SG12,P03_T5,P03,45,1106,257152,260444,C,D,84+85,ie_Porb[bro]roblematik_,4773,260444,265217,18,1+2+54+56+69+70+71+72+73+74,0,265217,271395,I,86+87+88+89,der_zurückgehenden_Solidarität_in_,False,False,False,2,False,False,False,2,2,False,False,False,2,2,2,False,die Problematik,1.0,100.0
SG12,P03_T5,P03,46,1106,265217,271395,I,D,86+87+88+89,der_zurückgehenden_Solidarität_in_,1154,271395,272549,3,88+89+90+91,3,272549,275576,I,90+91,der_Gesellschaft_be,False,False,False,2,False,False,False,2,2,False,False,False,2,2,2,False,der zurückgehenden Solidarität in,1.0,100.0
SG12,P03_T5,P03,47,1106,272549,275576,I,D,90+91,der_Gesellschaft_be,1248,275576,276824,8,86+87+88+89+90+91,5,276824,276995,D,91,[eb,True,False,False,2,True,False,False,1,2,True,False,False,1,2,2,False,der Gesellschaft,1.0,100.0
SG12,P03_T5,P03,48,1106,276824,276995,D,D,91,[eb,2668,276995,279663,14,83+84+85+87+88+89+90+91+92+93+94,3,279663,301300,C,100+101+103+104+105+106+107+108+109+110+92+93+94+95+96+97+98+99,"angegangen_werden_könnte._Der_Ausdruck_""Soziologie""_wurde_Vo[oV]von_Aguste_Comte_(1798-1857=)[)=])_",False,False,False,2,False,False,False,2,2,False,False,False,2,2,2,False,Gesellschaft,0.0,33.0
SG12,P03_T5,P03,49,1106,279663,301300,C,D,100+101+103+104+105+106+107+108+109+110+92+93+94+95+96+97+98+99,"angegangen_werden_könnte._Der_Ausdruck_""Soziologie""_wurde_Vo[oV]von_Aguste_Comte_(1798-1857=)[)=])_",1763,301300,303063,0,,0,303063,304530,I,111+139,"eingeführt,_",False,False,False,2,False,False,False,2,2,False,False,False,2,2,2,False,""" wurde von Aguste Comte ( 1798 - 1857 ) angegangen werden könnte . Der Ausdruck "" Soziologie",0.0,58.0
SG12,P03_T5,P03,50,1106,303063,304530,I,D,111+139,"eingeführt,_",5460,304530,309990,38,1+2+79+83+84+85+88+89+90+91+92+93+94+96+97+101+104+105+111+139,7,309990,310816,I,102,1838_,False,False,False,2,False,False,False,2,2,True,False,False,1,2,2,False,eingeführt .,1.0,91.0
SG12,P03_T5,P03,51,1106,309990,310816,I,D,102,1838_,4181,310816,314997,22,88+89+90+91+102+104+105+106+107+108+109+111+139,3,314997,315325,C,111+112,"[,]._",False,False,False,2,False,False,False,2,2,False,False,False,2,2,2,False,1838,1.0,100.0
SG12,P03_T5,P03,52,1106,314997,315325,C,D,111+112,"[,]._",1107,315325,316432,7,102+109+113+114+115+116+117+120+121+122,0,316432,316620,I,113,Er,False,False,False,2,False,False,False,2,2,False,False,False,2,2,2,False,eingeführt .,,
SG12,P03_T5,P03,53,1106,316432,316620,I,D,113,Er,1513,316620,318133,9,102+107+139,0,318133,318133,I,113,_,True,False,False,2,False,False,False,2,2,False,False,False,2,2,2,False,Er,1.0,100.0
SG12,P03_T5,P03,54,1106,318133,318133,I,D,113,_,2761,318133,320894,11,88+89+90+91+96+98+99+100+101+104+111+113+114+115+116+117+139,1,320894,329303,I,114+115+116+117+118+119,setzt_sich_zusammen_aus_dem_lateinischen_,False,False,False,2,False,False,False,2,2,False,False,False,2,2,2,False,Er,,
SG12,P03_T5,P03,55,1106,320894,329303,I,D,114+115+116+117+118+119,setzt_sich_zusammen_aus_dem_lateinischen_,1107,329303,330410,9,1+2+88+89+90+91+104+112+113+114+115+116+117+118+139,2,330410,349676,C,120+121+122+123+124+125+126+127+128+129+130+131+132+133+134,"""socius""_(Gefährte,_Kamad[d]ra[ara]erad),_[_,]_und_dem_Gir[ri]rieh[h]chischen_""logia""_(",False,False,False,2,False,False,False,2,2,False,False,False,2,2,2,False,setzt sich zusammen aus dem lateinischen,1.0,100.0
SG12,P03_T5,P03,56,1106,330410,349676,C,D,120+121+122+123+124+125+126+127+128+129+130+131+132+133+134,"""socius""_(Gefährte,_Kamad[d]ra[ara]erad),_[_,]_und_dem_Gir[ri]rieh[h]chischen_""logia""_(",1389,349676,351065,7,74+135+139,0,351065,351782,I,135+136,"Lehre,_",False,False,False,2,False,False,False,2,2,False,False,False,2,2,2,False,""" socius "" ( Gefährte , Kamerad ) und dem Griechischen "" logia "" (",1.0,92.0
SG12,P03_T5,P03,57,1106,351065,351782,I,D,135+136,"Lehre,_",1623,351782,353405,1,136,1,353405,354544,I,137+138+139,Sprache).,False,False,False,2,False,False,False,2,2,False,False,False,2,2,2,False,"Lehre ,",1.0,83.0
SG12,P03_T5,P03,58,1106,353405,354544,I,D,137+138+139,Sprache).,25194,354544,379738,128,7+8+10+11+12+13+14+15+16+17+18+19+20+21+22+24+25+26+27+28+29+30+31+32+33+35+36+37+38+42+43+44+45+61+112+118+124+126+128+139,3,379738,380034,C,33,[r]m,False,False,False,2,False,False,False,2,2,False,False,False,2,2,2,False,Sprache ) .,1.0,89.0
SG12,P03_T6,P03,59,2011,17956,24071,C,D,1+2+4+6,Die_Mehrzahl_der_Jäger-Sammler_[_,2715,24071,26786,6,2+4+6,6,26786,34726,C,2+6+8,Gesellschaften_aus_n_und[-]_n_sind_[_dnis,True,False,False,2,True,False,False,1,2,True,True,True,1,1,1,False,Die Mehrzahl Jäger Sammler,1.0,81.0
SG12,P03_T6,P03,60,2011,26786,34726,C,D,2+6+8,Gesellschaften_aus_n_und[-]_n_sind_[_dnis,2450,34726,37176,0,,0,37176,42277,C,10+11+12+13+9,folgen_einer_nomaisch[hcsi]dischen_Lebensweise._,False,False,False,2,False,False,False,2,2,True,True,True,1,1,1,False,Mehrzahl Sammler Kulturen,0.0,24.0
SG12,P03_T6,P03,61,2011,37176,42277,C,D,10+11+12+13+9,folgen_einer_nomaisch[hcsi]dischen_Lebensweise._,16255,42277,58532,32,1+6+8+9+10+11+12+13+14+17+18+19+21+22+23,10,58532,61356,I,14+15+16,Unter_diesen_Bedingungen_,False,False,False,2,False,False,False,2,2,False,False,False,2,2,2,False,einer nomadischen Lebensweise . folgen,1.0,81.0
SG12,P03_T6,P03,62,2011,58532,61356,I,D,14+15+16,Unter_diesen_Bedingungen_,2059,61356,63415,14,14+16+17+19+21+22+23,4,63415,63852,I,17,ist_,False,False,False,2,False,False,False,2,2,False,False,False,2,2,2,False,Unter diesen Bedingungen,1.0,100.0
SG12,P03_T6,P03,63,2011,63415,63852,I,D,17,ist_,2901,63852,66753,11,1+10+11+12+13+17+18,1,66753,74663,C,17+18+19+20+21+22+23+24,"es_[_se]es_schwierig,_sesshaft_zu_werden,_",True,True,True,1,True,False,False,1,2,True,True,False,1,1,2,False,ist,1.0,100.0
SG12,P03_T6,P03,64,2011,77190,80840,I,D,25+27+29,da_die_Ressourcen_,2013,80840,82853,8,3+5+6+8+16+28+29,1,82853,84272,I,28,natürlichen_,False,False,False,2,False,False,False,2,2,True,False,False,1,2,2,False,da die Ressourcen,1.0,100.0
SG12,P03_T6,P03,65,2011,82853,84272,I,D,28,natürlichen_,2028,84272,86300,15,10+11+12+30+31,0,86300,91464,C,29+30+31+32,_[_]einer_bestimmten_Region_,False,False,False,2,False,False,False,2,2,False,False,False,2,2,2,False,natürlichen,1.0,100.0
SG12,P03_T6,P03,66,2011,86300,91464,C,D,29+30+31+32,_[_]einer_bestimmten_Region_,2043,91464,93507,8,6+8+9+10+11+12+30+31+73+74+75+76+77,2,93507,94365,I,33,schnell_,False,False,False,2,False,False,False,2,2,False,False,False,2,2,2,False,Ressourcen einer bestimmten Region,1.0,100.0
SG12,P03_T6,P03,67,2011,93507,94365,I,D,33,schnell_,6053,94365,100418,23,8+9+10+11+12+16+28+29+30+31,0,100418,100964,I,26,sich_,False,False,False,2,False,False,False,2,2,False,False,False,2,2,2,False,schnell,1.0,100.0
SG12,P03_T6,P03,68,2011,100418,100964,I,D,26,sich_,3900,100964,104864,17,28+29+30+31+32,0,104864,107844,I,34+35+36,erschöpfen_können._,False,False,False,2,False,False,False,2,2,False,False,False,2,2,2,False,sich,1.0,100.0
SG12,P03_T6,P03,69,2011,104864,107844,I,D,34+35+36,erschöpfen_können._,18299,107844,126143,92,3+6+8+10+11+12+13+14+15+16+17+19+21+22+23+26+30+31+32+33+34+35+36+37+38+39+40+41+42+43+45+46+47+48+50,12,126143,132742,I,37+38+39+40,Aufgrund_ihrer_Wirtschaftsweise_haben_,False,False,False,2,False,False,False,2,2,False,False,False,2,2,2,False,erschöpfen können .,1.0,94.0
SG12,P03_T6,P03,70,2011,126143,132742,I,D,37+38+39+40,Aufgrund_ihrer_Wirtschaftsweise_haben_,2605,132742,135347,16,2+5+22+26+28+29+34+39+40+41+42+112,4,135347,138093,I,41+42,solche_Gesellschaften_,False,False,False,2,False,False,False,2,2,False,False,False,2,2,2,False,Aufgrund ihrer Wirtschaftsweise haben,1.0,100.0
SG12,P03_T6,P03,71,2011,135347,138093,I,D,41+42,solche_Gesellschaften_,2792,138093,140885,16,10+11+12+14+15+17+19+21+22+41+42+105+112,3,140885,143038,C,43,tene[e]denziell_,False,False,False,2,False,False,False,2,2,False,False,False,2,2,2,False,solche Gesellschaften,1.0,100.0
SG12,P03_T6,P03,72,2011,140885,143038,C,D,43,tene[e]denziell_,2028,143038,145066,12,14+15+16+19+21+41+42+43,2,145066,157842,C,44+45+46+47+48,auch_eune_[_enu]ine_sehr_gerung[gnu]inge_Bevöler[re]kerungsdichte_,False,True,False,2,False,False,False,2,2,False,False,False,2,2,2,False,tendenziell,1.0,100.0
SG12,P03_T6,P03,73,2011,145066,157842,C,D,44+45+46+47+48,auch_eune_[_enu]ine_sehr_gerung[gnu]inge_Bevöler[re]kerungsdichte_,2918,157842,160760,19,6+16+19+26+30+31+32+33+34+35+45+48+104,3,160760,161072,C,48,[_]._,True,False,False,2,True,False,False,1,2,True,False,False,1,2,2,False,auch eine sehr geringe Bevölkerungsdichte,1.0,100.0
SG12,P03_T6,P03,74,2011,160760,161072,C,D,48,[_]._,26145,161072,187217,102,0+13+14+15+16+19+21+26+30+31+32+33+34+35+39+40+41+42+43+44+45+46+47+48+50+51+57+58+79,1,187217,189838,I,50+51,Landwirtschaft_kann_,False,False,False,2,False,False,False,2,2,False,False,False,2,2,2,False,Bevölkerungsdichte,,
SG12,P03_T6,P03,75,2011,187217,189838,I,D,50+51,Landwirtschaft_kann_,7597,189838,197435,20,2+3+4+14+15+16+19+39+45+48+104,0,197435,201398,C,52+53+54+55+56+59,zwischen_60_und1[1]_100_,False,False,False,2,False,False,False,2,2,False,False,False,2,2,2,False,Landwirtschaft kann,1.0,100.0
SG12,P03_T6,P03,76,2011,197435,201398,C,D,52+53+54+55+56+59,zwischen_60_und1[1]_100_,8298,201398,209696,38,3+4+6+8+9+16+21+53+54+55+56+104,12,209696,209869,C,52,[zwischen]die,True,True,True,1,True,False,False,1,2,True,True,False,1,1,2,False,die 60 - bis 100-fache .,0.0,53.0
SG12,P03_T6,P03,77,2011,213659,218059,C,D,54+55+56,-[und]bis-fache_,2386,218059,220445,16,15+16+30+31+35+40+41+42+53+54+55+56,3,220445,225375,I,57,Beölkerungsdichte_,False,False,False,2,False,False,False,2,2,False,False,False,2,2,2,False,- bis 100-fache,0.0,67.0
SG12,P03_T6,P03,78,2011,220445,225375,I,D,57,Beölkerungsdichte_,7863,225375,233238,33,0+15+16+19+23+27+50+51+53+54+55+56+57+73+74+75+76+77+104,11,233238,234486,I,58,ermöglichen,False,False,False,2,False,False,False,2,2,False,False,False,2,2,2,False,Bevölkerungsdichte,1.0,94.0
SG12,P03_T6,P03,79,2011,233238,234486,I,D,58,ermöglichen,3619,234486,238105,22,26+32+33+34+35+41+42+46+47,0,238105,238339,I,58,",_",True,False,False,2,False,False,False,2,2,True,False,False,1,2,2,False,ermöglichen,1.0,100.0
SG12,P03_T6,P03,80,2011,238105,238339,I,D,58,",_",3837,238339,242176,19,50+57+58,4,242176,243284,C,58+59,"[_,].",True,False,False,2,True,False,False,1,2,True,False,False,1,2,2,False,ermöglichen,,
SG12,P03_T6,P03,81,2011,242176,243284,C,D,58+59,"[_,].",2995,243284,246279,6,45+48+53+54+55+56+57,0,246279,246279,I,57,v,False,False,False,2,False,False,False,2,2,False,False,False,2,2,2,False,ermöglichen .,,
SG12,P03_T6,P03,82,2011,246279,246279,I,D,57,v,6880,246279,253159,40,37+38+39+50+51+53+54+55+56+57+58+80+81+82+104+105,12,253159,256419,I,60+61,Überdies_tendieren_,False,False,False,2,False,False,False,2,2,False,False,False,2,2,2,False,Bevölkerungsdichte,,
SG12,P03_T6,P03,83,2011,253159,256419,I,D,60+61,Überdies_tendieren_,2387,256419,258806,3,44+45+48+57,0,258806,268977,C,61,GEsell[llesE]ge[eg]eselslcha[ahcls]lschaften_aus_Sammlern_und_Jägern_,True,True,True,1,True,False,False,1,2,True,True,True,1,1,1,False,Überdies sind,1.0,85.0
SG12,P03_T6,P03,84,2011,271583,276278,C,D,61+62+64+66,[mmaS###############]Jägern_und_Sammlen[n]rn_,9110,276278,285388,28,0+45+48+58+59+60+61+62+64+66+67,9,285388,295950,C,61+67+68+69+70,[tendieren_]sind_tendenziell_nicht_hierarsc[cs]chisch_org[g]ganisiert,True,True,True,1,True,True,True,1,1,True,True,True,1,1,1,False,sind Jäger Sammler Gesellschaften,0.0,68.0
SG12,P03_T6,P03,85,2011,305060,314358,C,D,71+72+73+74+75+76+77+78,",_obwohl_es_hierbei_durchaus_Ausnahmefälle_gbt[tb]ibt._",3651,314358,318009,26,0+59+62+63+64+66+67,0,318009,319085,I,81,Weil_,False,False,False,2,False,False,False,2,2,False,False,False,2,2,2,False,", obwohl es hierbei durchaus Ausnahmefälle gibt .",1.0,98.0
SG12,P03_T6,P03,86,2011,318009,319085,I,D,81,Weil_,5585,319085,324670,30,0+68+69+70+72+73+74+75+76+77+79+80+81+82+105+107,4,324670,327696,C,81,Jäger_un_[_]d_Sammler_,True,False,False,2,True,False,False,1,2,True,False,False,1,2,2,False,nomadischen,0.0,25.0
SG12,P03_T6,P03,87,2011,324670,327696,C,D,81,Jäger_un_[_]d_Sammler_,13915,327696,341611,72,0+61+62+64+66+69+70+72+73+74+75+76+77+79+80+81+82+95+105+112,14,341611,345605,C,81,als_Nomad[la#######,True,False,False,2,True,False,False,1,2,True,False,False,1,2,2,False,nomadischen,0.0,27.0
SG12,P03_T6,P03,88,2011,341611,345605,C,D,81,als_Nomad[la#######,3697,345605,349302,5,73+74+75+76+77+79,0,349302,349770,I,81,einer_,True,False,False,2,False,False,False,2,2,False,False,False,2,2,2,False,nomadischen,0.0,45.0
SG12,P03_T6,P03,89,2011,349302,349770,I,D,81,einer_,2434,349770,352204,0,,0,352204,371220,I,81+82+83+84+85+86+87+88+89+90+91+92+93+94,"nomadischen_Lebensweise_folgen,_haben_sie_im_Allgemeinen_nicht_die_Möglichkeit,_NAhrungsmittelvorräte_anzulegen.",True,False,False,2,False,False,False,2,2,False,False,False,2,2,2,False,nomadischen,0.0,40.0
SG12,P03_T6,P03,90,2011,352204,371220,I,D,81+82+83+84+85+86+87+88+89+90+91+92+93+94,"nomadischen_Lebensweise_folgen,_haben_sie_im_Allgemeinen_nicht_die_Möglichkeit,_NAhrungsmittelvorräte_anzulegen.",2668,371220,373888,10,92+93+94,10,373888,374013,C,92,[A]a,True,False,False,2,True,False,False,1,2,True,False,False,1,2,2,False,"nomadischen Lebensweise , haben sie im Allgemeinen nicht die Möglichkeit , Nahrungsmittelvorräte anzulegen .",1.0,94.0
SG12,P03_T6,P03,91,2011,373888,374013,C,D,92,[A]a,2121,374013,376134,8,92+93+94+112,2,376134,376134,I,94,_,False,False,False,2,False,False,False,2,2,False,False,False,2,2,2,False,Nahrungsmittelvorräte,,
SG12,P03_T6,P03,92,2011,376134,376134,I,D,94,_,6709,376134,382843,33,0+84+88+89+90+92+93+95+105+107+108,0,382843,389785,I,100+101+95+96+97+98+99,Dementsprechend_finden_sich_in_solchen_Gesellschaften_selten_,False,False,False,2,False,False,False,2,2,False,False,False,2,2,2,False,.,,
SG12,P03_T6,P03,93,2011,382843,389785,I,D,100+101+95+96+97+98+99,Dementsprechend_finden_sich_in_solchen_Gesellschaften_selten_,2246,389785,392031,5,98+99+105,4,392031,392577,I,105,Berufs,False,False,False,2,False,False,False,2,2,True,True,False,1,1,2,False,auch selten Dementsprechend leisten sich solche Gesellschaften,1.0,77.0
SG12,P03_T6,P03,94,2011,392031,392577,I,D,105,Berufs,8720,392577,401297,45,0+95+96+97+98+99+101+102+103+105+107+110+111+112,13,401297,408864,I,105+106+107+108+109,"politiker,_Bürokraten_oder_Kunsthandwerker",True,False,False,2,False,False,False,2,2,False,False,False,2,2,2,False,Berufspolitiker,1.0,100.0
SG12,P03_T6,P03,95,2011,401297,408864,I,D,105+106+107+108+109,"politiker,_Bürokraten_oder_Kunsthandwerker",2808,408864,411672,20,84+88+89+90+93+94+95+96+97+98+99+101+102+103+107+108+109+110+111+112,4,411672,411672,I,112,.,False,False,False,2,False,False,False,2,2,False,False,False,2,2,2,False,"Berufspolitiker , Bürokraten oder Kunsthandwerker",1.0,98.0
SG12,P03_T6,P03,96,2011,411672,411672,I,D,112,.,3166,411672,414838,10,105+109+112,8,414838,415306,I,100+99,_auch,False,False,False,2,False,False,False,2,2,True,False,False,1,2,2,False,.,,
SG12,P03_T6,P03,97,2011,414838,415306,I,D,100+99,_auch,5350,415306,420656,24,0+62+64+66+69+70+71+72+98+99+104+105+112,1,420656,421234,C,96,[finden]leisten,False,True,False,2,False,False,False,2,2,False,False,False,2,2,2,False,auch Gesellschaften,1.0,100.0
SG12,P03_T6,P03,98,2011,424011,425914,D,D,97+98,[in_n,3011,425914,428925,12,92+93+95+98+99+105,7,428925,431047,I,102+103+104,"den_Luxus,_",False,False,False,2,False,False,False,2,2,False,False,False,2,2,2,False,sich solche,0.0,40.0
SG12,P03_T6,P03,99,2011,428925,431047,I,D,102+103+104,"den_Luxus,_",3089,431047,434136,8,93+108+109+112,0,434136,434136,I,109,_,False,False,False,2,False,False,False,2,2,False,False,False,2,2,2,False,"den Luxus ,",1.0,90.0
SG12,P03_T6,P03,100,2011,434136,434136,I,D,109,_,2683,434136,436819,13,96+97+101+102+103+105+107+108+109+110+111+112,1,436819,437271,I,110,zu_,False,False,False,2,False,False,False,2,2,False,False,False,2,2,2,False,Kunsthandwerker,,
SG12,P03_T6,P03,101,2011,436819,437271,I,D,110,zu_,16692,437271,453963,69,92+93+95+96+97+98+99+101+102+103+104+105+109+110+111+112,11,453963,457536,C,111+112,unteh[he]rh[hr]erhalten.,False,False,False,2,False,False,False,2,2,False,False,False,2,2,2,False,zu,1.0,100.0
SG12,P03_T6,P03,102,2011,453963,457536,C,D,111+112,unteh[he]rh[hr]erhalten.,110651,457536,568187,542,0+2+4+5+6+8+9+10+11+12+13+15+16+17+18+19+21+22+26+28+29+30+31+33+34+37+39+40+41+42+43+44+45+48+50+53+54+55+56+57+62+67+68+69+70+72+73+74+75+76+77+79+80+81+82+83+92+93+94+95+96+97+101+102+103+105+108+110+111+112,19,568187,569919,C,2+3,[der_Gesellschaften_aus_]der_,False,True,False,2,False,True,False,2,2,False,False,False,2,2,2,False,unterhalten .,1.0,92.0
SG12,P04_T1,P04,1,1981,96486,98998,I,D,1+3,Killer_Pfleger,7909,98998,106907,18,3+4+5+6+7,11,106907,107172,C,1+2,[_]-,True,False,False,2,True,False,False,1,2,True,False,False,1,2,2,False,Killer Pfleger,1.0,100.0
SG12,P04_T1,P04,2,1981,106907,107172,C,D,1+2,[_]-,1982,107172,109154,7,3,0,109154,109154,I,3,_,False,False,False,2,False,False,False,2,2,False,False,False,2,2,2,False,Killer -,,
SG12,P04_T1,P04,3,1981,109154,109154,I,D,3,_,41153,109154,150307,133,0+1+4+11+12+22+32+33+36+37+38+42+44+45+46+55+61+64+79+80+81+82+87+103+104+106+107+108+109+111+112+125+127+128+129+130+131+132+133+134+136+137+144+146+147+151,0,150307,153130,C,4,erhält_v[v,False,False,False,2,False,False,False,2,2,False,False,False,2,2,2,False,Pfleger,,
SG12,P04_T1,P04,4,1981,150307,153130,C,D,4,erhält_v[v,4353,153130,157483,5,5+6,0,157483,162600,C,5+6+7,vie_[_]r_Mal_lebenslänglich_,False,False,False,2,False,False,False,2,2,False,False,False,2,2,2,False,erhält,1.0,100.0
SG12,P04_T1,P04,5,1981,157483,162600,C,D,5+6+7,vie_[_]r_Mal_lebenslänglich_,12464,162600,175064,42,3+4+8+9+31+32+44+45+46+55+58+60+62,0,175064,175751,I,8,Der_,False,False,False,2,False,False,False,2,2,False,False,False,2,2,2,False,vier Mal lebenslänglich,1.0,100.0
SG12,P04_T1,P04,6,1981,175064,175751,I,D,8,Der_,12854,175751,188605,50,0+3+4+5+6+7+29+34+79+80+82+104+106+132+146+147+151,0,188605,193815,I,10+11+9,Krankenpfleger_Colin_Norris,False,False,False,2,False,False,False,2,2,False,False,False,2,2,2,False,Der,1.0,100.0
SG12,P04_T1,P04,7,1981,188605,193815,I,D,10+11+9,Krankenpfleger_Colin_Norris,2481,193815,196296,9,37+38+39+40+42+46+47,0,196296,199556,I,11+12+13,_wurde_heute_,True,False,False,2,False,False,False,2,2,False,False,False,2,2,2,False,Colin Norris Krankenpfleger,0.0,52.0
SG12,P04_T1,P04,8,1981,196296,199556,I,D,11+12+13,_wurde_heute_,28314,199556,227870,65,0+8+9+10+12+13+14+61+64+79+80+81+82+103+104+106+107+108+109+111+112+123+126+127+128+129+130+131+132,4,227870,229820,I,13,auf_Lebenszeit,True,False,False,2,False,False,False,2,2,True,True,True,1,1,1,False,Norris wurde heute,1.0,100.0
SG12,P04_T1,P04,9,1981,227870,229820,I,D,13,auf_Lebenszeit,12059,229820,241879,38,7+8+9+10+11+12+13+36+37+38+39+40+41+42+59,15,241879,242176,D,13,[ti,True,False,False,2,True,False,False,1,2,True,True,True,1,1,1,False,heute,0.0,40.0
SG12,P04_T1,P04,10,1981,241879,242176,D,D,13,[ti,3666,242176,245842,14,13+39+40+41+60,5,245842,253657,C,13+21,[ezsnebeL_fua]lebensl#[#]änglich,True,True,True,1,True,True,True,1,1,True,True,True,1,1,1,False,heute,0.0,33.0
SG12,P04_T1,P04,11,1981,257183,257183,I,D,21,_,11825,257183,269008,41,4+5+6+8+9+10+13+21+37+38+42+61+64+103+104+106+111+112+127+131+132+144+145+151,5,269008,271098,C,22,inf[f]haftiert,False,False,False,2,False,False,False,2,2,False,False,False,2,2,2,False,lebenslänglich,,
SG12,P04_T1,P04,12,1981,269008,271098,C,D,22,inf[f]haftiert,11966,271098,283064,39,7+8+9+10+12+13+14+21+22+40+41+50+61+63+64+88+95+114,6,283064,288056,I,14+15+16,für_den_Mord_,False,False,False,2,False,False,False,2,2,False,False,False,2,2,2,False,inhaftiert,1.0,100.0
SG12,P04_T1,P04,13,1981,283064,288056,I,D,14+15+16,für_den_Mord_,10717,288056,298773,30,8+9+13+14+15+16+17+18+22+32+33+36+37+39+40+41+42+63,7,298773,299803,I,17,an_,False,False,False,2,False,False,False,2,2,False,False,False,2,2,2,False,für den Mord,1.0,100.0
SG12,P04_T1,P04,14,1981,298773,299803,I,D,17,an_,12932,299803,312735,36,8+9+13+14+15+16+17+18+21+22+23+41+43+50+63+88+95+115,2,312735,315356,I,18+19+20,vier_seiner_Patienten,False,False,False,2,False,False,False,2,2,False,False,False,2,2,2,False,an,1.0,100.0
SG12,P04_T1,P04,15,1981,312735,315356,I,D,18+19+20,vier_seiner_Patienten,10374,315356,325730,36,12+13+15+16+17+18+19+20+29+34+39+40+41+50+66,15,325730,325730,I,20,_,True,False,False,2,False,False,False,2,2,False,False,False,2,2,2,False,vier seiner Patienten,1.0,100.0
SG12,P04_T1,P04,16,1981,325730,325730,I,D,20,_,13541,325730,339271,45,15+16+17+18+19+20+21+22+40+41+43+50+66,3,339271,339692,I,23,._,False,False,False,2,False,False,False,2,2,False,False,False,2,2,2,False,Patienten,,
SG12,P04_T1,P04,17,1981,339271,339692,I,D,23,._,2980,339692,342672,20,20+23+24+25+26+27,3,342672,343233,I,24,Der_,False,False,False,2,False,False,False,2,2,False,False,False,2,2,2,False,.,,
SG12,P04_T1,P04,18,1981,342672,343233,I,D,24,Der_,2137,343233,345370,2,23,0,345370,355994,C,25+26+27+28,32-hä[äh]jährige_Norris_aus_Glasw[w]gow,False,False,False,2,False,False,False,2,2,False,False,False,2,2,2,False,Der,1.0,100.0
SG12,P04_T1,P04,19,1981,345370,355994,C,D,25+26+27+28,32-hä[äh]jährige_Norris_aus_Glasw[w]gow,2356,355994,358350,12,3+8+9+10+11+12+28+46+55,1,358350,367117,C,28+29+30+31+32+33,_hat_die_vier_Frauen_2ßß[ßß]9[9]002,True,False,False,2,True,False,False,1,2,True,False,False,1,2,2,False,32-jährige Norris aus Glasgow,1.0,100.0
SG12,P04_T1,P04,20,1981,358350,367117,C,D,28+29+30+31+32+33,_hat_die_vier_Frauen_2ßß[ßß]9[9]002,16349,367117,383466,66,13+14+16+20+23+28+30+31+32+33+37+38+39+40+42+63+65+79+80+82+83+84+87+88+95,29,383466,391063,I,33+34+35+36+37+38,"_umgebracht,_indem_er_ihnen",True,False,False,2,False,False,False,2,2,False,False,False,2,2,2,False,Glasgow hat die vier Frauen 2002,1.0,100.0
SG12,P04_T1,P04,21,1981,383466,391063,I,D,33+34+35+36+37+38,"_umgebracht,_indem_er_ihnen",3417,391063,394480,11,38+83+84+85+86+87+88+95,3,394480,405010,I,38+39+40+41+42+43,_große_Mengen_Schlafmittel_verabreichte.,True,False,False,2,False,False,False,2,2,False,False,False,2,2,2,False,"2002 umgebracht , indem er ihnen",1.0,96.0
SG12,P04_T1,P04,22,1981,394480,405010,I,D,38+39+40+41+42+43,_große_Mengen_Schlafmittel_verabreichte.,3588,405010,408598,13,37+39+40+41+42+66+68+69+88+95+118,9,408598,408598,I,43,_,True,False,False,2,False,False,False,2,2,False,False,False,2,2,2,False,ihnen große Mengen Schlafmittel verabreichte .,1.0,97.0
SG12,P04_T1,P04,23,1981,408598,408598,I,D,43,_,3790,408598,412388,18,44+46+47+49+50+54+55+56+57+58+63+66+67+68+69+73+77,0,412388,416008,I,44+45+46,Nach_einem_langen_,False,False,False,2,False,False,False,2,2,False,False,False,2,2,2,False,.,,
SG12,P04_T1,P04,24,1981,412388,416008,I,D,44+45+46,Nach_einem_langen_,8533,416008,424541,37,0+7+11+12+46+47+58+126+127+130+131+144+145+146+147+151,1,424541,426085,I,47,Prozess_,False,False,False,2,False,False,False,2,2,False,False,False,2,2,2,False,Nach einem langen,1.0,100.0
SG12,P04_T1,P04,25,1981,424541,426085,I,D,47,Prozess_,6084,426085,432169,38,31+32+33+36+38+39+40+41+46+48+49+51+56+57+63+66+67+88+95,0,432169,439626,I,48+49+50+51+52+53,wurde_er_gestern_in_vier_Fällen,False,False,False,2,False,False,False,2,2,False,False,False,2,2,2,False,Prozess,1.0,100.0
SG12,P04_T1,P04,26,1981,432169,439626,I,D,48+49+50+51+52+53,wurde_er_gestern_in_vier_Fällen,3229,439626,442855,13,12+31+32+33+38+50+51+53,3,442855,449610,C,53+54+55+56+57+58,_des_Mordes_schuldig_gespr[r]rochen.,True,False,False,2,True,False,False,1,2,True,False,False,1,2,2,False,wurde er gestern in vier Fällen,1.0,100.0
SG12,P04_T1,P04,27,1981,442855,449610,C,D,53+54+55+56+57+58,_des_Mordes_schuldig_gespr[r]rochen.,6225,449610,455835,33,37+38+40+42+49+50+51+54+55+56+57+73+76+77+79+80+87+102+103+104+106+107+108+109+111+112+114,5,455835,455835,I,58,_,True,False,False,2,False,False,False,2,2,False,False,False,2,2,2,False,Fällen des Mordes schuldig gesprochen .,1.0,97.0
SG12,P04_T1,P04,28,1981,455835,455835,I,D,58,_,3603,455835,459438,13,22+38+40+50+60+61+62+63+64+66+68+69,0,459438,459860,I,59,Er,False,False,False,2,False,False,False,2,2,False,False,False,2,2,2,False,.,,
SG12,P04_T1,P04,29,1981,459438,459860,I,D,59,Er,2012,459860,461872,4,88+95+107+108+109+136,0,461872,472496,I,59+60+61+62+63+64+65,_wurde_mit_viermal_lebenslänglich_bestraft_-_je_,True,False,False,2,False,False,False,2,2,False,False,False,2,2,2,False,Er,1.0,100.0
SG12,P04_T1,P04,30,1981,461872,472496,I,D,59+60+61+62+63+64+65,_wurde_mit_viermal_lebenslänglich_bestraft_-_je_,2620,472496,475116,9,33+65+88+89+90+91+94+95+114,1,475116,477737,C,65,ein[ni,True,False,False,2,True,False,False,1,2,True,False,False,1,2,2,False,Er wurde mit viermal lebenslänglich bestraft -,1.0,93.0
SG12,P04_T1,P04,31,1981,475116,477737,C,D,65,ein[ni,6693,477737,484430,26,0+47+48+63+65+66+67+68+69+115+151,11,484430,484929,D,65,[e_ej,True,False,False,2,True,False,False,1,2,True,False,False,1,2,2,False,-,,
SG12,P04_T1,P04,32,1981,484430,484929,D,D,65,[e_ej,2075,484929,487004,7,62+66,0,487004,488267,I,66+67,pro_Mord,False,False,False,2,False,False,False,2,2,False,False,False,2,2,2,False,-,,
SG12,P04_T1,P04,33,1981,487004,488267,I,D,66+67,pro_Mord,6818,488267,495085,20,5+6+27+67+88+89+90+91+93+94+95,6,495085,498829,I,67+68+69+70,_einmal_lebenslänglich._,True,False,False,2,False,False,False,2,2,False,False,False,2,2,2,False,pro Mord,1.0,100.0
SG12,P04_T1,P04,34,1981,495085,498829,I,D,67+68+69+70,_einmal_lebenslänglich._,2230,498829,501059,11,44+46+55+66+68+69+71+72+73+77,1,501059,507487,I,71+72+73+74+75+76,Er_wird_für_mindestens_30_Jahre_,False,False,False,2,False,False,False,2,2,False,False,False,2,2,2,False,Mord einmal lebenslänglich .,1.0,95.0
SG12,P04_T1,P04,35,1981,501059,507487,I,D,71+72+73+74+75+76,Er_wird_für_mindestens_30_Jahre_,24710,507487,532197,134,0+4+5+6+7+8+9+11+15+29+31+32+33+34+36+47+50+52+53+54+55+61+64+67+68+69+72+73+74+76+77+79+80+82+88+89+90+91+95+97+106+107+108+109+123+125+128+129+131+132+144+145+146+147+151,34,532197,533476,I,77+78,einsitzen.,False,False,False,2,False,False,False,2,2,False,False,False,2,2,2,False,Er wird für mindestens 30 Jahre,1.0,100.0
SG12,P04_T1,P04,36,1981,532197,533476,I,D,77+78,einsitzen.,3822,533476,537298,19,0+71+72+73+76+77+79+80+81+92+94+116+118,5,537298,537298,I,78,_,True,False,False,2,False,False,False,2,2,False,False,False,2,2,2,False,einsitzen .,1.0,90.0
SG12,P04_T1,P04,37,1981,537298,537298,I,D,78,_,6412,537298,543710,24,0+73+77+103+104+106+107+108+109+111+112+113+114+115+116+118+127+133,0,543710,553959,C,79+80+81+82+83+84+85+86+87+88,"Der_Polizist_G[G]Chris_F[F]Gregg_gab_an,_dass_Norris_sich",False,False,False,2,False,False,False,2,2,False,False,False,2,2,2,False,.,,
SG12,P04_T1,P04,38,1981,543710,553959,C,D,79+80+81+82+83+84+85+86+87+88,"Der_Polizist_G[G]Chris_F[F]Gregg_gab_an,_dass_Norris_sich",7301,553959,561260,23,88+95+114+115+116+118+134+136+151,7,561260,565285,I,88+92+93,_um_das_Krankenhaus,True,False,False,2,False,False,False,2,2,True,True,False,1,1,2,False,"Der Polizist Chris Gregg gab an , dass Norris sich",1.0,98.0
SG12,P04_T1,P04,39,1981,561260,565285,I,D,88+92+93,_um_das_Krankenhaus,5741,565285,571026,7,92+93,7,571026,575721,C,88+92,[m_dasu]bei,True,True,True,1,True,False,False,1,2,True,True,False,1,1,2,False,sich des Krankenhauses,1.0,83.0
SG12,P04_T1,P04,40,1981,578420,578420,I,D,88,m,1982,578420,580402,2,93,0,580402,580916,D,88,[mieb,True,False,False,2,True,False,False,1,2,True,False,False,1,2,2,False,sich,,
SG12,P04_T1,P04,41,1981,580402,580916,D,D,88,[mieb,21684,580916,602600,69,0+83+84+85+86+89+90+91+93+116+118+132+133+134+136+151,0,602600,605018,I,89+90+91+92,in_der_Nähe_des,False,False,False,2,False,False,False,2,2,False,False,False,2,2,2,False,sich,0.0,25.0
SG12,P04_T1,P04,42,1981,602600,605018,I,D,89+90+91+92,in_der_Nähe_des,2091,605018,607109,21,93,0,607109,607795,I,93,es_,False,False,False,2,False,False,False,2,2,False,False,False,2,2,2,False,in der Nähe des,1.0,100.0
SG12,P04_T1,P04,43,1981,607109,607795,I,D,93,es_,2262,607795,610057,11,88+92+93+94+95+99+116+151,4,610057,614051,C,94+95+96,selta[a]sam_verhile[el]elt.,False,False,False,2,False,False,False,2,2,False,False,False,2,2,2,False,Krankenhauses,1.0,100.0
SG12,P04_T1,P04,44,1981,610057,614051,C,D,94+95+96,selta[a]sam_verhile[el]elt.,7238,614051,621289,38,78+79+80+81+83+84+96+97+102+103+104+106+107+108+109+111+112+116+118+119+120+133+136+137+138+139,4,621289,621289,I,96,_,True,False,False,2,False,False,False,2,2,False,False,False,2,2,2,False,seltsam verhielt .,1.0,94.0
SG12,P04_T1,P04,45,1981,621289,621289,I,D,96,_,2294,621289,623583,9,96+97+118+119+137,1,623583,624784,I,97+98,Nur_dank,False,False,False,2,False,False,False,2,2,False,False,False,2,2,2,False,.,,
SG12,P04_T1,P04,46,1981,623583,624784,I,D,97+98,Nur_dank,2449,624784,627233,5,118+119+120+137,0,627233,634113,C,100+101+98+99,_der_SA[A]A[A]A[AS]Aufmerksamkeit_des,True,False,False,2,True,False,False,1,2,True,False,False,1,2,2,False,Nur dank,1.0,100.0
SG12,P04_T1,P04,47,1981,627233,634113,C,D,100+101+98+99,_der_SA[A]A[A]A[AS]Aufmerksamkeit_des,3026,634113,637139,9,102+103+111+112,0,637139,637139,I,101,_,True,False,False,2,False,False,False,2,2,False,False,False,2,2,2,False,Aufmerksamkeit des dank der,1.0,82.0
SG12,P04_T1,P04,48,1981,637139,637139,I,D,101,_,2434,637139,639573,6,99+100+101+131+135,1,639573,642568,I,102,Krankenhauspersonals,False,False,False,2,False,False,False,2,2,False,False,False,2,2,2,False,des,,
SG12,P04_T1,P04,49,1981,639573,642568,I,D,102,Krankenhauspersonals,5210,642568,647778,24,0+22+39+62+83+84+97+99+100+102+103+104+111+112+130+132+145+146+147+151,1,647778,647778,I,102,_,True,False,False,2,False,False,False,2,2,False,False,False,2,2,2,False,Krankenhauspersonals,1.0,100.0
SG12,P04_T1,P04,50,1981,647778,647778,I,D,102,_,2138,647778,649916,10,102+133+145+146+147+151,3,649916,661709,C,103+104+105+106+107+108+109+110+111+112+113,kp0[0p]onnte_er_uns[s]d_somit_die_Morde_gestoppt_werden.,False,False,False,2,False,False,False,2,2,False,False,False,2,2,2,False,Krankenhauspersonals,,
SG12,P04_T1,P04,51,1981,649916,661709,C,D,103+104+105+106+107+108+109+110+111+112+113,kp0[0p]onnte_er_uns[s]d_somit_die_Morde_gestoppt_werden.,4587,661709,666296,14,102+103+107+108+109+111+112+113,13,666296,667715,I,105+110,",,",True,False,False,2,False,False,False,2,2,False,False,False,2,2,2,False,"konnte er , und somit die Morde , gestoppt werden .",1.0,91.0
SG12,P04_T1,P04,52,1981,666296,667715,I,D,105+110,",,",6365,667715,674080,35,102+103+104+106+107+108+109+111+112+113+114,0,674080,674080,I,113,_,False,False,False,2,False,False,False,2,2,False,False,False,2,2,2,False,", ,",,
SG12,P04_T1,P04,53,1981,674080,674080,I,D,113,_,4867,674080,678947,19,0+114+115+116+118+120,0,678947,680648,I,114+115,Die_Polizei,False,False,False,2,False,False,False,2,2,False,False,False,2,2,2,False,.,,
SG12,P04_T1,P04,54,1981,678947,680648,I,D,114+115,Die_Polizei,7644,680648,688292,24,115+134+136+137+138+139+141+142,3,688292,688292,I,115,_,True,False,False,2,False,False,False,2,2,False,False,False,2,2,2,False,Die Polizei,1.0,100.0
SG12,P04_T1,P04,55,1981,688292,688292,I,D,115,_,14477,688292,702769,45,0+102+103+104+111+112+114+115+116+118+120+136+137+138+139+151,8,702769,715639,C,117,"fand_heraus,_dass_das_Motiv_[###toM_sa]ie_Mord[######i]as_Motiv_der_Morde",False,True,False,2,False,False,False,2,2,False,False,False,2,2,2,False,Polizei,,
SG12,P04_T1,P04,56,1981,702769,715639,C,D,117,"fand_heraus,_dass_das_Motiv_[###toM_sa]ie_Mord[######i]as_Motiv_der_Morde",2745,715639,718384,11,119+135+139+151,0,718384,718384,I,117,_,True,False,False,2,False,False,False,2,2,True,False,False,1,2,2,False,als,0.0,67.0
SG12,P04_T1,P04,57,1981,718384,718384,I,D,117,_,6833,718384,725217,31,115+116+135+136+137+139+141+142+143+144+145+148,0,725217,725888,I,117,auf,True,False,False,2,False,False,False,2,2,True,False,False,1,2,2,False,als,,
SG12,P04_T1,P04,58,1981,725217,725888,I,D,117,auf,3900,725888,729788,21,36+37+42+76+78+101+102+125+126+127+128+129+135+144+146+147,0,729788,730334,D,117,[fua,True,False,False,2,True,False,False,1,2,True,False,False,1,2,2,False,als,0.0,33.0
SG12,P04_T1,P04,59,1981,729788,730334,D,D,117,[fua,11139,730334,741473,37,99+100+102+115+116+135+144+145+146+147+151,0,741473,748009,C,117+118+119+120+130,[#############################areh]als_Mori[ir]tiv_der_Morde_,True,False,False,2,True,False,False,1,2,True,False,False,1,2,2,False,als,0.0,33.0
SG12,P04_T1,P04,60,1981,741473,748009,C,D,117+118+119+120+130,[#############################areh]als_Mori[ir]tiv_der_Morde_,6255,748009,754264,16,116+118+119+135,4,754264,755840,C,116,[fand_]ermittelte_,False,True,False,2,False,False,False,2,2,True,False,False,1,2,2,False,als Motiv der Morde .,1.0,100.0
SG12,P04_T1,P04,61,1981,754264,755840,C,D,116,[fand_]ermittelte_,3651,755840,759491,18,118+120+131+134+137+138+139+141+142+144+145+146+147+151,0,759491,764764,C,120+121+122,_Bi[iB]NorrisÄ[Ä]'_,False,False,False,2,False,False,False,2,2,False,False,False,2,2,2,False,ermittelte,1.0,100.0
SG12,P04_T1,P04,62,1981,759491,764764,C,D,120+121+122,_Bi[iB]NorrisÄ[Ä]'_,17284,764764,782048,53,7+8+9+28+29+30+33+34+38+57+89+90+91+101+102+103+104+107+108+109+111+112+116+120+121+122+144+145+146+147+148+151,4,782048,783343,I,123+124,Abneigung,False,False,False,2,False,False,False,2,2,False,False,False,2,2,2,False,Morde Norris ',1.0,86.0
SG12,P04_T1,P04,63,1981,782048,783343,I,D,123+124,Abneigung,7722,783343,791065,46,68+69+89+90+91+107+108+109+114+115+116+118+120+121+122+123+135+145+146+147+151,5,791065,796432,I,124+125+126+127+128+129+130,",_mit_alten_Menschen_zu_arbeiten.",True,False,False,2,False,False,False,2,2,True,True,False,1,1,2,False,"Abscheu ,",0.0,44.0
SG12,P04_T1,P04,64,1981,791065,796432,I,D,124+125+126+127+128+129+130,",_mit_alten_Menschen_zu_arbeiten.",54569,796432,851001,206,0+4+5+6+7+11+13+15+16+18+20+22+28+29+30+32+33+34+37+39+40+42+46+47+48+49+50+51+52+53+54+55+56+59+60+61+64+66+67+68+69+70+71+72+73+77+81+89+90+91+92+93+100+101+102+103+107+108+109+111+112+116+119+121+122+123+125+126+128+129+130+131,20,851001,853107,C,123+124,[gnugien]scheu,True,True,True,1,True,False,False,1,2,True,True,False,1,1,2,False,", mit alten Menschen zu arbeiten .",1.0,97.0
SG12,P04_T1,P04,65,1981,862701,878941,C,D,130+131+132+133+134+135+136+137,"Alle_seine_O[#########llA]Seine_Opf[f]fer_waren_alle_alten_[_n],_schwache_Frauen_",2106,878941,881047,6,136+137,6,881047,886741,C,137+138+139,[_]_mit_Herzprp[pr,True,False,False,2,True,False,False,1,2,True,False,False,1,2,2,False,". Seine Opfer waren alte , schwache Frauen",1.0,88.0
SG12,P04_T1,P04,66,1981,881047,886741,C,D,137+138+139,[_]_mit_Herzprp[pr,29281,886741,916022,123,0+4+5+6+7+10+11+12+13+14+16+17+18+19+28+29+33+34+36+37+42+46+47+48+55+68+69+72+73+74+75+76+77+79+80+81+82+83+84+96+103+104+106+111+112+114+115+118+135+136+137+138+139+146+147+151,9,916022,920421,C,139+143,[p]erkrankungen._,True,False,False,2,True,False,False,1,2,True,False,False,1,2,2,False,Frauen mit Herzerkrankungen,0.0,71.0
SG12,P04_T1,P04,67,1981,916022,920421,C,D,139+143,[p]erkrankungen._,5960,920421,926381,20,7+119+120+131+139+141+142+143+144+145+146+147+151,4,926381,927441,I,143,Alle,True,False,False,2,False,False,False,2,2,True,False,False,1,2,2,False,Herzerkrankungen als,1.0,92.0
SG12,P04_T1,P04,68,1981,926381,927441,I,D,143,Alle,3698,927441,931139,19,29+34+121+122+123+137+139+140+141+142+143+144+145+146+147+148,2,931139,931950,I,143,_kö,True,False,False,2,False,False,False,2,2,True,False,False,1,2,2,False,als,0.0,67.0
SG12,P04_T1,P04,69,1981,931139,931950,I,D,143,_kö,3245,931950,935195,17,76+121+122+139+141+142+143+144+146+147+150+151,1,935195,948579,C,143+144+145+146+147+148,nngte[etg]ten_als_Belan[n]stung_für_das_Krankenhauspersonal_betrac,True,False,False,2,True,False,False,1,2,True,False,False,1,2,2,False,als,0.0,0.0
SG12,P04_T1,P04,70,1981,935195,948579,C,D,143+144+145+146+147+148,nngte[etg]ten_als_Belan[n]stung_für_das_Krankenhauspersonal_betrac,3651,948579,952230,20,137+139+141+142+144+146+147+148+150+151,12,952230,954929,C,148+149,hter[r]t_werden-.[.-,True,False,False,2,True,False,False,1,2,True,False,False,1,2,2,False,als Belastung für das Krankenhauspersonal betrachtet,1.0,92.0
SG12,P04_T1,P04,71,1981,952230,954929,C,D,148+149,hter[r]t_werden-.[.-,5460,954929,960389,18,133+135+136+138+139+140+149,1,960389,961933,C,140+141+143,"[.],_die",False,False,False,2,False,False,False,2,2,False,False,False,2,2,2,False,betrachtet werden,0.0,69.0
SG12,P04_T1,P04,72,1981,960389,961933,C,D,140+141+143,"[.],_die",2184,961933,964117,6,121+122+123+141+142+149,1,964117,965334,C,141+143,[############n_]_,True,False,False,2,True,False,False,1,2,True,False,False,1,2,2,False,", die als",1.0,100.0
SG12,P04_T1,P04,73,1981,964117,965334,C,D,141+143,[############n_]_,2558,965334,967892,9,144+146+147+148+149,0,967892,968844,I,149+150+151,_könnten.,False,False,False,2,False,False,False,2,2,False,False,False,2,2,2,False,die als,,
SG12,P04_T1,P04,74,1981,967892,968844,I,D,149+150+151,_könnten.,81308,968844,1050152,429,7+8+9+10+11+12+13+14+15+16+17+19+21+22+28+29+30+31+32+33+34+36+37+38+39+40+41+42+46+47+48+49+50+52+53+54+55+56+57+60+66+67+68+69+71+72+73+74+75+76+77+79+80+81+82+83+84+100+102+103+106+107+108+109+111+112+113+114+115+116+118+119+121+122+123+124+131+133+134+135+136+137+138+139+141+142+144+146+147+148+149+150+151,26,1050152,1051072,D,133,[ella_,False,False,False,2,False,False,False,2,2,False,False,False,2,2,2,False,werden könnten .,1.0,88.0
SG12,P04_T2,P04,75,2204,69358,80559,C,D,1+2+3+4+5+6,Familien_besonders_von_ansteigene[e]den_Lebenshaltungskosten_betroffen,14539,80559,95098,69,2+3+4+5+6+9+11+13+14+37+40+41+92+94+113+121+122+124+125+126+127+128+129+130+132+133+134+137+138+139+140+141+142+143+152+153+154,27,95098,95098,I,6,_,True,False,False,2,False,False,False,2,2,False,False,False,2,2,2,False,Familien besonders von ansteigenden Lebenshaltungskosten betroffen,1.0,100.0
SG12,P04_T2,P04,76,2204,95098,95098,I,D,6,_,26021,95098,121119,77,1+5+7+8+9+10+11+13+14+16+17+19+20+21+22+23+24+25+27+28+29+30+31+32,0,121119,124957,I,7+8+9,Britische_Familien_müssen,False,False,False,2,False,False,False,2,2,False,False,False,2,2,2,False,betroffen,,
SG12,P04_T2,P04,77,2204,121119,124957,I,D,7+8+9,Britische_Familien_müssen,9172,124957,134129,21,11+13+16+17+19+20+22,0,134129,137483,I,10+9,_zusätzlich_,True,False,False,2,False,False,False,2,2,False,False,False,2,2,2,False,Britische Familien müssen,1.0,100.0
SG12,P04_T2,P04,78,2204,134129,137483,I,D,10+9,_zusätzlich_,2496,137483,139979,2,17,0,139979,142943,I,11,"31,300",False,False,False,2,False,False,False,2,2,False,False,False,2,2,2,False,zusätzlich müssen,1.0,100.0
SG12,P04_T2,P04,79,2204,139979,142943,I,D,11,"31,300",9095,142943,152038,27,2+5+6+13+16+17+22+39+71+73+74+95,0,152038,155205,C,11+12,"[,]._Pfund",True,False,False,2,True,False,False,1,2,True,False,False,1,2,2,False,31.300,1.0,83.0
SG12,P04_T2,P04,80,2204,152038,155205,C,D,11+12,"[,]._Pfund",8533,155205,163738,38,2+3+4+5+6+16+17+22+38+39+44+94+113,0,163738,166687,C,12+13,_k[k]jährlich,True,False,False,2,True,False,False,1,2,True,False,False,1,2,2,False,31.300 Pfund,1.0,86.0
SG12,P04_T2,P04,81,2204,163738,166687,C,D,12+13,_k[k]jährlich,3463,166687,170150,15,2+6+19+20+21+28+29,0,170150,175204,I,13,_für_Nahrungsmittel_und_,True,False,False,2,False,False,False,2,2,True,False,False,1,2,2,False,Pfund jährlich,1.0,100.0
SG12,P04_T2,P04,82,2204,170150,175204,I,D,13,_für_Nahrungsmittel_und_,9392,175204,184596,22,2+5+6+13+38+111+154,5,184596,185142,D,13,[####################rüf,True,False,False,2,True,False,False,1,2,True,False,False,1,2,2,False,jährlich,0.0,38.0
SG12,P04_T2,P04,83,2204,184596,185142,D,D,13,[####################rüf,6006,185142,191148,26,2+4+5+6+9+10+11+13+17+20+28+29+37+38+40+41+92+111,1,191148,193191,I,14+15,"aufbringen,_um",False,False,False,2,False,False,False,2,2,False,False,False,2,2,2,False,jährlich,0.0,12.0
SG12,P04_T2,P04,84,2204,191148,193191,I,D,14+15,"aufbringen,_um",5850,193191,199041,21,5+20+21+28+29+31+32+45+118+138+142+143,0,199041,199260,D,15,[mu,True,False,False,2,True,False,False,1,2,True,False,False,1,2,2,False,"aufbringen ,",1.0,92.0
SG12,P04_T2,P04,85,2204,199041,199260,D,D,15,[mu,8283,199260,207543,29,7+20+21+26+28+29+31+32+45+46+47+97+98+138+139+142+143,0,207543,209915,I,16,da_,False,False,False,2,False,False,False,2,2,False,False,False,2,2,2,False,",",,
SG12,P04_T2,P04,86,2204,207543,209915,I,D,16,da_,13915,209915,223830,32,8+11+12+20+21+28+29+44+117+138+142+143,0,223830,231755,C,17+18+19+20,Nahrungsmittel-_und_Ente[et]erf[f]giepreise,False,False,False,2,False,False,False,2,2,False,False,False,2,2,2,False,da,1.0,100.0
SG12,P04_T2,P04,87,2204,223830,231755,C,D,17+18+19+20,Nahrungsmittel-_und_Ente[et]erf[f]giepreise,62790,231755,294545,166,0+2+3+4+5+6+7+9+10+12+13+17+19+20+21+23+24+25+26+27+28+29+30+31+32+40+41+48+49+52+60+78+86+87+88+89+90+91+92+93+102+106+109+110+113+114+117+121+122+124+125+126+127+128+129+130+138+139+142+143+145+146+147+148,12,294545,299225,C,20+23,_so_sa[a]tark_e[e]wie,True,False,False,2,True,False,False,1,2,True,False,False,1,2,2,False,Nahrungsmittel - und Energiepreise,1.0,97.0
SG12,P04_T2,P04,88,2204,294545,299225,C,D,20+23,_so_sa[a]tark_e[e]wie,7941,299225,307166,39,21+23+24+25+26+27+30+31+32+33,10,307166,307166,I,23,_,True,False,False,2,False,False,False,2,2,True,True,True,1,1,1,False,Energiepreise in,0.0,25.0
SG12,P04_T2,P04,89,2204,307166,307166,I,D,23,_,8190,307166,315356,39,7+23+24+25+27+30+31+32+33+50+105+123,13,315356,318819,C,23,nofh[hf]ch_,True,False,False,2,True,False,False,1,2,True,True,True,1,1,1,False,in,,
SG12,P04_T2,P04,90,2204,315356,318819,C,D,23,nofh[hf]ch_,9516,318819,328335,44,17+19+20+21+23+24+25+26+27+31+32+33+45+60+123,16,328335,338319,C,23+24+25+26+27+28,nie_in_den_letzten_198[89]7_Jahren_ansteigen,True,False,False,2,True,False,False,1,2,True,True,True,1,1,1,False,in,0.0,50.0
SG12,P04_T2,P04,91,2204,328335,338319,C,D,23+24+25+26+27+28,nie_in_den_letzten_198[89]7_Jahren_ansteigen,4992,338319,343311,28,5+8+10+11+13+17+19+20+21+23+24+25+44+45,3,343311,346618,C,28+29,[negiets]gestiegen_sind,True,True,True,1,True,False,False,1,2,True,True,True,1,1,1,False,in den letzten 17 Jahren angestiegen,1.0,92.0
SG12,P04_T2,P04,92,2204,353451,353950,I,D,30,._,2294,353950,356244,9,31+32+33+40+41+42+58+60+62+91+93,0,356244,362281,C,31+32+33+34+35,Die_Pri[i]eise_in_den_Supü[ü]ermärkten,False,False,False,2,False,False,False,2,2,False,False,False,2,2,2,False,.,,
SG12,P04_T2,P04,93,2204,356244,362281,C,D,31+32+33+34+35,Die_Pri[i]eise_in_den_Supü[ü]ermärkten,3853,362281,366134,14,20+58+59+60+66+67+68+69+73+74+92+97+98,0,366134,366618,I,35+36,_sind,True,False,False,2,False,False,False,2,2,False,False,False,2,2,2,False,Die Preise in den Supermärkten,1.0,100.0
SG12,P04_T2,P04,94,2204,366134,366618,I,D,35+36,_sind,2699,366618,369317,11,38+39+44+45,0,369317,372624,C,36+37+38+39,_im_letztenm[m]_Jahr,True,False,False,2,True,False,False,1,2,True,False,False,1,2,2,False,Supermärkten sind,1.0,100.0
SG12,P04_T2,P04,95,2204,369317,372624,C,D,36+37+38+39,_im_letztenm[m]_Jahr,3307,372624,375931,14,20+23+24+25+60+66+67+68+69+73+74,0,375931,375931,I,39,_,True,False,False,2,False,False,False,2,2,False,False,False,2,2,2,False,sind im letzten Jahr,1.0,100.0
SG12,P04_T2,P04,96,2204,375931,375931,I,D,39,_,16177,375931,392108,51,4+17+20+23+24+25+26+27+66+67+69+91+93+95+97+98+102+106+108+109+114+133+137+140+141+145+146+147+148+154,0,392108,395260,I,40+41,bedenklich_stark,False,False,False,2,False,False,False,2,2,False,False,False,2,2,2,False,Jahr,,
SG12,P04_T2,P04,97,2204,392108,395260,I,D,40+41,bedenklich_stark,5928,395260,401188,28,2+4+5+6+10+16+20+22+60+66+67+69+71+72+73+74+103+154,0,401188,403996,C,41+42,_angestig[g]egen,True,False,False,2,True,False,False,1,2,True,False,False,1,2,2,False,bedenklich stark,1.0,100.0
SG12,P04_T2,P04,98,2204,401188,403996,C,D,41+42,_angestig[g]egen,7987,403996,411983,40,19+21+23+24+25+26+27+58+60+66+67+69+71+73+74+76+77+84+134+138+139+140+141+142+143+145+146+148+154,0,411983,412295,I,43,._,False,False,False,2,False,False,False,2,2,False,False,False,2,2,2,False,stark angestiegen,1.0,100.0
SG12,P04_T2,P04,99,2204,411983,412295,I,D,43,._,54959,412295,467254,225,1+4+5+9+10+13+14+20+21+23+24+25+26+27+28+29+31+32+34+35+36+37+38+39+43+44+45+46+47+48+49+50+51+52+60+66+67+68+69+75+76+77+78+79+80+83+91+92+93+94+95+97+98+99+113+138+140+141+142+143,2,467254,469001,I,44,Analytiker,False,False,False,2,False,False,False,2,2,False,False,False,2,2,2,False,.,,
SG12,P04_T2,P04,100,2204,467254,469001,I,D,44,Analytiker,4836,469001,473837,17,8+9+10+13+14+19+21+28+29+31+32,0,473837,477425,I,44+45+46+47+48+49,"_warnen,_dass_die_Preise",True,False,False,2,False,False,False,2,2,False,False,False,2,2,2,False,Analytiker,1.0,100.0
SG12,P04_T2,P04,101,2204,473837,477425,I,D,44+45+46+47+48+49,"_warnen,_dass_die_Preise",2980,477425,480405,5,31+32,0,480405,486582,I,49+50+51+52+53,"_weiterhin_ansteigen_werden,_",True,False,False,2,False,False,False,2,2,False,False,False,2,2,2,False,"Analytiker warnen , dass die Preise",1.0,96.0
SG12,P04_T2,P04,102,2204,480405,486582,I,D,49+50+51+52+53,"_weiterhin_ansteigen_werden,_",3401,486582,489983,14,36+37+38+66+67+73+74+75+83+84+91+92+93+94+95,0,489983,491746,I,54+55,wodurch_es,False,False,False,2,False,False,False,2,2,False,False,False,2,2,2,False,"Preise weiterhin ansteigen werden ,",1.0,96.0
SG12,P04_T2,P04,103,2204,489983,491746,I,D,54+55,wodurch_es,25335,491746,517081,90,0+4+5+20+37+38+39+40+41+60+66+67+68+69+71+73+74+75+83+86+87+88+89+90+91+92+93+94+95+96+97+98+99+102+111+113+114+115+116,0,517081,518999,I,55,_den_Banken,True,False,False,2,False,False,False,2,2,True,False,False,1,2,2,False,wodurch es,1.0,100.0
SG12,P04_T2,P04,104,2204,517081,518999,I,D,55,_den_Banken,13791,518999,532790,44,0+14+23+24+25+36+37+38+40+41+43+44+45+46+47+48+49+60+66+67+91+92+93+94+95+97+98+109+111+144,0,532790,535302,D,55,[######_ned,True,False,False,2,True,False,False,1,2,True,False,False,1,2,2,False,es,0.0,50.0
SG12,P04_T2,P04,105,2204,532790,535302,D,D,55,[######_ned,6723,535302,542025,21,7+38+40+41+71+73+74+86+87+88+89+90+91+92+93+95+115+116,0,542025,555504,C,56+58+59+60+61+62+63+64+65+66+67,"der_Bank_of_Enla[al]gland_schwer_gemacht_wird,_die_Zinssätu[u]ze",False,False,False,2,False,False,False,2,2,False,False,False,2,2,2,False,es,0.0,50.0
SG12,P04_T2,P04,106,2204,542025,555504,C,D,56+58+59+60+61+62+63+64+65+66+67,"der_Bank_of_Enla[al]gland_schwer_gemacht_wird,_die_Zinssätu[u]ze",4805,555504,560309,21,3+4+5+13+48+49+59+60+66+67+68+69+94+95,3,560309,561759,C,67+68,_u[u]zu,True,False,False,2,True,False,False,1,2,True,False,False,1,2,2,False,"der Bank of England "" schwer gemacht wird , den Zinssatz",1.0,91.0
SG12,P04_T2,P04,107,2204,560309,561759,C,D,67+68,_u[u]zu,2434,561759,564193,7,46+47+48+49+152,0,564193,568670,C,66+67,[ä]a[eei]en,True,False,False,2,True,False,False,1,2,True,False,False,1,2,2,False,Zinssatz zu,1.0,100.0
SG12,P04_T2,P04,108,2204,564193,568670,C,D,66+67,[ä]a[eei]en,2980,568670,571650,10,27+45+46+47+48+49,0,571650,571650,I,68,_,False,False,False,2,False,False,False,2,2,False,False,False,2,2,2,False,den Zinssatz,1.0,100.0
SG12,P04_T2,P04,109,2204,571650,571650,I,D,68,_,4149,571650,575799,18,45+46+47+48+49+50+68+121+122+124+125+126+127+128+129+130+132,1,575799,576299,I,69,senken,False,False,False,2,False,False,False,2,2,False,False,False,2,2,2,False,zu,,
SG12,P04_T2,P04,110,2204,575799,576299,I,D,69,senken,45521,576299,621820,190,0+2+5+6+7+9+10+11+12+13+14+17+27+31+32+44+45+46+47+48+49+50+51+52+56+58+59+60+66+67+68+71+72+73+74+75+76+77+78+79+80+81+83+84+94+95+96+97+98+102+106+108+109+110+113+121+122+124+125+126+127+128+129+130+134+135+136+137+138+139+140+141+142+143+153+154,0,621820,623099,I,70+71,",_während_",False,False,False,2,False,False,False,2,2,False,False,False,2,2,2,False,senken,1.0,100.0
SG12,P04_T2,P04,111,2204,621820,623099,I,D,70+71,",_während_",23868,623099,646967,95,2+3+4+5+6+7+8+9+10+12+13+14+20+23+24+25+31+32+33+38+39+40+41+44+45+48+49+50+51+73+74+76+77+78+79+80+97+98+102+111,0,646967,647498,I,72,sie,False,False,False,2,False,False,False,2,2,False,False,False,2,2,2,False,", während",1.0,100.0
SG12,P04_T2,P04,112,2204,646967,647498,I,D,72,sie,3042,647498,650540,12,14+17+51+80+100+101+115+116+135,0,650540,650540,I,72,_,True,False,False,2,False,False,False,2,2,False,False,False,2,2,2,False,sie,1.0,100.0
SG12,P04_T2,P04,113,2204,650540,650540,I,D,72,_,17940,650540,668480,53,3+4+9+10+13+14+31+32+34+35+51+60+66+67+69+76+77+78+97+98+107+109+113+135,0,668480,672582,I,73+74+75+76,"damit_ringt,_die_",False,False,False,2,False,False,False,2,2,False,False,False,2,2,2,False,sie,,
SG12,P04_T2,P04,114,2204,668480,672582,I,D,73+74+75+76,"damit_ringt,_die_",3105,672582,675687,10,17+19+54+63+64+100+101+102+103,0,675687,684095,C,77,Ingla[alg]g[g]flation_niedrig_zu_hab[b]le[e]ten,False,False,False,2,False,False,False,2,2,False,False,False,2,2,2,False,"damit ringt , die",1.0,94.0
SG12,P04_T2,P04,115,2204,675687,684095,C,D,77,Ingla[alg]g[g]flation_niedrig_zu_hab[b]le[e]ten,6381,684095,690476,33,23+24+25+34+35+37+40+41+45+46+47+48+49+50+51+52+54+58+59+60+63+64+79+80+100+101+102+103,0,690476,696763,C,77+78+79+80+81+82,[##########girdein]und_die_Wirtschaft_undt[#]er_K,True,True,True,1,True,False,False,1,2,True,True,False,1,1,2,False,Inflation,1.0,100.0
SG12,P04_T2,P04,116,2204,698978,703065,C,D,82+83+84+85,ontri[i]olle_zu_halten.-[-,6396,703065,709461,38,2+6+7+10+11+12+13+14+17+20+23+24+25+50+54+63+64+76+77+86+87+88+89+90+105+106+108+111+114+123+135,0,709461,709461,I,85,_,True,False,False,2,False,False,False,2,2,False,False,False,2,2,2,False,Kontrolle zu halten .,1.0,90.0
SG12,P04_T2,P04,117,2204,709461,709461,I,D,85,_,4961,709461,714422,19,86+87+88+89+90+91+93+94+95+96+97+98+100+101+102+114+121+122+124+125+126+127+128+129+130+131+136+137+146,0,714422,723564,I,86+87+88+89+90+91+92+93,"Erschwerend_hinzu_kommt,_dass_die_steigenden_Preise",False,False,False,2,False,False,False,2,2,False,False,False,2,2,2,False,.,,
SG12,P04_T2,P04,118,2204,714422,723564,I,D,86+87+88+89+90+91+92+93,"Erschwerend_hinzu_kommt,_dass_die_steigenden_Preise",2792,723564,726356,7,97+98+102,0,726356,735513,C,93+94+95+96+97+98,_schneller_steigen_als_die_Lohnerhzä[äz]öhungen,True,False,False,2,True,False,False,1,2,True,False,False,1,2,2,False,"Erschwerend hinzu kommt , dass die steigenden Preise",1.0,98.0
SG12,P04_T2,P04,119,2204,726356,735513,C,D,93+94+95+96+97+98,_schneller_steigen_als_die_Lohnerhzä[äz]öhungen,15959,735513,751472,76,23+24+25+38+50+51+55+58+60+62+71+72+73+74+75+76+77+78+79+80+81+82+83+84+86+87+88+89+90+91+92+93+94+97+98+99+100+101+103+104+105+108+109+111+113+117+147+154,3,751472,757151,C,100+101+102+99,._Dies_triffe_b[b_e]t_besonders_,False,True,False,2,False,False,False,2,2,False,False,False,2,2,2,False,Preise schneller steigen als die Lohnerhöhungen,1.0,100.0
SG12,P04_T2,P04,120,2204,751472,757151,C,D,100+101+102+99,._Dies_triffe_b[b_e]t_besonders_,9672,757151,766823,34,50+51+54+63+64+79+81+82+86+87+88+89+90+96+97+98+103+105+106+107+108+109+110+114,0,766823,772174,C,103+104+105,Krnk[kn]ankenschwestern_und_andere,False,False,False,2,False,False,False,2,2,False,False,False,2,2,2,False,Dies trifft besonders .,1.0,91.0
SG12,P04_T2,P04,121,2204,766823,772174,C,D,103+104+105,Krnk[kn]ankenschwestern_und_andere,27050,772174,799224,95,3+38+39+40+41+44+45+54+55+62+63+64+73+74+75+80+82+83+86+87+88+89+90+91+92+93+97+98+103+104+105+106+109+110+113+114+121+122+124+125+126+127+128+129+130+132+134+135+136+146,7,799224,799224,I,105,s,True,False,False,2,False,False,False,2,2,False,False,False,2,2,2,False,Krankenschwestern und anderes,1.0,100.0
SG12,P04_T2,P04,122,2204,799224,799224,I,D,105,s,2481,799224,801705,11,73+74+75+83+84+86+87+88+89+90+91+92+93+103+104,0,801705,804559,I,105+106,_Pflegepersonal,True,False,False,2,False,False,False,2,2,False,False,False,2,2,2,False,anderes,,
SG12,P04_T2,P04,123,2204,801705,804559,I,D,105+106,_Pflegepersonal,3666,804559,808225,17,76+77+94+95+97+98+99+102+106+107+109+113+114,1,808225,808444,I,107,",_",False,False,False,2,False,False,False,2,2,False,False,False,2,2,2,False,anderes Pflegepersonal,1.0,100.0
SG12,P04_T2,P04,124,2204,808225,808444,I,D,107,",_",4446,808444,812890,16,73+74+92+103+104+105+106+132+133+136+137,0,812890,817554,C,107+108,das[sad]die[ei,True,False,False,2,True,False,False,1,2,True,False,False,1,2,2,False,",",,
SG12,P04_T2,P04,125,2204,812890,817554,C,D,107+108,das[sad]die[ei,2512,817554,820066,7,73+74+91+92+93+94+95,0,820066,820175,I,108,as,True,False,False,2,False,False,False,2,2,True,True,False,1,1,2,False,", das",0.0,20.0
SG12,P04_T2,P04,126,2204,820066,820175,I,D,108,as,19641,820175,839816,77,44+45+48+49+50+51+52+95+109+110+111+113+114+115+116+117+118+119+120+121+122+123+124+125+126+127+128+129+130+132+133+136+137,0,839816,844262,I,108,"_darunter_litt,_dass",True,False,False,2,False,False,False,2,2,True,True,False,1,1,2,False,das,1.0,100.0
SG12,P04_T2,P04,127,2204,839816,844262,I,D,108,"_darunter_litt,_dass",3541,844262,847803,20,91+92+93+95+96+97+98+102+103+105+108+111+115+116+138+140+141+142+143,2,847803,847803,I,108,_,True,False,False,2,False,False,False,2,2,True,True,False,1,1,2,False,das,1.0,100.0
SG12,P04_T2,P04,128,2204,847803,847803,I,D,108,_,2636,847803,850439,4,97+98+115+116+117+145,0,850439,854682,C,108,die_T[T]Regierung,True,False,False,2,True,False,False,1,2,True,True,False,1,1,2,False,das,,
SG12,P04_T2,P04,129,2204,850439,854682,C,D,108,die_T[T]Regierung,2262,854682,856944,12,100+101+117+118+119+120+123,0,856944,859316,I,108,_vorschrieb,True,False,False,2,False,False,False,2,2,True,True,False,1,1,2,False,das,0.0,33.0
SG12,P04_T2,P04,130,2204,856944,859316,I,D,108,_vorschrieb,5163,859316,864479,13,102+108+154,11,864479,872888,C,108+109+110+111+112+113+115+116,"[######################################tnurad]unter_der_Vorschrift_der_Regierung_litt,_dass_",True,True,True,1,True,False,False,1,2,True,True,False,1,1,2,False,das,0.0,33.0
SG12,P04_T2,P04,131,2204,915367,923604,C,D,117+118+119+120,Anghe[eh]estellte_in[n]m_lf[fl]öffentlichen_Sektor,3135,923604,926739,17,86+87+88+89+90+92+99+100+101+103+105+120,3,926739,931591,C,120,_wenig[ginew_]_,True,True,True,1,True,False,False,1,2,True,True,False,1,1,2,False,Angestellte im öffentlichen Sektor,1.0,100.0
SG12,P04_T2,P04,132,2204,934508,935600,I,D,120,einen_,2247,935600,937847,7,105+120+121+122+124+125+126+127+128+129+130,1,937847,941949,C,120,G[G]He[eH]Gehalt,True,False,False,2,True,False,False,1,2,True,True,False,1,1,2,False,Sektor,0.0,20.0
SG12,P04_T2,P04,133,2204,937847,941949,C,D,120,G[G]He[eH]Gehalt,6459,941949,948408,22,120+121+122+124+125+126+127+128+129+130+132,3,948408,957409,C,120,[tlaheG_]_langsamer_anteigenden_A[A]Gehalt,True,True,True,1,True,False,False,1,2,True,True,False,1,1,2,False,Sektor,0.0,33.0
SG12,P04_T2,P04,134,2204,964975,965833,D,D,120,[############################_nenie,15054,965833,980887,58,75+82+83+84+86+87+88+89+90+92+94+100+101+102+103+104+105+108+109+113+121+122+124+125+126+127+128+129+130+132+133+136+138+142+143,0,980887,994725,C,121+122+123+124+125+129,"eomem[memo]inen_Gehalt_erhalten,_der_unter_der_Infal[la]lationsrate",False,False,False,2,False,False,False,2,2,False,False,False,2,2,2,False,Sektor,0.0,17.0
SG12,P04_T2,P04,135,2204,980887,994725,C,D,121+122+123+124+125+129,"eomem[memo]inen_Gehalt_erhalten,_der_unter_der_Infal[la]lationsrate",9951,994725,1004676,29,104+105+106+107+108+109+111+121+122+124+125+126+127+128+129+130+132,8,1004676,1013335,C,125+126+127+128+129+130,[unter_]a[a]langsamer_als_die[der_]__ansteige[e]t,True,True,True,1,True,False,False,1,2,True,True,False,1,1,2,False,"ein Gehalt erhalten , das Inflationsrate",0.0,70.0
SG12,P04_T2,P04,136,2204,1049824,1049964,D,D,121,[ne,19079,1049964,1069043,99,10+19+20+46+47+48+49+50+51+54+59+60+63+64+71+76+77+78+79+80+82+86+87+88+89+90+92+94+95+97+98+99+100+101+102+103+104+105+106+109+110+114+120+134+139+154,0,1069043,1071493,C,113+114,[ttil]leidet,False,False,False,2,False,False,False,2,2,False,False,False,2,2,2,False,ein,0.0,33.0
SG12,P04_T2,P04,137,2204,1069043,1071493,C,D,113+114,[ttil]leidet,10015,1071493,1081508,47,66+67+69+71+72+73+74+75+76+77+78+79+80+81+82+83+92+103+104+105+106+108+113+119+120,1,1081508,1081680,C,125,[re]as,False,False,False,2,False,False,False,2,2,False,False,False,2,2,2,False,Regierung leidet,1.0,100.0
SG12,P04_T2,P04,138,2204,1081508,1081680,C,D,125,[re]as,2355,1081680,1084035,14,34+35+51+73+74+110+113+114+117,0,1084035,1084035,I,131,.,False,False,False,2,False,False,False,2,2,False,False,False,2,2,2,False,das,1.0,100.0
SG12,P04_T2,P04,139,2204,1084035,1084035,I,D,131,.,2527,1084035,1086562,15,106+108+109+113+114+115+116+117,0,1086562,1086562,I,131,_,True,False,False,2,False,False,False,2,2,False,False,False,2,2,2,False,.,,
SG12,P04_T2,P04,140,2204,1086562,1086562,I,D,131,_,2684,1086562,1089246,8,111+113+115+116+118+119,0,1089246,1091414,I,132,Zusätzlich_,False,False,False,2,False,False,False,2,2,False,False,False,2,2,2,False,.,,
SG12,P04_T2,P04,141,2204,1089246,1091414,I,D,132,Zusätzlich_,4540,1091414,1095954,20,102+112+113+117+134+136+138+140+141+142+143+148+154,0,1095954,1099869,I,133+134+135+136,zu_Nahrungsmittel-_und_,False,False,False,2,False,False,False,2,2,False,False,False,2,2,2,False,Zusätzlich,1.0,100.0
SG12,P04_T2,P04,142,2204,1095954,1099869,I,D,133+134+135+136,zu_Nahrungsmittel-_und_,5757,1099869,1105626,11,111+112+113+115+116+147,0,1105626,1106374,I,137,Benzin,False,False,False,2,False,False,False,2,2,False,False,False,2,2,2,False,zu Nahrungsmittel - und,1.0,95.0
SG12,P04_T2,P04,143,2204,1105626,1106374,I,D,137,Benzin,3994,1106374,1110368,20,94+97+98+100+101+102+103+109+111+113+115+116+119+121+122+124+125+126+127+128+129+130+138+142+143+154,0,1110368,1110914,I,137,preis,True,False,False,2,False,False,False,2,2,False,False,False,2,2,2,False,Benzinpreisen,1.0,100.0
SG12,P04_T2,P04,144,2204,1110368,1110914,I,D,137,preis,2371,1110914,1113285,14,113+115+116+117+118+119+120+123+137+154,2,1113285,1115423,I,137,en_,True,False,False,2,False,False,False,2,2,False,False,False,2,2,2,False,Benzinpreisen,1.0,100.0
SG12,P04_T2,P04,145,2204,1113285,1115423,I,D,137,en_,3432,1115423,1118855,15,104+105+123+138+139+140+141+142+143+145+146+154,0,1118855,1127856,C,138+139+140+141,steigen_auf[f]ch_die_Elektrizita[a]ätspreise,False,False,False,2,False,False,False,2,2,False,False,False,2,2,2,False,Benzinpreisen,1.0,100.0
SG12,P04_T2,P04,146,2204,1118855,1127856,C,D,138+139+140+141,steigen_auf[f]ch_die_Elektrizita[a]ätspreise,2418,1127856,1130274,11,106+110+111+138+140+141+142+143+146+154,4,1130274,1130274,I,141,_,True,False,False,2,False,False,False,2,2,False,False,False,2,2,2,False,steigen auch die Elektrizitätspreise,1.0,100.0
SG12,P04_T2,P04,147,2204,1130274,1130274,I,D,141,_,3104,1130274,1133378,11,121+122+124+125+126+127+128+129+130+140+141,5,1133378,1135703,I,142+143+144,stark_an._,False,False,False,2,False,False,False,2,2,False,False,False,2,2,2,False,Elektrizitätspreise,,
SG12,P04_T2,P04,148,2204,1133378,1135703,I,D,142+143+144,stark_an._,27331,1135703,1163034,87,2+5+6+12+13+40+41+42+58+60+66+67+68+69+86+87+88+89+90+92+106+107+109+112+113+114+119+121+122+123+124+125+126+127+128+129+130+131+132+133+136+138+140+141+142+143+145+146+154,1,1163034,1171973,I,145+146+147+148+149,Fünf_der_sechs_größten_Energielieferanten_,False,False,False,2,False,False,False,2,2,False,False,False,2,2,2,False,stark an .,1.0,89.0
SG12,P04_T2,P04,149,2204,1163034,1171973,I,D,145+146+147+148+149,Fünf_der_sechs_größten_Energielieferanten_,3697,1171973,1175670,19,121+122+123+124+125+126+127+128+129+130+132+133+134+135+136+137+152+154,0,1175670,1180147,I,150,haben_,False,False,False,2,False,False,False,2,2,False,False,False,2,2,2,False,Fünf der sechs größten Energielieferanten,1.0,100.0
SG12,P04_T2,P04,150,2204,1175670,1180147,I,D,150,haben_,20842,1180147,1200989,73,0+31+32+39+76+77+95+97+98+100+101+102+103+108+109+110+112+113+114+117+118+120+121+122+124+125+126+127+128+129+130+132+134+149+151+153+154,0,1200989,1201660,I,150,ihre,True,False,False,2,False,False,False,2,2,True,True,False,1,1,2,False,haben,1.0,100.0
SG12,P04_T2,P04,151,2204,1200989,1201660,I,D,150,ihre,3151,1201660,1204811,6,134+137,0,1204811,1207276,I,150,_Kundenrechnungen,True,False,False,2,False,False,False,2,2,True,True,False,1,1,2,False,haben,0.0,50.0
SG12,P04_T2,P04,152,2204,1204811,1207276,I,D,150,_Kundenrechnungen,2434,1207276,1209710,7,102+103+105+111+121+122+123+124+125+126+127+128+129+130+137,0,1209710,1220864,C,150+151+152,[###############K_erhi]die_Rechnugn[ng]ngen_ihrer_Kiunde[ednui]unden,True,True,True,1,True,False,False,1,2,True,True,False,1,1,2,False,haben,0.0,40.0
SG12,P04_T2,P04,153,2204,1223906,1224951,I,D,152+153+154,_erhöht.,73180,1224951,1298131,282,0+1+2+3+4+5+6+9+10+11+12+13+14+17+20+23+24+25+31+32+37+40+41+42+54+58+60+63+64+66+67+68+69+86+87+88+89+90+91+92+93+95+106+109+110+114+121+122+123+124+125+126+127+128+129+130+132+135+147+148+149+150+151+152+153+154,79,1298131,1305401,C,21+22+23,[s###tark_wie_noch_nie_]stärker_als_in[ni]_[_,False,True,False,2,False,True,False,2,2,False,False,False,2,2,2,False,Preise erhöht .,1.0,86.0
SG12,P05_T3,P05,1,3810,13307,19641,I,D,1+2,Spielberg_zeigt_,5741,19641,25382,13,1+3+4+6+7+15+16+45,2,25382,31419,I,3+4+5+6,Peking_die_rote_Karte,False,False,False,2,False,False,False,2,2,False,False,False,2,2,2,False,Spielberg zeigt,1.0,100.0
SG12,P05_T3,P05,2,3810,25382,31419,I,D,3+4+5+6,Peking_die_rote_Karte,5241,31419,36660,28,1+4+6+7+8+13+14+16+17+18+19+21+24+25+28+29+32+34+82+114+123+124,1,36660,41263,I,6+7+8,_für_Darfur,True,False,False,2,False,False,False,2,2,False,False,False,2,2,2,False,Peking die rote Karte,1.0,100.0
SG12,P05_T3,P05,3,3810,36660,41263,I,D,6+7+8,_für_Darfur,10920,41263,52183,38,3+4+5+6+7+8+17,30,52183,52183,I,8,_,True,False,False,2,False,False,False,2,2,False,False,False,2,2,2,False,Karte für Darfur,1.0,100.0
SG12,P05_T3,P05,4,3810,52183,52183,I,D,8,_,9672,52183,61855,37,3+4+6+7+8+9+16+17+18+19+21+23+24+25+27+28+29+30+31+32+34+89,8,61855,65396,I,10+11+12+9,"Als_Geste,_die_",False,False,False,2,False,False,False,2,2,False,False,False,2,2,2,False,Darfur,,
SG12,P05_T3,P05,5,3810,61855,65396,I,D,10+11+12+9,"Als_Geste,_die_",4196,65396,69592,20,1+4+5+6+7+8+21+22+23+24+25+32+45+47+90+114,0,69592,82369,I,13+14+15+16+17,mit_Sicherheit_die_chinesische_Regierung,False,False,False,2,False,False,False,2,2,False,False,False,2,2,2,False,"Geste , die Als",0.0,71.0
SG12,P05_T3,P05,6,3810,69592,82369,I,D,13+14+15+16+17,mit_Sicherheit_die_chinesische_Regierung,23587,82369,105956,89,13+14+15+16+17+18+19+21+23+24+25+32+70+74+91+122+123+124+129+135+140+141+144+145+146,62,105956,105956,I,17,_,True,False,False,2,False,False,False,2,2,False,False,False,2,2,2,False,mit Sicherheit die chinesische Regierung,1.0,100.0
SG12,P05_T3,P05,7,3810,105956,105956,I,D,17,_,18673,105956,124629,64,9+13+14+15+16+17+18+19+21+22+24+25+32+48+59+116+117,15,124629,126954,I,18,aufrütteln,False,False,False,2,False,False,False,2,2,False,False,False,2,2,2,False,Regierung,,
SG12,P05_T3,P05,8,3810,124629,126954,I,D,18,aufrütteln,6630,126954,133584,32,3+4+5+6+9+13+14+15+16+17+18+19+22+23+48+59+86+87+90+122,5,133584,134692,I,18+19+20,"_würde,_",True,False,False,2,False,False,False,2,2,False,False,False,2,2,2,False,aufrütteln,1.0,100.0
SG12,P05_T3,P05,9,3810,133584,134692,I,D,18+19+20,"_würde,_",8704,134692,143396,34,1+8+17+18+19+20+21+22+23+24+25+27+32,4,143396,147094,I,21+22+23,zog_Steven_Spielberg,False,False,False,2,False,False,False,2,2,False,False,False,2,2,2,False,"aufrütteln würde ,",1.0,83.0
SG12,P05_T3,P05,10,3810,143396,147094,I,D,21+22+23,zog_Steven_Spielberg,9297,147094,156391,37,1+8+18+19+21+22+23+24+25+26+27+28+29+30+31+32+53+78,16,156391,156391,I,23,_,True,False,False,2,False,False,False,2,2,True,False,False,1,2,2,False,sagte Steven Spielberg,1.0,90.0
SG12,P05_T3,P05,11,3810,156391,156391,I,D,23,_,12339,156391,168730,30,8+18+19+20+21+22+23+24+25+26+27+28+29+32+109,3,168730,185704,C,21+24+25+26+27+28+29+30+31+32,[zog]sagteseine_Teilnahme_an_den_Olympischen_Spielen_in_Peking_ab,False,False,False,2,False,False,False,2,2,False,False,False,2,2,2,False,Spielberg,,
SG12,P05_T3,P05,12,3810,168730,185704,C,D,21+24+25+26+27+28+29+30+31+32,[zog]sagteseine_Teilnahme_an_den_Olympischen_Spielen_in_Peking_ab,41122,185704,226826,190,0+4+6+7+8+9+13+14+15+16+17+18+19+20+21+22+23+24+25+28+29+30+31+32+34+42+43+44+45+47+48+49+50+51+55+59+73+74+82+115+133,29,226826,228479,I,32+36,",_um_",True,False,False,2,False,False,False,2,2,False,False,False,2,2,2,False,sagte seine Teilnahme an den Olympischen Spielen in Peking ab,1.0,98.0
SG12,P05_T3,P05,13,3810,226826,228479,I,D,32+36,",_um_",5772,228479,234251,26,8+15+16+17+18+19+21+23+24+25+28+29+30+31+32+34,2,234251,238354,I,37+38+39,gegen_die_chinesische_,False,False,False,2,False,False,False,2,2,False,False,False,2,2,2,False,ab er,0.0,25.0
SG12,P05_T3,P05,14,3810,234251,238354,I,D,37+38+39,gegen_die_chinesische_,5335,238354,243689,14,28+29+38+39+40+42+44+45+46+47,8,243689,245655,I,40,Unterstützung,False,False,False,2,False,False,False,2,2,False,False,False,2,2,2,False,gegen die chinesische,1.0,100.0
SG12,P05_T3,P05,15,3810,243689,245655,I,D,40,Unterstützung,6568,245655,252223,26,18+19+38+39+40+70+75+82+92+113+115,12,252223,270444,C,40+41+42+43+44+45+46,_des_sudanei[i]sic[c]schen_Vorgehens_in_Darfur_zu_protestieren.,True,False,False,2,True,False,False,1,2,True,False,False,1,2,2,False,Unterstützung,1.0,100.0
SG12,P05_T3,P05,16,3810,252223,270444,C,D,40+41+42+43+44+45+46,_des_sudanei[i]sic[c]schen_Vorgehens_in_Darfur_zu_protestieren.,7534,270444,277978,41,16+17+37+38+39+40+42+43+44+45+46+47+48+49+50+51+59+92+114,27,277978,283267,I,46+47+48,_Seine_Absage,True,False,False,2,False,False,False,2,2,False,False,False,2,2,2,False,Unterstützung des sudanesischen Vorgehens in Darfur .,0.0,72.0
SG12,P05_T3,P05,17,3810,277978,283267,I,D,46+47+48,_Seine_Absage,19172,283267,302439,68,0+21+22+23+24+25+26+27+28+29+30+31+32+34+39+42+43+44+48+49+50+51+52+55+59+74+90+115,11,302439,311394,I,48+49+51+52,_ist_die_Antwort_auf_,True,False,False,2,False,False,False,2,2,False,False,False,2,2,2,False,. Seine Absage,1.0,100.0
SG12,P05_T3,P05,18,3810,302439,311394,I,D,48+49+51+52,_ist_die_Antwort_auf_,29562,311394,340956,96,0+5+9+13+14+16+17+21+24+25+32+38+39+40+45+48+49+50+51+52+53+54+55+59+70+73+75+76+92+94+114+115+122+123+124,12,340956,344981,I,53+54,erneute_,False,False,False,2,False,False,False,2,2,True,False,False,1,2,2,False,Absage ist Reaktion auf,0.0,53.0
SG12,P05_T3,P05,19,3810,340956,344981,I,D,53+54,erneute_,11778,344981,356759,36,0+38+40+53+54+55+75+107,7,356759,365901,I,55+56+57,Kampfhandlungen_in_Darfur,False,False,False,2,False,False,False,2,2,True,True,False,1,1,2,False,erneut ausgebrochene,1.0,86.0
SG12,P05_T3,P05,20,3810,356759,365901,I,D,55+56+57,Kampfhandlungen_in_Darfur,12355,365901,378256,40,0+9+38+40+42+44+49+50+51+52+53+54+55+79+97+109,4,378256,380955,C,49+50+51,[#########id]eine_Reaktion,False,False,False,2,False,False,False,2,2,True,True,False,1,1,2,False,Kämpfe in Darfur,0.0,69.0
SG12,P05_T3,P05,21,3810,378256,380955,C,D,49+50+51,[#########id]eine_Reaktion,7129,380955,388084,21,0+53+54+55+57+76+77+108,0,388084,396695,C,53+54+55,_asugebrochene[a]ä[handlungen]e,False,True,False,2,False,False,False,2,2,False,False,False,2,2,2,False,ist eine Reaktion,1.0,100.0
SG12,P05_T3,P05,22,3810,402701,417069,C,D,57+58+59+60+63,_u[u_];_sie_soll_die_Chin[####_]_chine,5476,417069,422545,22,0+9+20+41+42+43+53+54+55+57+60+64+68+69+71+82,2,422545,426725,C,63+64,[####c]China_,True,False,False,2,True,False,False,1,2,True,True,False,1,1,2,False,Darfur . Sie soll für,0.0,50.0
SG12,P05_T3,P05,23,3810,422545,426725,C,D,63+64,[####c]China_,41731,426725,468456,147,0+4+6+7+8+16+17+18+19+21+24+25+32+38+39+40+42+44+45+47+48+49+50+51+52+53+54+55+56+57+58+59+60+64+68+69+71+82+86+87+88+90+91+92+96+97+107+108+109+129+135+138,7,468456,470858,C,53+54,[eus]us,False,False,False,2,False,False,False,2,2,True,True,False,1,1,2,False,für China,1.0,100.0
SG12,P05_T3,P05,24,3810,468456,470858,C,D,53+54,[eus]us,16458,470858,487316,55,38+40+43+49+50+51+52+53+54+55+56+57+58+64+68+69+74+78+82+90+91+97+109+123+124,10,487316,498314,C,61+62+63+65+66,"eine_Blamage_für_[die_]sein,_",False,True,False,2,False,False,False,2,2,False,False,False,2,2,2,False,erneut ausgebrochene,1.0,100.0
SG12,P05_T3,P05,25,3810,515459,523867,I,D,67+68+69,nachdem_das_Land_,30514,523867,554381,110,61+62+63+64+65+68+69+70+73+74+75+76+77+78+82+90+108+115+123+124,2,554381,554974,I,120,die_,False,False,False,2,False,False,False,2,2,False,False,False,2,2,2,False,nachdem das Land,1.0,100.0
SG12,P05_T3,P05,26,3810,554381,554974,I,D,120,die_,43524,554974,598498,155,16+21+24+25+30+31+32+37+38+39+40+45+47+49+50+51+53+54+55+56+61+62+63+65+66+68+69+70+71+73+74+75+76+78+79+82+86+87+88+89+90+91+92+93+94+95+96+97+98+99+104+105+114+115+118+123+124,0,598498,604005,I,120,negativen_Auswirkungen_,True,False,False,2,False,False,False,2,2,True,True,True,1,1,1,False,Auch,0.0,0.0
SG12,P05_T3,P05,27,3810,598498,604005,I,D,120,negativen_Auswirkungen_,35099,604005,639104,104,9+39+68+69+70+73+74+75+76+78+82+90+91+93+94+95+96+97+108+116+117+120+121+144+145+146,17,639104,655095,C,75+76+77+78+79+80,[die_negativen_Auswirkungen]seine_engen_Beziehung_zur_sudanesischen_Regierung,False,True,False,2,False,True,False,2,2,True,True,True,1,1,1,False,Auch,0.0,50.0
SG12,P05_T3,P05,28,3810,639104,655095,C,D,75+76+77+78+79+80,[die_negativen_Auswirkungen]seine_engen_Beziehung_zur_sudanesischen_Regierung,4743,655095,659838,19,38+40+75+76+77+78+79+80+89+90+91,12,659838,659838,I,80,_,True,False,False,2,False,False,False,2,2,False,False,False,2,2,2,False,seiner engen Beziehung zur sudanesischen Regierung,1.0,98.0
SG12,P05_T3,P05,29,3810,659838,659838,I,D,80,_,13853,659838,673691,62,22+49+50+51+68+69+70+74+76+77+78+79+80+91+94+95+108+116+117+120+121,4,673691,675843,I,81,möglichst_,False,False,False,2,False,False,False,2,2,False,False,False,2,2,2,False,Regierung,,
SG12,P05_T3,P05,30,3810,673691,675843,I,D,81,möglichst_,37097,675843,712940,146,30+31+34+35+37+38+39+40+42+43+55+57+60+61+62+63+64+65+66+68+69+70+71+73+74+75+76+77+78+79+80+82+86+87+88+89+90+91+94+97+98+99+108+120+121+123+124+133,0,712940,713455,I,84,._,False,False,False,2,False,False,False,2,2,False,False,False,2,2,2,False,möglichst,1.0,100.0
SG12,P05_T3,P05,31,3810,712940,713455,I,D,84,._,14009,713455,727464,57,39+61+62+63+65+66+76+80+86+87+89+90+91+92+93+95+97+98+99+104+105+107+108+109+110+113+114+115+116+117+118+127+133,0,727464,733345,I,84+85+86,China_hat_,True,False,False,2,False,False,False,2,2,False,False,False,2,2,2,False,China,,
SG12,P05_T3,P05,32,3810,727464,733345,I,D,84+85+86,China_hat_,3900,733345,737245,13,77+78+84+88+89+90+91+92,1,737245,740178,I,86,große_Inves,True,False,False,2,False,False,False,2,2,True,False,False,1,2,2,False,China hat sehr,1.0,100.0
SG12,P05_T3,P05,33,3810,737245,740178,I,D,86,große_Inves,5117,740178,745295,14,42+56+70+71+73+74+84+85+86+87,1,745295,758415,C,86+87+88+89+90+91+92,[########org]sehr_viel_in_die_sudanesische_Ölindustrie,True,False,False,2,True,False,False,1,2,True,False,False,1,2,2,False,sehr,0.0,25.0
SG12,P05_T3,P05,34,3810,745295,758415,C,D,86+87+88+89+90+91+92,[########org]sehr_viel_in_die_sudanesische_Ölindustrie,5023,758415,763438,20,38+40+84+85+86+87+92+120+121,6,763438,765794,I,92+93,_investiert,True,False,False,2,False,False,False,2,2,False,False,False,2,2,2,False,sehr viel in die sudanesische Ölindustrie investiert,1.0,100.0
SG12,P05_T3,P05,35,3810,763438,765794,I,D,92+93,_investiert,5288,765794,771082,29,92+93+106+107+108+115+120+121+123+124+126+135,9,771082,773204,I,93+94,_und_,True,False,False,2,False,False,False,2,2,False,False,False,2,2,2,False,investiert und,1.0,100.0
SG12,P05_T3,P05,36,3810,771082,773204,I,D,93+94,_und_,5865,773204,779069,20,77+78+79+80+90+91+94+95+97+120+121,8,779069,784404,I,94+95+96+97,unterhält_enge_Beziehungen,True,False,False,2,False,False,False,2,2,False,False,False,2,2,2,False,und unterhält,1.0,100.0
SG12,P05_T3,P05,37,3810,779069,784404,I,D,94+95+96+97,unterhält_enge_Beziehungen,4010,784404,788414,15,92+96+97+108+109+120+121+127+147+150,4,788414,793967,I,100+101+97+98+99,_zur_sudanesischen_Regierung,True,False,False,2,False,False,False,2,2,False,False,False,2,2,2,False,unterhält enge Beziehungen zur,1.0,100.0
SG12,P05_T3,P05,38,3810,788414,793967,I,D,100+101+97+98+99,_zur_sudanesischen_Regierung,34726,793967,828693,133,57+58+60+77+80+86+87+90+91+93+94+95+96+97+98+99+103+104+105+107+108+109+110+111+112+113+114+115+116+117+118+120+121+122+129+133+142+149,40,828693,838381,I,101+102+103+104,",_in_der_ein_Minister",True,False,False,2,False,False,False,2,2,True,True,False,1,1,2,False,", deren zur sudanesischen Regierung",1.0,100.0
SG12,P05_T3,P05,39,3810,828693,838381,I,D,101+102+103+104,",_in_der_ein_Minister",12823,838381,851204,49,56+80+92+98+99+100+101+104+105+107+108+109+111+114+115+116+117+118+122+123+124+126+129+143+151,12,851204,851204,I,104,_,True,False,False,2,False,False,False,2,2,True,True,False,1,1,2,False,deren einen Minister eine,1.0,76.0
SG12,P05_T3,P05,40,3810,851204,851204,I,D,104,_,16411,851204,867615,60,54+90+94+98+99+100+101+103+108+122+123+124+125+126+127+128+129+135+145+146,0,867615,870314,I,120,unter_Anklage,False,False,False,2,False,False,False,2,2,False,False,False,2,2,2,False,eine,,
SG12,P05_T3,P05,41,3810,867615,870314,I,D,120,unter_Anklage,4493,870314,874807,18,113+114+115+116+117+120+121+129,10,874807,874807,I,120,_,True,False,False,2,False,False,False,2,2,True,True,True,1,1,1,False,Auch,0.0,25.0
SG12,P05_T3,P05,42,3810,874807,874807,I,D,120,_,14461,874807,889268,53,42+58+85+95+96+98+99+100+101+107+108+109+120+121,27,889268,889736,I,107+113,vom_,False,False,False,2,False,False,False,2,2,True,True,True,1,1,1,False,Auch,,
SG12,P05_T3,P05,43,3810,889268,889736,I,D,107+113,vom_,49546,889736,939282,185,1+4+5+6+7+8+9+17+18+19+20+21+23+24+25+32+37+38+39+40+43+45+46+48+54+59+68+69+70+71+74+75+76+77+79+88+90+91+92+93+94+95+96+97+100+101+102+110+114+115+120+121+123+124+126+127+128+130+132+135+137+141+142,0,939282,949797,I,108+109+110+111+112+113,_Internationalen_Strafgerichtshof_in_Den_Haag,True,False,False,2,False,False,False,2,2,True,False,False,1,2,2,False,dem wegen,0.0,33.0
SG12,P05_T3,P05,44,3810,939282,949797,I,D,108+109+110+111+112+113,_Internationalen_Strafgerichtshof_in_Den_Haag,10374,949797,960171,41,75+94+96+98+99+100+101+107+108+109+112+113+116+117+120+121+126+127,7,960171,971122,C,113+114+115+116+117+118,mi[im]wegen_Verbrechen_gegen_die_Menschlichkeit_,True,False,False,2,True,False,False,1,2,True,False,False,1,2,2,False,Internationalen Strafgerichtshof in Den Haag wegen,1.0,100.0
SG12,P05_T3,P05,45,3810,960171,971122,C,D,113+114+115+116+117+118,mi[im]wegen_Verbrechen_gegen_die_Menschlichkeit_,4586,971122,975708,15,104+105+116+117+118+120+121,9,975708,978922,C,120,[unter_Anklage__]angeklagt_ist.,False,True,False,2,False,True,False,2,2,True,True,True,1,1,1,False,wegen Verbrechen gegen die Menschlichkeit erwartet,1.0,100.0
SG12,P05_T3,P05,46,3810,1027548,1027641,C,D,103,[r]n,4743,1027641,1032384,20,100+101+104+105+109+111+113+114+115+116+117+118,0,1032384,1035784,I,104+105+106,eine_Anklage_,False,False,False,2,False,False,False,2,2,False,False,False,2,2,2,False,Minister,,
SG12,P05_T3,P05,47,3810,1032384,1035784,I,D,104+105+106,eine_Anklage_,9282,1035784,1045066,25,104+105+113+115+116+117+118+120+121,7,1045066,1046471,C,118+119+120,[angeklagt_ist]erwartet,False,True,False,2,False,True,False,2,2,False,False,False,2,2,2,False,eine Anklage vor,1.0,100.0
SG12,P05_T3,P05,48,3810,1056611,1057999,C,D,107+108,[m]r_dem,26473,1057999,1084472,108,96+98+99+103+104+105+107+108+109+110+111+112+113+114+115+116+117+118+120+121+122+123+124+125+126+127+128+129+132+135+138+140+141+142+144+148+151,5,1084472,1084472,I,120,_,False,False,False,2,False,False,False,2,2,False,False,False,2,2,2,False,dem Internationalen,0.0,60.0
SG12,P05_T3,P05,49,3810,1084472,1084472,I,D,120,_,6194,1084472,1090666,28,41+79+98+99+108+109+110+111+122+123+124+125+127+128+129+132,0,1090666,1092959,I,120+121+122,Auch_wenn_,True,False,False,2,False,False,False,2,2,False,False,False,2,2,2,False,Auch,,
SG12,P05_T3,P05,50,3810,1090666,1092959,I,D,120+121+122,Auch_wenn_,6973,1092959,1099932,30,107+114+116+117+120+121+122+123+124+128+129+132,8,1099932,1104082,I,122+123,Khartoum,True,False,False,2,False,False,False,2,2,False,False,False,2,2,2,False,Auch wenn Khartum,1.0,100.0
SG12,P05_T3,P05,51,3810,1099932,1104082,I,D,122+123,Khartoum,10811,1104082,1114893,35,8+17+18+19+38+40+45+89+104+105+114+115+116+117+118+120+121+122+123+124+141,11,1114893,1127201,C,123+124+125+129+130+131,[o]_doe_[_eo]ie_Hauptverantwortung_trägt,True,True,True,1,True,False,False,1,2,True,True,False,1,1,2,False,Khartum die,1.0,88.0
SG12,P05_T3,P05,52,3810,1131117,1132022,I,D,126+127,für_die_,5584,1132022,1137606,13,120+121+123+124+126+127+131+151,8,1137606,1139790,I,127+128,anhaltenden_,True,False,False,2,False,False,False,2,2,False,False,False,2,2,2,False,die anhaltenden,0.0,43.0
SG12,P05_T3,P05,53,3810,1137606,1139790,I,D,127+128,anhaltenden_,14306,1139790,1154096,47,8+9+17+18+19+20+38+40+70+77+79+80+89+97+104+105+114+115+116+117+118+120+121+122+123+124+126+127+128+141+149,12,1154096,1157855,I,128+129,Gräueltaten_,True,False,False,2,False,False,False,2,2,False,False,False,2,2,2,False,anhaltenden Gräueltaten,1.0,100.0
SG12,P05_T3,P05,54,3810,1154096,1157855,I,D,128+129,Gräueltaten_,9672,1157855,1167527,38,107+116+117+123+124+125+126+127+128+129+130+131+132,14,1167527,1175827,I,131+132+133+134+135,",_wie_Spielberg_betont,_",False,False,False,2,False,False,False,2,2,False,False,False,2,2,2,False,Gräueltaten trägt,1.0,100.0
SG12,P05_T3,P05,55,3810,1167527,1175827,I,D,131+132+133+134+135,",_wie_Spielberg_betont,_",10077,1175827,1185904,50,104+105+108+109+111+116+117+118+122+123+124+127+128+129+131+132+133+134+138+139+141+142+144+149+152,21,1185904,1186310,I,135,so_,True,False,False,2,False,False,False,2,2,True,False,False,1,2,2,False,"betont Spielberg , so sollte",0.0,57.0
SG12,P05_T3,P05,56,3810,1185904,1186310,I,D,135,so_,5023,1186310,1191333,22,127+128+131+132+134+138+139+140+141+142+144+145+146+147+150+151+152,0,1191333,1222190,C,135+136+137+138+139+140+141+142+143+144+145+146+147+148+149+150+151+152,"sollte_die_internationale_Gemeinschaft,_ud_[_d]nd_insbesondere_China,_mehr_daü[ü]für_tun,_das_Leiden_zu_beenden.",True,False,False,2,True,False,False,1,2,True,False,False,1,2,2,False,sollte,1.0,100.0
SG12,P05_T3,P05,57,3810,1191333,1222190,C,D,135+136+137+138+139+140+141+142+143+144+145+146+147+148+149+150+151+152,"sollte_die_internationale_Gemeinschaft,_ud_[_d]nd_insbesondere_China,_mehr_daü[ü]für_tun,_das_Leiden_zu_beenden.",20092,1222190,1242282,80,129+137+138+139+140+141+142+143+144+145+146+147+148+149+150+151+152,79,1242282,1245777,C,131+132+134,[wie]betont[######_,False,False,False,2,False,False,False,2,2,False,False,False,2,2,2,False,"sollte die internationale Gemeinschaft , und insbesondere China , mehr dafür tun , das Leiden zu beenden .",1.0,97.0
SG12,P05_T4,P05,58,3781,15039,22386,C,D,1,Obwohl_Em[m]ntwicklungsländer,14321,22386,36707,42,0+1+2+7+40+87+97+98+101+102+105,8,36707,43322,I,1+3,_verständlicherweise_,True,False,False,2,False,False,False,2,2,False,False,False,2,2,2,False,Entwicklungsländer,1.0,100.0
SG12,P05_T4,P05,59,3781,36707,43322,I,D,1+3,_verständlicherweise_,9953,43322,53275,39,0+1+3+4+5+12+13+14+15+16+26+38+39+106,19,53275,58485,C,3+4,"zögern,_i[i]ihre_",True,False,False,2,True,False,False,1,2,True,False,False,1,2,2,False,Entwicklungsländer verständlicherweise,1.0,100.0
SG12,P05_T4,P05,60,3781,53275,58485,C,D,3+4,"zögern,_i[i]ihre_",7317,58485,65802,22,0+5+29+41+70,0,65802,71012,I,14+5,Möglichkeiten_auf_,False,False,False,2,False,False,False,2,2,False,False,False,2,2,2,False,verständlicherweise ihre,0.0,58.0
SG12,P05_T4,P05,61,3781,65802,71012,I,D,14+5,Möglichkeiten_auf_,44554,71012,115566,158,0+1+2+3+4+5+6+7+12+13+14+15+16+40+41+44+88+89+95,53,115566,136860,C,14+15+16+17,"[_]s_Spiel_zu_setzen,_bessere_Lebensbedingungen_für_die_Armen_zu_schag[g]fe[e]fen,_",True,False,False,2,True,False,False,1,2,True,False,False,1,2,2,False,aufs Möglichkeiten,1.0,76.0
SG12,P05_T4,P05,62,3781,115566,136860,C,D,14+15+16+17,"[_]s_Spiel_zu_setzen,_bessere_Lebensbedingungen_für_die_Armen_zu_schag[g]fe[e]fen,_",7457,136860,144317,29,0+1+2+3+12+13+14+15+16+17+23+25+26+27+28+68,8,144317,145237,I,17+19,muss_,True,False,False,2,False,False,False,2,2,True,False,False,1,2,2,False,aufs Spiel setzen .,1.0,79.0
SG12,P05_T4,P05,63,3781,144317,145237,I,D,17+19,muss_,7052,145237,152289,14,1+2+3+17+20,2,152289,153147,I,20,Klima,False,False,False,2,False,False,False,2,2,True,False,False,1,2,2,False,. zum,0.0,25.0
SG12,P05_T4,P05,64,3781,152289,153147,I,D,20,Klima,7861,153147,161008,28,0+3+14+15+16+17+20+21+23+25+26+27+28,13,161008,191492,C,17+18+19+20+23+24+26+27,[u]üen_Maßnahmen_zumschutz_nicht_unbedingt_Wirtschafts[########riW]wirtschsa[as]aftliche_Entwicklung,True,False,False,2,True,False,False,1,2,True,False,False,1,2,2,False,Klimaschutz,1.0,100.0
SG12,P05_T4,P05,65,3781,161008,191492,C,D,17+18+19+20+23+24+26+27,[u]üen_Maßnahmen_zumschutz_nicht_unbedingt_Wirtschafts[########riW]wirtschsa[as]aftliche_Entwicklung,4290,191492,195782,19,19+20+23+25+27+32+41+45+46+59,15,195782,204252,I,25+27+28,die__beeinträchtigen,True,False,False,2,False,False,False,2,2,False,False,False,2,2,2,False,. Maßnahmen zum Klimaschutz nicht unbedingt wirtschaftliche Entwicklung,1.0,91.0
SG12,P05_T4,P05,66,3781,195782,204252,I,D,25+27+28,die__beeinträchtigen,4821,204252,209073,20,3+12+13+17+18+19+20+106,0,209073,212084,I,29,._,False,False,False,2,False,False,False,2,2,False,False,False,2,2,2,False,die Entwicklung beeinträchtigen,1.0,84.0
SG12,P05_T4,P05,67,3781,209073,212084,I,D,29,._,3978,212084,216062,9,5+7+14+15+16+20+30+31,0,216062,234626,C,32+33+34+35+36+37,"Anreize_müssen_geschaffen_werden,_uma[a]_Entwicklungslände",False,False,False,2,False,False,False,2,2,False,False,False,2,2,2,False,.,,
SG12,P05_T4,P05,68,3781,216062,234626,C,D,32+33+34+35+36+37,"Anreize_müssen_geschaffen_werden,_uma[a]_Entwicklungslände",5585,234626,240211,19,35+36+37+42+57+64+66+67+68+69+106,4,240211,240632,I,37,rn_,True,False,False,2,False,False,False,2,2,False,False,False,2,2,2,False,"Anreize geschaffen werden , um Entwicklungsländern",1.0,86.0
SG12,P05_T4,P05,69,3781,240211,240632,I,D,37,rn_,14867,240632,255499,62,0+5+12+13+14+15+16+18+19+20+21+23+25+26+27+28+32+33+34+35+36+37+42+45+46,6,255499,257511,I,38,das_Ein,False,False,False,2,False,False,False,2,2,False,False,False,2,2,2,False,Entwicklungsländern,1.0,100.0
SG12,P05_T4,P05,70,3781,255499,257511,I,D,38,das_Ein,6927,257511,264438,22,0+1+3+12+13+26+34+37+38+39,1,264438,274531,C,38+39+40+41,[####sa]en_Einsatz_sauberer_Technologien_,True,False,False,2,True,False,False,1,2,True,False,False,1,2,2,False,zum,0.0,0.0
SG12,P05_T4,P05,71,3781,264438,274531,C,D,38+39+40+41,[####sa]en_Einsatz_sauberer_Technologien_,17144,274531,291675,68,3+17+21+25+26+27+28+29+30+31+32+33+34+35+36+37+38+39+42+45+46+57+63+64+65+67+69+86,3,291675,293781,C,38,zum[den,True,False,False,2,True,False,False,1,2,True,False,False,1,2,2,False,zum Einsatz sauberer Technologien,1.0,94.0
SG12,P05_T4,P05,72,3781,291675,293781,C,D,38,zum[den,4992,293781,298773,14,35+36+38+39+40+41+42,2,298773,303063,I,42+43+44,zu_ermutigen.,False,False,False,2,False,False,False,2,2,False,False,False,2,2,2,False,zum,1.0,100.0
SG12,P05_T4,P05,73,3781,298773,303063,I,D,42+43+44,zu_ermutigen.,21653,303063,324716,95,0+5+19+20+21+23+25+26+27+28+29+30+31+32+33+34+35+36+37+38+39+41+42+44+45+46+47+78+88+90+106,13,324716,354513,C,44+45+46+47+48+49+50+51+52,"_Diese_[_###iD]Solche_Anreize_könnten_auch_dazu_beitragen,.[.]_d[d]Emissionen",True,True,True,1,True,False,False,1,2,True,True,False,1,1,2,False,zu ermutigen .,1.0,92.0
SG12,P05_T4,P05,74,3781,363951,366494,I,D,54+56,_aufgrund_von,4758,366494,371252,14,0+7+52+54+55+56+57+58+65+78+82+83+84+87,2,371252,371252,I,56,_,True,False,False,2,False,False,False,2,2,True,True,True,1,1,1,False,die aus,0.0,29.0
SG12,P05_T4,P05,75,3781,371252,371252,I,D,56,_,63367,371252,434619,239,0+1+3+12+13+14+15+16+17+18+19+20+21+32+34+35+36+37+38+39+41+42+44+45+46+47+48+49+50+52+54+55+56+58+59+66+67+68+85+87+89+95+97+98+101+102+104+105+106+107+108+109,2,434619,436351,I,57,Abholzun,False,False,False,2,False,False,False,2,2,True,True,True,1,1,1,False,aus,,
SG12,P05_T4,P05,76,3781,434619,436351,I,D,57,Abholzun,4415,436351,440766,19,37+44+47+49+50+52+54+55+56+58+59+64+69+82+83+84+105+109,0,440766,440766,I,57,g,True,False,False,2,False,False,False,2,2,True,True,True,1,1,1,False,Abholzung,1.0,100.0
SG12,P05_T4,P05,77,3781,440766,440766,I,D,57,g,7363,440766,448129,22,0+32+38+39+45+46+47+48+49+50+52+54+55+56+58+88,0,448129,448722,I,51,die_,False,False,False,2,False,False,False,2,2,True,True,True,1,1,1,False,Abholzung,,
SG12,P05_T4,P05,78,3781,448129,448722,I,D,51,die_,8751,448722,457473,31,0+37+38+39+47+49+50+52+59+78+86+89+95+105+106+107+108+109,0,457473,468347,C,53+54+56+57+58+59,",_die[aufgrund_von]bei_entstehen,",False,True,False,2,False,True,False,2,2,True,True,False,1,1,2,False,",",,
SG12,P05_T4,P05,79,3781,500686,504227,I,D,59+60+61+62+63,_gering_zu_halten.,10389,504227,514616,39,37+47+48+49+50+52+57+63+69+71+72+88+105,12,514616,522713,C,51+63+64+65,[_eid]_Einige_der_,True,True,True,1,True,False,False,1,2,True,True,False,1,1,2,False,", gering zu halten .",1.0,94.0
SG12,P05_T4,P05,80,3781,530544,532915,I,D,69+70+71,Länder_der_Welt,9376,532915,542291,32,0+37+38+39+40+41+44+57+60+61+62+67+68+72+75+78+87,0,542291,543711,I,71+72,_haben_,True,False,False,2,False,False,False,2,2,False,False,False,2,2,2,False,Länder der Welt,1.0,100.0
SG12,P05_T4,P05,81,3781,542291,543711,I,D,71+72,_haben_,5101,543711,548812,20,57+64+68+70+71+72+73+74+78+89+91+95+109,5,548812,551167,I,73+74,am_wenigsten_,False,False,False,2,False,False,False,2,2,False,False,False,2,2,2,False,Welt haben,1.0,100.0
SG12,P05_T4,P05,82,3781,548812,551167,I,D,73+74,am_wenigsten_,29999,551167,581166,119,0+18+26+30+31+32+35+36+38+39+40+41+42+44+45+46+48+64+65+69+70+71+72+73+74+78+89+90+91+92+95+106+109,23,581166,585644,I,66+67+68,am_meisten_gefährdeten_,False,False,False,2,False,False,False,2,2,True,True,True,1,1,1,False,den Klimawandel,0.0,33.0
SG12,P05_T4,P05,83,3781,581166,585644,I,D,66+67+68,am_meisten_gefährdeten_,11341,585644,596985,44,38+39+40+41+47+52+59+60+61+62+68+69+70+71+72+73+74+78+89+92+95+109,1,596985,609340,C,73+74+76,den_Klimawandel_vorangetrie[#########o,False,False,False,2,False,False,False,2,2,False,False,False,2,2,2,False,am meisten gefährdeten,1.0,100.0
SG12,P05_T4,P05,84,3781,596985,609340,C,D,73+74+76,den_Klimawandel_vorangetrie[#########o,19391,609340,628731,70,0+37+38+39+40+44+47+57+63+64+66+67+68+69+71+72+73+74+78+91,27,628731,652490,C,73+75+76+77+78+79+80+81+82+83+84+85,"[am_wenigsten_]am_wenigsten_erschuldet[##########v]zu_verantworten,_tragen_aber_die_größte_Last.",True,True,True,1,True,True,True,1,1,True,True,True,1,1,1,False,den Klimawandel wenigsten,0.0,72.0
SG12,P05_T4,P05,85,3781,667232,681350,C,D,85+86+87+88,_Ents[s]Insbesondere_wicklungsländer_m,4977,681350,686327,15,37+71+78+86+88+89+91+92+95,8,686327,693175,I,88+89+90+91,üssen_sich_an_die,True,False,False,2,False,False,False,2,2,False,False,False,2,2,2,False,. Insbesondere Entwicklungsländer müssen,1.0,91.0
SG12,P05_T4,P05,86,3781,686327,693175,I,D,88+89+90+91,üssen_sich_an_die,13557,693175,706732,57,80+82+83+84+86+87+88+89+90+91+92+95+109,25,706732,719087,C,91+92+93+94+96,_Folgen_des_Klimawandels_anpaas[sa]ssen.,True,False,False,2,True,False,False,1,2,True,False,False,1,2,2,False,müssen sich auf die,1.0,88.0
SG12,P05_T4,P05,87,3781,706732,719087,C,D,91+92+93+94+96,_Folgen_des_Klimawandels_anpaas[sa]ssen.,6349,719087,725436,9,88+89+90+95+96,5,725436,726029,C,90,[n]uf,False,False,False,2,False,False,False,2,2,False,False,False,2,2,2,False,die Folgen des Klimawandels .,1.0,83.0
SG12,P05_T4,P05,88,3781,725436,726029,C,D,90,[n]uf,4195,726029,730224,15,89+92+93+95+96,0,730224,732238,C,95,[anpassen]einstellen,False,True,False,2,False,False,False,2,2,False,False,False,2,2,2,False,auf,1.0,100.0
SG12,P05_T4,P05,89,3781,730224,732238,C,D,95,[anpassen]einstellen,4992,732238,737230,24,0+80+82+83+84+86+87+88+89+90+95+96+106,3,737230,737230,I,96,_,False,False,False,2,False,False,False,2,2,False,False,False,2,2,2,False,einstellen,1.0,100.0
SG12,P05_T4,P05,90,3781,737230,737230,I,D,96,_,21013,737230,758243,69,1+2+3+5+17+32+33+37+45+46+47+63+64+65+68+82+83+84+86+87+88+89+95+97+98+101+102+103+104+105+106+107+108,0,758243,760271,I,97,Maßnahmen_,False,False,False,2,False,False,False,2,2,False,False,False,2,2,2,False,.,,
SG12,P05_T4,P05,91,3781,758243,760271,I,D,97,Maßnahmen_,7161,760271,767432,27,82+83+84+86+87+89+95+97+98+101+102+106,14,767432,778430,I,100+101+102+98+99,zur_Anpassung_und_Maßnahmen_zur_,False,False,False,2,False,False,False,2,2,False,False,False,2,2,2,False,Maßnahmen,1.0,100.0
SG12,P05_T4,P05,92,3781,767432,778430,I,D,100+101+102+98+99,zur_Anpassung_und_Maßnahmen_zur_,25646,778430,804076,111,0+28+38+39+48+49+50+52+59+69+71+72+73+74+86+87+88+89+91+92+95+97+98+99+100+101+102+103+104+105+106+107+108+109,54,804076,807321,I,103+104+105,_müssen_deswegen_,False,False,False,2,False,False,False,2,2,False,False,False,2,2,2,False,und Maßnahmen zum zur Anpassung,0.0,55.0
SG12,P05_T4,P05,93,3781,804076,807321,I,D,103+104+105,_müssen_deswegen_,12433,807321,819754,39,89+95+97+98+99+100+101+102+104+105+106+109,13,819754,825168,I,106,gleichzeitig_,False,False,False,2,False,False,False,2,2,False,False,False,2,2,2,False,Klimaschutz müssen deswegen,1.0,100.0
SG12,P05_T4,P05,94,3781,819754,825168,I,D,106,gleichzeitig_,5709,825168,830877,24,97+98+99+100+101+102+104+105+106+109,5,830877,836493,I,107+108+109,angewendet_werden.,False,False,False,2,False,False,False,2,2,False,False,False,2,2,2,False,gleichzeitig,1.0,100.0
SG12,P05_T4,P05,95,3781,830877,836493,I,D,107+108+109,angewendet_werden.,4821,836493,841314,15,97+98+99+101+102+104+105+107+108,1,841314,841314,I,102,L,False,False,False,2,False,False,False,2,2,False,False,False,2,2,2,False,angewendet werden .,1.0,94.0
SG12,P06_T5,P06,1,3033,30795,38548,I,D,1+2+3,Soziologie_ist_eine_eher_,3900,38548,42448,2,4+5+7,0,42448,55365,C,3+4+5+6+7+8,[_rehe]noch_recht_neue_akademische_Disz,True,True,True,1,True,False,False,1,2,True,True,False,1,1,2,False,Soziologie ist eine,1.0,100.0
SG12,P06_T5,P06,2,3033,59889,63399,I,D,8+9,iplin._,10156,63399,73555,46,1+3+4+5+7+8+9+10+11+12+120+126,6,73555,76004,I,10+11,Sie_entspannt,False,False,False,2,False,False,False,2,2,False,False,False,2,2,2,False,Disziplin .,1.0,83.0
SG12,P06_T5,P06,3,3033,73555,76004,I,D,10+11,Sie_entspannt,8658,76004,84662,99,0+1+2+10+11+12+51+54+83+102,55,84662,129918,C,11+12+13+14+15+18+19+20+21+24+25+26+27+28,_[_tnnap]tammt_dem_19._Jahrhundert_als_eine_Reaktion_auf_die_gewachsenen_Herausforderungen_einer_modernen_Gesellschaft._,True,True,True,1,True,False,False,1,2,True,True,False,1,1,2,False,Sie entstammt,1.0,77.0
SG12,P06_T5,P06,4,3033,133631,142491,I,D,29+30+31+32,Erhöhte_Mobilität_und_technischer,13073,142491,155564,84,0+1+4+5+6+7+8+9+11+12+13+14+15+19+21+22+23+24+25,0,155564,158060,I,32+33,_Fortschritt,True,False,False,2,False,False,False,2,2,False,False,False,2,2,2,False,Erhöhte Mobilität und technischer,1.0,100.0
SG12,P06_T5,P06,5,3033,155564,158060,I,D,32+33,_Fortschritt,9314,158060,167374,70,0+11+12+13+14+15+16+17+18+19+21+22+23+24+29+30+31+32+33+35,4,167374,172568,I,33+34+35,_führten_zu,True,False,False,2,False,False,False,2,2,False,False,False,2,2,2,False,technischer Fortschritt,1.0,100.0
SG12,P06_T5,P06,6,3033,167374,172568,I,D,33+34+35,_führten_zu,3386,172568,175954,26,1+15+19+21+22+23+24+25+32+33+34+52+86,4,175954,185017,I,35+39,_verstärktem_kulturellen_Austausch,True,False,False,2,False,False,False,2,2,False,False,False,2,2,2,False,Fortschritt führten zu,1.0,100.0
SG12,P06_T5,P06,7,3033,175954,185017,I,D,35+39,_verstärktem_kulturellen_Austausch,3308,185017,188325,2,4+5+19,0,188325,189963,I,39+41,_von,True,False,False,2,False,False,False,2,2,True,False,False,1,2,2,False,zu Austausch,1.0,83.0
SG12,P06_T5,P06,8,3033,188325,189963,I,D,39+41,_von,11013,189963,200976,53,0+2+3+4+5+6+7+11+12+13+15+16+17+18+19+20+22+23+24+37+38+50+52+62+76+77+81+84+86,0,200976,200976,D,39,[kulturellen_,True,False,False,2,True,False,False,1,2,True,True,True,1,1,1,False,Austausch Kulturen,0.0,33.0
SG12,P06_T5,P06,9,3033,200976,200976,D,D,39,[kulturellen_,3323,200976,204299,18,4+5+6+7+8+29+30+76+77+81+84,0,204299,214689,I,41+42+43,_Kulturen_und_Gesellschaften,False,False,False,2,False,False,False,2,2,False,False,False,2,2,2,False,Austausch,0.0,33.0
SG12,P06_T5,P06,10,3033,204299,214689,I,D,41+42+43,_Kulturen_und_Gesellschaften,6769,214689,221458,30,22+23+24+26+27+28+33+34+37+38+92+107,0,221458,233081,C,37+38+41+44,[verstärktem_]selbst_gewählten_[von_]der_._,True,True,True,1,True,True,True,1,1,True,True,True,1,1,1,False,Kulturen und Gesellschaften,1.0,100.0
SG12,P06_T5,P06,11,3033,249929,253143,I,D,45+46,Dieser_Austausch,3463,253143,256606,18,0+1+7+11+12+13+21+39+41+45+46,2,256606,259087,I,46,_variierte,True,False,False,2,False,False,False,2,2,True,True,False,1,1,2,False,Dieser Austausch,1.0,100.0
SG12,P06_T5,P06,12,3033,256606,259087,I,D,46,_variierte,7160,259087,266247,45,0+36+37+38+39+41+43+45+46+52+87,14,266247,275248,C,46+47+48+49,[etreiirav]war_nicht_gleichförmig,True,True,True,1,True,False,False,1,2,True,True,False,1,1,2,False,Austausch,0.0,22.0
SG12,P06_T5,P06,13,3033,278774,294483,I,D,50+51+52+53+54+55+56+57+58,",_führte_jedoch_zu_einem_Aufbrechen_traditioneller_Normen_und",4072,294483,298555,3,60,0,298555,300661,C,58,_Tr[rT,True,False,False,2,True,False,False,1,2,True,False,False,1,2,2,False,", führte jedoch zu einem Aufbrechen traditioneller Normen und",1.0,100.0
SG12,P06_T5,P06,14,3033,298555,300661,C,D,58,_Tr[rT,3479,300661,304140,3,10+45+46+100,0,304140,308664,C,58+59,B`[#`]Gebräuchen,True,False,False,2,True,False,False,1,2,True,False,False,1,2,2,False,und,0.0,0.0
SG12,P06_T5,P06,15,3033,304140,308664,C,D,58+59,B`[#`]Gebräuchen,8268,308664,316932,18,0+8+10+11+45+46+50+52,0,316932,332111,I,59+60+61+62+63,_und_einer_veränderten_Verständnis,True,False,False,2,False,False,False,2,2,False,False,False,2,2,2,False,und Gebräuchen,1.0,100.0
SG12,P06_T5,P06,16,3033,316932,332111,I,D,59+60+61+62+63,_und_einer_veränderten_Verständnis,13712,332111,345823,54,0+29+30+32+37+38+39+47+50+52+61+62+63+105,13,345823,345823,I,63,_,True,False,False,2,False,False,False,2,2,False,False,False,2,2,2,False,Gebräuchen und einem veränderten Verständnis,1.0,97.0
SG12,P06_T5,P06,17,3033,345823,345823,I,D,63,_,5164,345823,350987,0,,0,350987,357929,I,65+66,von_Weltgeschehen._,False,False,False,2,False,False,False,2,2,False,False,False,2,2,2,False,Verständnis,,
SG12,P06_T5,P06,18,3033,350987,357929,I,D,65+66,von_Weltgeschehen._,3619,357929,361548,14,0+55+57+58+59+62+63+64+65,2,361548,386945,C,67+68+69+70+71+72+73+74,Sozio[o]ologen_reagierten_auf_diese_Veränderungen_mit_dem_Versuch,False,False,False,2,False,False,False,2,2,False,False,False,2,2,2,False,Weltgeschehens .,1.0,88.0
SG12,P06_T5,P06,19,3033,361548,386945,C,D,67+68+69+70+71+72+73+74,Sozio[o]ologen_reagierten_auf_diese_Veränderungen_mit_dem_Versuch,4696,386945,391641,38,0+33+45+46+61+62+63+64+65+73+74+82+83,1,391641,396680,C,74,_den[ned,True,False,False,2,True,False,False,1,2,True,True,False,1,1,2,False,Soziologen reagierten auf diese Veränderungen mit dem Ansatz,1.0,92.0
SG12,P06_T5,P06,20,3033,391641,396680,C,D,74,_den[ned,3915,396680,400595,42,7+9+11+12+13+63+68+69+105+106+123+126+127+128+129+131+135,0,400595,419253,C,74+75+77+82+83+84,"zu_versthenen[neneh]ehen,_welcher_Klebstoff_soziale_Gruppen_zusammenhält",True,True,True,1,True,False,False,1,2,True,True,False,1,1,2,False,Ansatz,0.0,17.0
SG12,P06_T5,P06,21,3033,439783,440017,I,D,84,._,6115,440017,446132,12,64+65+67+70+76+77+81+83+84+124,1,446132,456865,C,84+85+86+87+88,[_.]_und_erforschten_mögliche_Lösungen,True,False,False,2,True,False,False,1,2,True,False,False,1,2,2,False,zusammenhält,,
SG12,P06_T5,P06,22,3033,446132,456865,C,D,84+85+86+87+88,[_.]_und_erforschten_mögliche_Lösungen,3151,456865,460016,26,0+10+11+34+57+58+59+61+122+133,0,460016,460016,I,89,_,False,False,False,2,False,False,False,2,2,False,False,False,2,2,2,False,zusammenhält und erforschten mögliche Lösungen,1.0,100.0
SG12,P06_T5,P06,23,3033,460016,460016,I,D,89,_,7207,460016,467223,59,8+10+11+14+15+16+17+18+19+22+23+24+26+27+30+104+119+120+121+122+123+124+125+127+128+129+131+132+133+135,0,467223,470187,I,91,das_Aufbrechen,False,False,False,2,False,False,False,2,2,False,False,False,2,2,2,False,",",,
SG12,P06_T5,P06,24,3033,467223,470187,I,D,91,das_Aufbrechen,3885,470187,474072,37,32+45+46+60+62+63+64+65+72+73+74+78+79,0,474072,479703,I,91+92+93,_sozialer_Solidarität,True,False,False,2,False,False,False,2,2,False,False,False,2,2,2,False,Aufbrechen,1.0,100.0
SG12,P06_T5,P06,25,3033,474072,479703,I,D,91+92+93,_sozialer_Solidarität,16490,479703,496193,132,11+12+15+16+17+18+32+45+46+47+55+56+57+58+59+60+62+63+64+65+68+69+70+71+76+77+79+81+82+83+84+85+92+93+100+101+131,7,496193,500295,I,96+97+98,._Der_Begriff,False,False,False,2,False,False,False,2,2,False,False,False,2,2,2,False,Aufbrechen sozialer Solidarität,1.0,100.0
SG12,P06_T5,P06,26,3033,496193,500295,I,D,96+97+98,._Der_Begriff,35756,500295,536051,122,10+30+37+38+48+49+59+63+64+65+67+76+77+78+81+82+83+84+85+86+87+131,0,536051,536846,I,104+98,_Auguste_Comte_(1798-1857)_in_1838_,True,False,False,2,False,False,False,2,2,False,False,False,2,2,2,False,. Der Begriff,1.0,100.0
SG12,P06_T5,P06,27,3033,536051,536846,I,D,104+98,_Auguste_Comte_(1798-1857)_in_1838_,8690,536846,545536,57,32+48+49+63+64+65+99+100+104+105+135,1,545536,553461,I,100+103+99,Soziologie_wurde_von_,False,False,False,2,False,False,False,2,2,False,False,False,2,2,2,False,Auguste Begriff,0.0,60.0
SG12,P06_T5,P06,28,3033,545536,553461,I,D,100+103+99,Soziologie_wurde_von_,15366,553461,568827,100,10+11+62+76+77+81+84+85+86+87+88+91+92+94+95+98+100+101+114,4,568827,568827,D,110,[1838_,False,False,False,2,False,False,False,2,2,False,False,False,2,2,2,False,wurde von Soziologie,0.0,50.0
SG12,P06_T5,P06,29,3033,568827,568827,D,D,110,[1838_,5631,568827,574458,28,76+77+81+84+86+87+93+98+99+100+101,0,574458,606220,C,110+113+114+115+116+117+118+119+120+121,"1838_aus_dem_lLateinischen_""S[S]socius""_(Kamerad,_",True,False,False,2,True,False,False,1,2,True,False,False,1,2,2,False,),,
SG12,P06_T5,P06,30,3033,574458,606220,C,D,110+113+114+115+116+117+118+119+120+121,"1838_aus_dem_lLateinischen_""S[S]socius""_(Kamerad,_",36005,606220,642225,217,0+1+22+23+24+45+46+56+60+63+68+69+72+73+74+76+77+81+84+86+87+88+89+90+91+92+93+94+95+98+104+111+112+113+114+115+116+117+118+119+120+121+122+125,114,642225,654955,I,122+123+124+125+126,Partner)_und_dem_Griechischen,False,False,False,2,False,False,False,2,2,True,False,False,1,2,2,False,") aus dem lateinischen "" socius "" ( Kamerad ,",1.0,89.0
SG12,P06_T5,P06,31,3033,642225,654955,I,D,122+123+124+125+126,Partner)_und_dem_Griechischen,5195,654955,660150,42,8+10+26+27+43+44+60+76+77+81+84+86+88+90+91+92+94+95+97+98+99,0,660150,660150,D,114,[l,False,False,False,2,False,False,False,2,2,True,False,False,1,2,2,False,Partner ) und dem griechischen,1.0,97.0
SG12,P06_T5,P06,32,3033,660150,660150,D,D,114,[l,9984,660150,670134,45,8+9+10+88+89+90+91+94+95+131,0,670134,670633,C,114+115,[L]l,True,False,False,2,True,False,False,1,2,True,False,False,1,2,2,False,dem,0.0,0.0
SG12,P06_T5,P06,33,3033,670134,670633,C,D,114+115,[L]l,3853,670633,674486,14,43+44+47+59+62+76+77+78+81+82+84+86+125,0,674486,674861,C,125+126,[G]g,False,False,False,2,False,False,False,2,2,False,False,False,2,2,2,False,dem lateinischen,,
SG12,P06_T5,P06,34,3033,674486,674861,C,D,125+126,[G]g,3884,674861,678745,32,82+83+99+100+126+127+128+129+131+132+133+134+135,6,678745,681163,I,126+128,_(logia,True,False,False,2,False,False,False,2,2,True,False,False,1,2,2,False,dem griechischen,,
SG12,P06_T5,P06,35,3033,678745,681163,I,D,126+128,_(logia,7909,681163,689072,40,11+15+32+63+64+65+76+77+81+82+83+84+99+100+102+103+104+125+127+128+129,1,689072,694704,C,126+129+130+131,[(]_(die,True,False,False,2,True,False,False,1,2,True,False,False,1,2,2,False,griechischen logia,1.0,83.0
SG12,P06_T5,P06,36,3033,689072,694704,C,D,126+129+130+131,[(]_(die,27191,694704,721895,52,63+67+76+77+81+83+84+99+100+101+102+103+104+105+131+133,2,721895,724157,I,127+129,"""""",True,False,False,2,False,False,False,2,2,True,False,False,1,2,2,False,"griechischen "" ( Untersuchung",0.0,50.0
SG12,P06_T5,P06,37,3033,721895,724157,I,D,127+129,"""""",12838,724157,736995,7,62+131,0,736995,747151,C,131+132+133+134,"[die]Unrter[retr]tersuchung_nach,_Sprache)",False,False,False,2,False,False,False,2,2,False,False,False,2,2,2,False,""" """,,
SG12,P06_T5,P06,38,3033,736995,747151,C,D,131+132+133+134,"[die]Unrter[retr]tersuchung_nach,_Sprache)",5008,747151,752159,16,111+112+113+131+132+133,15,752159,753173,I,131,die_,True,False,False,2,False,False,False,2,2,False,False,False,2,2,2,False,"Untersuchung , Sprache )",1.0,83.0
SG12,P06_T6,P06,39,3394,8861,49561,C,D,1+2+3+4+5+6+7,Die_überwiegende_mEHRHEIT_DER[RED_TIEHRHEm]m[m]Mehrj[j]heit_der_[_]_[_]_Jäger_und_Sammler,8690,49561,58251,41,0+5+6+7+8+9+10+16+17+18+89+90+108,24,58251,62510,I,7+9,_sind_nomad,True,False,False,2,False,False,False,2,2,False,False,False,2,2,2,False,Die überwiegende Mehrheit der Jäger und Sammler,1.0,100.0
SG12,P06_T6,P06,40,3394,58251,62510,I,D,7+9,_sind_nomad,10514,62510,73024,65,2+3+4+5+6+7+8+9+16+17+18+108,36,73024,76768,C,9,isch_orgq[qgro_,True,False,False,2,True,False,False,1,2,True,False,False,1,2,2,False,Sammler nomadisch,0.0,60.0
SG12,P06_T6,P06,41,3394,73024,76768,C,D,9,isch_orgq[qgro_,3557,76768,80325,24,11+12+13+14+15+16+17+18,0,80325,80590,I,10,._,False,False,False,2,False,False,False,2,2,False,False,False,2,2,2,False,nomadisch,0.0,44.0
SG12,P06_T6,P06,42,3394,80325,80590,I,D,10,._,4992,80590,85582,28,5+6+7+9+10+11+12+13+15+40+41+42,1,85582,88187,I,10,Es_ist_,True,False,False,2,False,False,False,2,2,True,True,False,1,1,2,False,.,,
SG12,P06_T6,P06,43,3394,85582,88187,I,D,10,Es_ist_,8814,88187,97001,61,0+1+2+3+4+5+6+7+8+9+10+11+12+14+15,6,97001,102009,C,10+11,[_tsi_sE]Ansiedlungen,True,True,True,1,True,False,False,1,2,True,True,False,1,1,2,False,.,,
SG12,P06_T6,P06,44,3394,105878,122040,C,D,11+14+15+16,_eines_solchen_Selbstversorgung[gnu]ersystems_sind_,3400,122040,125440,0,,0,125440,150089,I,16+19+20+21+22+23+24+25+26+27+28+29,"recht_schwierig,_da_die_Resource_einer_Region_relativ_schnell_erschöpft_sind.",True,False,False,2,False,False,False,2,2,False,False,False,2,2,2,False,Ansiedlungen solchen Selbstversorgersystem sind,1.0,90.0
SG12,P06_T6,P06,45,3394,125440,150089,I,D,16+19+20+21+22+23+24+25+26+27+28+29,"recht_schwierig,_da_die_Resource_einer_Region_relativ_schnell_erschöpft_sind.",4726,150089,154815,48,0+2+3+5+6+7+10+11+12+14+15+16+17+18+94+96,4,154815,154815,I,29,_,True,False,False,2,False,False,False,2,2,True,False,False,1,2,2,False,"sind , da die Resourcen einer Region relativ schnell erschöpft sind .",1.0,91.0
SG12,P06_T6,P06,46,3394,154815,154815,I,D,29,_,7348,154815,162163,24,1+4+5+6+7+11+26+104+105+106+108,0,162163,168949,C,29+33+34+35,L[L]Jäger_und_Sammler,True,False,False,2,True,False,False,1,2,True,False,False,1,2,2,False,.,,
SG12,P06_T6,P06,47,3394,162163,168949,C,D,29+33+34+35,L[L]Jäger_und_Sammler,5210,168949,174159,38,2+3+5+6+7+8+11+12+13+14+15+16+17+18+23+33+34+35,4,174159,179276,I,35+36,_leben_tendenziell,True,False,False,2,False,False,False,2,2,True,False,False,1,2,2,False,. Jägern und Sammlern,1.0,94.0
SG12,P06_T6,P06,48,3394,174159,179276,I,D,35+36,_leben_tendenziell,9688,179276,188964,55,2+3+4+5+6+7+8+9+11+12+14+15+23+24+25+26+28+30+96,0,188964,202614,C,29+30+32+33,[J]Aufgrund_der_Selbstversorgung_sind_bei_J,False,False,False,2,False,False,False,2,2,True,False,False,1,2,2,False,Sammlern tendenziell,1.0,88.0
SG12,P06_T6,P06,49,3394,188964,202614,C,D,29+30+32+33,[J]Aufgrund_der_Selbstversorgung_sind_bei_J,34195,202614,236809,176,2+3+4+5+6+7+8+9+11+12+14+15+16+17+18+20+23+33+34+35+36+73,2,236809,236809,I,33,n,True,False,False,2,False,False,False,2,2,False,False,False,2,2,2,False,. Selbstversorgung bei Jägern,1.0,79.0
SG12,P06_T6,P06,50,3394,236809,236809,I,D,33,n,3526,236809,240335,25,20+21+22+26+30+31+32+36+104+105+106,0,240335,242706,C,35+36,n[leben_,False,False,False,2,False,False,False,2,2,False,False,False,2,2,2,False,Jägern,,
SG12,P06_T6,P06,51,3394,240335,242706,C,D,35+36,n[leben_,8081,242706,250787,67,0+5+6+7+12+14+15+16+17+18+22+23+24+25+26+27+28+29+30+33+34+35+36+37+40+41+42+64+65+66,9,250787,264593,I,36+37+38,_eher_niedrige_Bevölkerungsdichten_zu_verzeichnen,True,False,False,2,False,False,False,2,2,False,False,False,2,2,2,False,Sammlern tendenziell,0.0,43.0
SG12,P06_T6,P06,52,3394,250787,264593,I,D,36+37+38,_eher_niedrige_Bevölkerungsdichten_zu_verzeichnen,4633,264593,269226,45,2+3+5+6+7+8+9+11+16+17+18+38+96+97+108,3,269226,269226,I,39,.,False,False,False,2,False,False,False,2,2,False,False,False,2,2,2,False,tendenziell niedrige Bevölkerungsdichten,1.0,78.0
SG12,P06_T6,P06,53,3394,269226,269226,I,D,39,.,5055,269226,274281,49,38+39+40+41+42+43+44+46,1,274281,292783,I,39+42,_Solche_Selbstversorgungsstrukturen,True,False,False,2,False,False,False,2,2,False,False,False,2,2,2,False,.,,
SG12,P06_T6,P06,54,3394,274281,292783,I,D,39+42,_Solche_Selbstversorgungsstrukturen,3790,292783,296573,13,33+34+35+36+37+97,0,296573,304966,I,42+44,_erlauben_Bevölkerungsdichten,True,False,False,2,False,False,False,2,2,False,False,False,2,2,2,False,. Selbstversorgungsstrukturen,1.0,97.0
SG12,P06_T6,P06,55,3394,296573,304966,I,D,42+44,_erlauben_Bevölkerungsdichten,12589,304966,317555,89,4+5+6+7+8+9+11+12+13+14+15+21+23+24+25+26+27+28+29+30+33+34+35+36+37+38,0,317555,325028,C,40+41,[Solche_]Landwirtschaftlich_geprägte_,False,True,False,2,False,False,False,2,2,True,False,False,1,2,2,False,Selbstversorgungsstrukturen Bevölkerungsdichten,1.0,86.0
SG12,P06_T6,P06,56,3394,317555,325028,C,D,40+41,[Solche_]Landwirtschaftlich_geprägte_,4992,325028,330020,27,30+31+32+37+38+55+56+57+58,0,330020,352905,C,44+45+46+48+49+50+51+52+53+54+57,",_die_5[5]60_bis_100_mal_größer_sind_als_nomadische_Le[eL_",False,False,False,2,False,False,False,2,2,False,False,False,2,2,2,False,Landwirtschaftlich geprägte,1.0,100.0
SG12,P06_T6,P06,57,3394,330020,352905,C,D,44+45+46+48+49+50+51+52+53+54+57,",_die_5[5]60_bis_100_mal_größer_sind_als_nomadische_Le[eL_",9828,352905,362733,46,0+2+3+9+15+33+34+35+37+38+39+40+41+42+55+56+57+58+108,1,362733,362905,I,108+57,",_",True,False,False,2,False,False,False,2,2,True,False,False,1,2,2,False,"Bevölkerungsdichten , die 60 bis 100 mal größer sind als nomadischen",1.0,89.0
SG12,P06_T6,P06,58,3394,362733,362905,I,D,108+57,",_",7785,362905,370690,40,0+37+38+40+41+42+48+49+75+77,0,370690,372218,C,44+45,"[,],",False,False,False,2,False,False,False,2,2,True,False,False,1,2,2,False,. nomadischen,,
SG12,P06_T6,P06,59,3394,370690,372218,C,D,44+45,"[,],",5460,372218,377678,55,0+30+33+34+35+40+41+42+43+55+56+57+58+96,0,377678,384152,C,57+59,"[,]._",False,False,False,2,False,False,False,2,2,False,False,False,2,2,2,False,"Bevölkerungsdichten ,",,
SG12,P06_T6,P06,60,3394,377678,384152,C,D,57+59,"[,]._",10312,384152,394464,64,0+12+30+31+32+40+41+42+43+44+46+52+54+55+56+57+58+60+61+88+94,8,394464,421577,C,60+61+62+63+64+65+66+69+70,Hierarchische_Strukturen_sind_bei_Jägern_und_Sammlern_nu[un]viel_schwächer_ausgeprägt,False,False,False,2,False,False,False,2,2,False,False,False,2,2,2,False,nomadischen .,,
SG12,P06_T6,P06,61,3394,394464,421577,C,D,60+61+62+63+64+65+66+69+70,Hierarchische_Strukturen_sind_bei_Jägern_und_Sammlern_nu[un]viel_schwächer_ausgeprägt,23166,421577,444743,291,0+1+5+6+7+30+31+32+37+38+39+40+41+42+43+44+45+46+48+50+51+52+54+55+56+57+58+59+60+61+62+64+65+66+67+68+69+70,65,444743,446428,I,61,ozials,True,False,False,2,False,False,False,2,2,False,False,False,2,2,2,False,Hierarchische Sozialstrukturen sind bei Jägern und Sammlern schwächer ausgeprägt,1.0,92.0
SG12,P06_T6,P06,62,3394,444743,446428,I,D,61,ozials,7051,446428,453479,29,16+17+18+20+22+23+33+34+35+38+44+45+46+68+69+70+73,0,453479,454805,I,67,meist_,False,False,False,2,False,False,False,2,2,False,False,False,2,2,2,False,Sozialstrukturen,1.0,100.0
SG12,P06_T6,P06,63,3394,453479,454805,I,D,67,meist_,3651,454805,458456,18,44+45+46+50+51+52,0,458456,458456,I,70,_,False,False,False,2,False,False,False,2,2,False,False,False,2,2,2,False,meist,1.0,100.0
SG12,P06_T6,P06,64,3394,458456,458456,I,D,70,_,3697,458456,462153,22,38+39+40+41+42+44+45+46+48+50,0,462153,471154,C,71+72+73+74+75+76,jedochj[j]_nicht_in_allen_Fällen._,False,False,False,2,False,False,False,2,2,False,False,False,2,2,2,False,ausgeprägt,,
SG12,P06_T6,P06,65,3394,462153,471154,C,D,71+72+73+74+75+76,jedochj[j]_nicht_in_allen_Fällen._,3541,471154,474695,22,0+40+41+42+43+44+46+52+54+55+56+57+58,0,474695,508423,C,77+78+79+80+86+87+88+90+91+92,"Da_Jäger_und_Sammler_gewöhnlich_keine_Möglichkeit_besitzen,_Le[e]ebensmittel_zu_[_uz]aufzubewahren",False,True,False,2,False,False,False,2,2,False,False,False,2,2,2,False,jedoch nicht in allen Fällen .,1.0,97.0
SG12,P06_T6,P06,66,3394,474695,508423,C,D,77+78+79+80+86+87+88+90+91+92,"Da_Jäger_und_Sammler_gewöhnlich_keine_Möglichkeit_besitzen,_Le[e]ebensmittel_zu_[_uz]aufzubewahren",18127,508423,526550,123,0+30+31+38+45+54+55+56+57+58+61+62+64+65+66+67+68+69+70+71+72+73+75+77+78+79+80+81+82+86+87+88+89+90+91+92+93+94+108,41,526550,534771,C,81+82+83+85,"nomas[s]disch_leben,_haben_sie_",False,False,False,2,False,False,False,2,2,True,True,False,1,1,2,False,Da Jäger und Sammler gewöhnlich keine Möglichkeiten verzehrte Lebensmittel aufzubewahren,1.0,91.0
SG12,P06_T6,P06,67,3394,526550,534771,C,D,81+82+83+85,"nomas[s]disch_leben,_haben_sie_",4929,534771,539700,21,37+38+43+44+46+49+64+65+66,0,539700,545021,C,84+88,[haben_]besitzen_[besitzen_,False,True,False,2,False,False,False,2,2,False,False,False,2,2,2,False,"nomadisch leben , sie",1.0,86.0
SG12,P06_T6,P06,68,3394,563460,563788,I,D,93,._,33680,563788,597468,207,0+4+5+6+7+10+11+15+38+39+40+41+42+44+45+46+49+50+51+52+55+56+57+58+60+61+64+65+66+68+69+70+71+72+73+74+75+77+78+79+80+81+82+91+92+93+94+96+98+100+101+102+108,6,597468,603396,I,94,Folglich_,False,False,False,2,False,False,False,2,2,False,False,False,2,2,2,False,.,,
SG12,P06_T6,P06,69,3394,597468,603396,I,D,94,Folglich_,6100,603396,609496,38,0+87+88+93+94+95+96+97+98+99+100+108,10,609496,613318,I,95,werden_,False,False,False,2,False,False,False,2,2,False,False,False,2,2,2,False,Folglich,1.0,100.0
SG12,P06_T6,P06,70,3394,609496,613318,I,D,95,werden_,5507,613318,618825,0,,0,618825,620900,I,96,Führungs,False,False,False,2,False,False,False,2,2,False,False,False,2,2,2,False,werden,1.0,100.0
SG12,P06_T6,P06,71,3394,618825,620900,I,D,96,Führungs,5912,620900,626812,19,74+75+77+78+79+80+81+82+86+92+93+108,0,626812,653348,C,100+101+102+103+104+105+106+96+97+98+99,"persönlichkeiten_[_],_Bürokraten_oder_Handwerker_nur_selten_von_Jägern_und_Sammlern_",True,False,False,2,True,False,False,1,2,True,False,False,1,2,2,False,Führungspersönlichkeiten,1.0,100.0
SG12,P06_T6,P06,72,3394,626812,653348,C,D,100+101+102+103+104+105+106+96+97+98+99,"persönlichkeiten_[_],_Bürokraten_oder_Handwerker_nur_selten_von_Jägern_und_Sammlern_",4305,653348,657653,20,37+55+56+57+58+92+93+103+104+105+106,9,657653,659978,I,107+108,geschätzt.,False,False,False,2,False,False,False,2,2,False,False,False,2,2,2,False,"Handwerker nur selten von Jägern und Sammlern Führungspersönlichkeiten , Bürokraten oder",0.0,57.0
SG12,P06_T6,P06,73,3394,657653,659978,I,D,107+108,geschätzt.,37938,659978,697916,310,2+3+4+5+6+7+8+9+10+11+14+16+17+18+22+23+26+27+28+29+30+33+34+35+37+38+39+40+41+42+44+45+46+49+50+51+52+54+55+56+57+58+64+65+66+74+75+76+84+85+88+89+90+91+93+94+100+101+102+103+104+105+106+107+108,8,697916,699243,C,8,[sind_]leben_,False,True,False,2,False,False,False,2,2,False,False,False,2,2,2,False,geschätzt .,1.0,90.0
SG12,P07_T3,P07,1,1495,109731,109731,I,D,1,_,20998,109731,130729,92,1+2+3+4+5+6+7+8+10+11+12+13+14+15+16+21+22+23+25+28+29+30+31+32+34+35+38+39+40+41+43+76+77+78+99+100+101+146+161,7,130729,134146,I,10+11+12+9,Als_Zeichen_des_Widerstands_,False,False,False,2,False,False,False,2,2,False,False,False,2,2,2,False,Spielberg,,
SG12,P07_T3,P07,2,1495,130729,134146,I,D,10+11+12+9,Als_Zeichen_des_Widerstands_,2215,134146,136361,11,5+10+11+12+13+14+15+19+20,3,136361,142866,C,13+14+15+16,gegen_die_Chines[s]sische_regi[iger]Regierung_,False,False,False,2,False,False,False,2,2,False,False,False,2,2,2,False,Zeichen des Widerstands Als,1.0,85.0
SG12,P07_T3,P07,3,1495,136361,142866,C,D,13+14+15+16,gegen_die_Chines[s]sische_regi[iger]Regierung_,7504,142866,150370,44,10+11+12+13+14+15+16+17+28+29+30+31+32+34+35+36+37+40+41+119+121+122+123,21,150370,151633,I,16,weigert_sich_,True,False,False,2,False,False,False,2,2,True,True,False,1,1,2,False,gegen die Chinesische Regierung,1.0,100.0
SG12,P07_T3,P07,4,1495,150370,151633,I,D,16,weigert_sich_,1498,151633,153131,11,16+28+30+31+32+34+40+41,7,153131,153833,D,16,[########egiew,True,False,False,2,True,False,False,1,2,True,False,False,1,2,2,False,Regierung,0.0,44.0
SG12,P07_T3,P07,5,1495,153131,153833,D,D,16,[########egiew,6552,153833,160385,22,10+11+12+13+16+28+29+30+31+32+34+35+40+41+44+91+151+152+153,6,160385,169651,C,18+29+30+31+32+33,"sieht_Steven_Spielberg_daovn_a[a_nvo]von_ab,_",False,True,False,2,False,False,False,2,2,True,False,False,1,2,2,False,Regierung,0.0,44.0
SG12,P07_T3,P07,6,1495,160385,169651,C,D,18+29+30+31+32+33,"sieht_Steven_Spielberg_daovn_a[a_nvo]von_ab,_",2216,169651,171867,11,28+31+32+34+35+40+41+56+110,6,171867,189386,C,35+36+37+38+39,de_Olymosc[cso]pischen_Sommerspei[ie]il[l]elen_in_Pk[k]eking_beizuwohnen_._,False,False,False,2,False,False,False,2,2,True,True,False,1,1,2,False,"die Steven Spielberg davon ab ,",1.0,94.0
SG12,P07_T3,P07,7,1495,171867,189386,C,D,35+36+37+38+39,de_Olymosc[cso]pischen_Sommerspei[ie]il[l]elen_in_Pk[k]eking_beizuwohnen_._,9032,189386,198418,33,10+11+12+13+14+15+16+28+29+30+31+32+34+35+38+39+40+41,4,198418,198418,I,35,n,True,False,False,2,False,False,False,2,2,True,True,False,1,1,2,False,den Olympischen Sommerspielen in Peking,1.0,97.0
SG12,P07_T3,P07,8,1495,198418,198418,I,D,35,n,2590,198418,201008,7,15+16+28+31+32+34+35+36+37+38+39+40+41,1,201008,202302,C,39+42,[_._]._,False,False,False,2,False,False,False,2,2,False,False,False,2,2,2,False,den,,
SG12,P07_T3,P07,9,1495,201008,202302,C,D,39+42,[_._]._,61527,202302,263829,272,3+5+10+11+12+13+14+15+16+17+18+19+20+21+22+23+24+25+26+28+29+30+31+32+34+35+36+37+38+39+40+41+42+43+44+45+46+47+64+65+66+70+71+72+73+74+76+77+78+80+92+93+102+103+104+105+106+129+130+132+133+147+148+149+150+154,13,263829,266403,I,14,_Haltung_der,False,False,False,2,False,False,False,2,2,True,True,False,1,1,2,False,Peking .,,
SG12,P07_T3,P07,10,1495,263829,266403,I,D,14,_Haltung_der,2512,266403,268915,7,17+18+29+36+37,0,268915,268915,I,15,n,False,False,False,2,False,False,False,2,2,True,True,False,1,1,2,False,die,0.0,67.0
SG12,P07_T3,P07,11,1495,268915,268915,I,D,15,n,2948,268915,271863,8,2+19+20+24+26+29+77+78+132+133,0,271863,273299,I,16,gegenüber_den_,False,False,False,2,False,False,False,2,2,True,False,False,1,2,2,False,Chinesische,,
SG12,P07_T3,P07,12,1495,271863,273299,I,D,16,gegenüber_den_,4274,273299,277573,19,4+7+10+11+12+13+14+15+16+18+28+29+30+31+32+34+40+41+81+83,4,277573,278883,D,16,[_ned,True,False,False,2,True,False,False,1,2,True,False,False,1,2,2,False,Regierung,0.0,44.0
SG12,P07_T3,P07,13,1495,277573,278883,D,D,16,[_ned,10920,278883,289803,49,10+11+12+13+14+15+16+18+19+20+28+29+30+31+32+34+36+37+40+41+132+133,15,289803,292970,I,16,dem_Vorgehen_,True,False,False,2,False,False,False,2,2,True,False,False,1,2,2,False,Regierung,0.0,20.0
SG12,P07_T3,P07,14,1495,289803,292970,I,D,16,dem_Vorgehen_,2652,292970,295622,12,16+19+20+25+44+77+78,6,295622,299101,C,16,Sud[du]us,True,False,False,2,True,False,False,1,2,True,False,False,1,2,2,False,Regierung,0.0,44.0
SG12,P07_T3,P07,15,1495,295622,299101,C,D,16,Sud[du]us,1794,299101,300895,12,16+19+20+28+31+32+34+40+41+42+43+81+83,2,300895,300895,D,16,[s,True,False,False,2,True,False,False,1,2,True,False,False,1,2,2,False,Regierung,0.0,33.0
SG12,P07_T3,P07,16,1495,300895,300895,D,D,16,[s,32277,300895,333172,129,10+11+12+13+14+15+16+18+19+20+28+29+30+31+32+34+35+36+37+38+39+40+41+43+77+78+106+123+129+130+131+147+148+149+154,10,333172,335590,C,16+17+18,"[#########################_],_deren_[_n",True,False,False,2,True,False,False,1,2,True,False,False,1,2,2,False,Regierung,0.0,0.0
SG12,P07_T3,P07,17,1495,333172,335590,C,D,16+17+18,"[#########################_],_deren_[_n",5195,335590,340785,14,10+11+12+13+14+15+16+30,1,340785,343374,C,14,[###########H_ei]ie_,False,True,False,2,False,False,False,2,2,True,True,False,1,1,2,False,"Regierung , die",0.0,36.0
SG12,P07_T3,P07,18,1495,345293,345293,D,D,15,[n,2044,345293,347337,3,18,0,347337,348834,I,18,en_Haltung_,False,False,False,2,False,False,False,2,2,False,False,False,2,2,2,False,Chinesische,0.0,50.0
SG12,P07_T3,P07,19,1495,347337,348834,I,D,18,en_Haltung_,3682,348834,352516,11,17+18+28+29+31+32+34+40+41+143+157,5,352516,352516,D,18,[e,True,False,False,2,True,False,False,1,2,True,True,False,1,1,2,False,die,0.0,33.0
SG12,P07_T3,P07,20,1495,352516,352516,D,D,18,[e,38095,352516,390611,127,10+11+12+13+14+15+16+18+28+29+30+31+32+34+35+36+37+40+41+145,44,390611,390611,D,18,[##########l,True,False,False,2,True,False,False,1,2,True,True,False,1,1,2,False,die,0.0,50.0
SG12,P07_T3,P07,21,1495,390611,390611,D,D,18,[##########l,3214,390611,393825,21,10+11+12+13+14+15+18+28+29+31+32+34+38+39+40+41,1,393825,394230,D,18,[aH,True,False,False,2,True,False,False,1,2,True,True,False,1,1,2,False,die,0.0,0.0
SG12,P07_T3,P07,22,1495,393825,394230,D,D,18,[aH,1982,394230,396212,4,16+18+29+30,1,396212,396212,D,18,[_,True,False,False,2,True,False,False,1,2,True,True,False,1,1,2,False,die,0.0,0.0
SG12,P07_T3,P07,23,1495,396212,396212,D,D,18,[_,8705,396212,404917,39,1+3+7+10+11+12+13+14+15+16+18+28+29+30+31+32+34+40+41+105+109+148+149,2,404917,406336,I,43+44,Sein_Protest,False,False,False,2,False,False,False,2,2,True,True,False,1,1,2,False,die,,
SG12,P07_T3,P07,24,1495,404917,406336,I,D,43+44,Sein_Protest,8159,406336,414495,44,5+10+11+12+13+15+16+22+23+28+29+30+31+32+34+35+36+37+38+39+40+41+44+106,4,414495,414495,I,44,_,True,False,False,2,False,False,False,2,2,True,False,False,1,2,2,False,Spielbergs Protest,1.0,75.0
SG12,P07_T3,P07,25,1495,414495,414495,I,D,44,_,15538,414495,430033,103,1+4+5+9+10+11+12+13+14+15+16+17+19+20+28+29+30+31+32+34+40+41+45+46+47+80+134+135+136+137,0,430033,431796,C,44,offen[neffo,True,False,False,2,True,False,False,1,2,True,False,False,1,2,2,False,Protest,,
SG12,P07_T3,P07,26,1495,430033,431796,C,D,44,offen[neffo,3884,431796,435680,4,18+28+30+31+32+34+40+41,0,435680,437490,I,44,ist_die_Fol,True,False,False,2,False,False,False,2,2,True,False,False,1,2,2,False,Protest,0.0,29.0
SG12,P07_T3,P07,27,1495,435680,437490,I,D,44,ist_die_Fol,1747,437490,439237,4,44,4,439237,445851,C,44,[#########si]begrü[ürge]erg[gr]gründet_er_,True,False,False,2,True,False,False,1,2,True,False,False,1,2,2,False,Protest,0.0,29.0
SG12,P07_T3,P07,28,1495,439237,445851,C,D,44,[#########si]begrü[ürge]erg[gr]gründet_er_,1841,445851,447692,13,5+17+29+44+50+51+52+53+81+83+148+149,4,447692,454384,C,44+45+46+47+48+49,[######d######_]_bezieht_sich_auf_die_Folgen__,True,False,False,2,True,False,False,1,2,True,False,False,1,2,2,False,Protest,0.0,29.0
SG12,P07_T3,P07,29,1495,447692,454384,C,D,44+45+46+47+48+49,[######d######_]_bezieht_sich_auf_die_Folgen__,1779,454384,456163,8,5+28+31+32+34+40+41+49,5,456163,456724,C,49+50,[_]der_,True,False,False,2,True,False,False,1,2,True,False,False,1,2,2,False,Protest bezieht sich auf die Folgen,1.0,100.0
SG12,P07_T3,P07,30,1495,456163,456724,C,D,49+50,[_]der_,2091,456724,458815,20,10+11+12+13+36+37+38+39+49,5,458815,459938,I,51,Kämpfe,False,False,False,2,False,False,False,2,2,False,False,False,2,2,2,False,Folgen der,1.0,100.0
SG12,P07_T3,P07,31,1495,458815,459938,I,D,51,Kämpfe,1607,459938,461545,13,0+22+23+48+50+51+52+53+55+56+64+65+66+67+68+69+70+71+72+73+74+104+125,3,461545,466194,I,52+53+54+55+56+57,",_die_in_Darfur_aufflammten,_",False,False,False,2,False,False,False,2,2,False,False,False,2,2,2,False,Kämpfe,1.0,100.0
SG12,P07_T3,P07,32,1495,461545,466194,I,D,52+53+54+55+56+57,",_die_in_Darfur_aufflammten,_",13587,466194,479781,78,10+11+12+13+14+15+16+28+29+30+31+32+34+36+37+38+39+40+41+44+45+46+47+48+49+50+51+52+53+55+56,7,479781,483229,C,43,[nie]pieler[re]bergs,False,False,False,2,False,False,False,2,2,False,False,False,2,2,2,False,", die in Darfur aufflammten ,",1.0,96.0
SG12,P07_T3,P07,33,1495,479781,483229,C,D,43,[nie]pieler[re]bergs,3448,483229,486677,22,10+11+12+13+16+38+39+45+46+47+48+49+50+51+52+53+54+57+58+81+83+104+134+135+136+137,0,486677,494336,C,58+59+60+61+62+63,"ud_[_d]nd_er_ist_dfw[wfd]fest_entschlossen,_China_",False,False,False,2,False,False,False,2,2,False,False,False,2,2,2,False,Spielbergs,1.0,100.0
SG12,P07_T3,P07,34,1495,486677,494336,C,D,58+59+60+61+62+63,"ud_[_d]nd_er_ist_dfw[wfd]fest_entschlossen,_China_",1779,494336,496115,8,15+43+45+46+47+77+78+106,0,496115,501013,C,63,sienen[nenei]eine_Missmutt_z[z_t]_,True,True,True,1,True,False,False,1,2,True,True,False,1,1,2,False,"und er ist fest entschlossen ,",1.0,97.0
SG12,P07_T3,P07,35,1495,531652,533259,I,D,69,zu_bringen,21606,533259,554865,106,0+10+11+12+13+15+16+17+18+19+20+24+25+28+29+30+31+32+34+35+36+37+38+39+40+41+42+43+44+45+46+47+48+49+50+51+52+53+56+67+68+69+76+132+133+145,19,554865,562290,C,69+70+71+72+73+74+75,[######################z]öffentlch_[_hc]ich_zum_Ausdruck_zu_bringen._,True,True,True,1,True,False,False,1,2,True,True,False,1,1,2,False,Regierung,0.0,44.0
SG12,P07_T3,P07,36,1495,572805,573351,I,D,76,China_,6599,573351,579950,40,61+62+64+65+66+70+71+72+73+74+77+78+81+83+92+93+94+105+106+129+147,0,579950,583023,C,77+78,bemühte_is[si]sich,False,False,False,2,False,False,False,2,2,False,False,False,2,2,2,False,China,1.0,100.0
SG12,P07_T3,P07,37,1495,579950,583023,C,D,77+78,bemühte_is[si]sich,6692,583023,589715,37,14+15+16+29+30+38+39+42+44+48+61+62+80+81+83+84+85+86+87+89+91+104,0,589715,589871,I,79,",_",False,False,False,2,False,False,False,2,2,True,False,False,1,2,2,False,bemüht sich,1.0,91.0
SG12,P07_T3,P07,38,1495,589715,589871,I,D,79,",_",37597,589871,627468,162,10+11+12+13+14+15+16+17+18+19+20+21+22+23+24+25+29+36+37+38+39+43+44+45+46+47+48+49+50+51+52+53+61+62+64+65+66+70+71+72+73+74+76+77+78+80+81+83+84+91+99+100+101+105+106+130+132+133+145+148+149+163+168+169,0,627468,631196,C,18,Haltungt_[_t]_i,False,False,False,2,False,False,False,2,2,True,True,False,1,1,2,False,",",,
SG12,P07_T3,P07,39,1495,627468,631196,C,D,18,Haltungt_[_t]_i,2012,631196,633208,4,18,4,633208,636048,C,18,[i_]_i,True,False,False,2,True,False,False,1,2,True,True,False,1,1,2,False,die,0.0,33.0
SG12,P07_T3,P07,40,1495,633208,636048,C,D,18,[i_]_i,1872,636048,637920,2,18+29,1,637920,641164,C,18,[i]miot_[_to]t_Blick_auf_,True,True,True,1,True,False,False,1,2,True,True,False,1,1,2,False,die,,
SG12,P07_T3,P07,41,1495,647093,649214,C,D,18,die_[_eid,4493,649214,653707,17,18+30,12,653707,656952,C,18,[tim]er_mi[im_re,True,False,False,2,True,False,False,1,2,True,False,False,1,2,2,False,die,1.0,100.0
SG12,P07_T3,P07,42,1495,653707,656952,C,D,18,[tim]er_mi[im_re,7285,656952,664237,42,15+16+18+24+29+30+42+44+106,12,664237,664237,D,18,[##########_,True,False,False,2,True,False,False,1,2,True,False,False,1,2,2,False,die,0.0,33.0
SG12,P07_T3,P07,43,1495,664237,664237,D,D,18,[##########_,2590,664237,666827,12,14+15+16+17+18+29,3,666827,678808,C,18+19+20+21+22+23,[###########re]ie_das_Verhalten_der_sudanesischen_Republik_,True,False,False,2,True,False,False,1,2,True,False,False,1,2,2,False,die,0.0,0.0
SG12,P07_T3,P07,44,1495,666827,678808,C,D,18+19+20+21+22+23,[###########re]ie_das_Verhalten_der_sudanesischen_Republik_,7878,678808,686686,40,15+16+18+19+20+21+22+23+25+29+30+36+37+44+50+51+52+53+55+67+68+69+80+143+156+157+158,21,686686,688698,I,24+25,in_Darfur_,False,False,False,2,False,False,False,2,2,False,False,False,2,2,2,False,die das Verhalten der sudanesischen Republik,1.0,100.0
SG12,P07_T3,P07,45,1495,686686,688698,I,D,24+25,in_Darfur_,16442,688698,705140,61,18+19+20+21+22+23+38+39+44+45+46+47+48+49+50+51+52+53+54+55+56+57+58+59+60+61+62+67+68+69+77+78+92+93+147+154+156+158,0,705140,707402,I,26+27,"unterstützte,_",False,False,False,2,False,False,False,2,2,False,False,False,2,2,2,False,in Darfur,1.0,100.0
SG12,P07_T3,P07,46,1495,705140,707402,I,D,26+27,"unterstützte,_",7879,707402,715281,45,10+11+12+13+14+15+16+17+18+19+20+22+23+28+29+30+31+32+34+38+39+40+41+45+46+47,0,715281,716014,I,28,sieht_,False,False,False,2,False,False,False,2,2,False,False,False,2,2,2,False,"unterstützte ,",1.0,92.0
SG12,P07_T3,P07,47,1495,715281,716014,I,D,28,sieht_,10452,716014,726466,38,30+38+39+43+44+45+46+47+48+49+50+51+52+53+54+55+61+62+64+65+66+67+68+69+70+71+72+73+74,0,726466,726762,I,34,zu_,False,False,False,2,False,False,False,2,2,False,False,False,2,2,2,False,sieht,1.0,100.0
SG12,P07_T3,P07,48,1495,726466,726762,I,D,34,zu_,10671,726762,737433,48,1+10+11+12+13+15+16+17+19+20+28+29+30+31+32+34+35+36+37+38+39+40+41+44+45+46+47+50+51+52+53+64+65+66+67+68+69+70+71+72+73+74+81+83,4,737433,740802,C,39+40+41,[nenhowuzieb]zu_reisen,False,True,False,2,False,False,False,2,2,False,False,False,2,2,2,False,zu,1.0,100.0
SG12,P07_T3,P07,49,1495,752081,754312,I,D,79,die_Spannungen_,19141,754312,773453,80,19+20+48+49+50+51+52+53+56+61+62+64+65+66+67+68+69+70+71+72+73+74+76+77+78+80+81+83+84+85+86+87+88+89+91+92+93+94+103+104+105+106+108+110+112+113+123+130+132+133,0,773453,775372,C,79,"[_],_die_sich_aus_",True,False,False,2,True,False,False,1,2,True,True,False,1,1,2,False,",",,
SG12,P07_T3,P07,50,1495,773453,775372,C,D,79,"[_],_die_sich_aus_",11014,775372,786386,23,9+50+51+52+53+55+56+64+65+66+67+68+69+70+71+72+73+74+164+165,0,786386,787946,D,79,[negnunnapS,True,False,False,2,True,False,False,1,2,True,True,False,1,1,2,False,",",,
SG12,P07_T3,P07,51,1495,786386,787946,D,D,79,[negnunnapS,4071,787946,792017,10,67+68+69+145,0,792017,793531,C,79,Krs[s]ise,True,False,False,2,True,False,False,1,2,True,True,False,1,1,2,False,",",,
SG12,P07_T3,P07,52,1495,792017,793531,C,D,79,Krs[s]ise,5865,793531,799396,25,28+31+32+34+40+41+50+51+52+53+54+55+56+64+65+66+67+68+69+70+71+72+73+74+80+81+83+84+86+91,0,799396,799817,I,79,der_,True,False,False,2,False,False,False,2,2,True,True,False,1,1,2,False,",",,
SG12,P07_T3,P07,53,1495,799396,799817,I,D,79,der_,3807,799817,803624,14,42+55+64+65+66+70+71+72+73+74+110+111+112+113+125+143+157,0,803624,805761,C,79,gr[rg_r,True,False,False,2,True,False,False,1,2,True,True,False,1,1,2,False,",",,
SG12,P07_T3,P07,54,1495,803624,805761,C,D,79,gr[rg_r,4571,805761,810332,16,28+31+32+34+36+37+38+39+40+41+49+50+51+52+53+54+64+65+66+67+68+69+70+71+72+73+74,0,810332,810675,D,79,[#################es,True,False,False,2,True,False,False,1,2,True,True,False,1,1,2,False,",",,
SG12,P07_T3,P07,55,1495,810332,810675,D,D,79,[#################es,1654,810675,812329,5,64+65+66+67+68+69+70+71+72+73+74,0,812329,823498,C,79+82+83+85+86+87+88+89,"tik_[_],_die_sich_auf_die_enge_Beziehung_uz[zu]zur_sudanesischen_",True,False,False,2,True,False,False,1,2,True,True,False,1,1,2,False,",",,
SG12,P07_T3,P07,56,1495,812329,823498,C,D,79+82+83+85+86+87+88+89,"tik_[_],_die_sich_auf_die_enge_Beziehung_uz[zu]zur_sudanesischen_",2262,823498,825760,15,64+65+66+70+71+72+73+74+77+78+89+90+109+110+124+126+151+168+169,4,825760,826774,I,90,Regierung_,False,False,False,2,False,False,False,2,2,True,True,False,1,1,2,False,", , die der engen Beziehung zur sudanesischen",1.0,84.0
SG12,P07_T3,P07,57,1495,825760,826774,I,D,90,Regierung_,9517,826774,836291,64,28+31+32+34+40+41+42+45+46+47+49+50+51+52+53+54+55+57+58+59+60+61+62+64+65+66+67+68+69+70+71+72+73+74+77+78+85+87+90,3,836291,837008,I,90,bezieht,True,False,False,2,False,False,False,2,2,True,True,True,1,1,1,False,Regierung,1.0,100.0
SG12,P07_T3,P07,58,1495,836291,837008,I,D,90,bezieht,5491,837008,842499,22,16+29+36+37+48+49+50+51+52+53+61+62+64+65+66+67+68+69+70+71+72+73+74+77+78+90,2,842499,842499,D,77,[e,False,False,False,2,False,False,False,2,2,True,True,True,1,1,1,False,Regierung,0.0,43.0
SG12,P07_T3,P07,59,1495,842499,842499,D,D,77,[e,2777,842499,845276,16,45+46+47+55+59+60+64+65+66+67+68+69+70+71+72+73+74+172+173,0,845276,845463,I,90,",_",False,False,False,2,False,False,False,2,2,False,False,False,2,2,2,False,bemüht,0.0,50.0
SG12,P07_T3,P07,60,1495,845276,845463,I,D,90,",_",5710,845463,851173,14,64+65+66+67+68+69+70+71+72+73+74,0,851173,852499,I,90,in_Grenzen_,True,False,False,2,False,False,False,2,2,True,True,True,1,1,1,False,Regierung,,
SG12,P07_T3,P07,61,1495,851173,852499,I,D,90,in_Grenzen_,5975,852499,858474,35,16+19+20+22+23+24+25+28+29+31+32+34+38+39+40+41+44+45+46+47+49+50+51+52+53+55+56+90,5,858474,862935,C,90,[_neznerG_ni]im_Keim_,True,True,True,1,True,True,True,1,1,True,True,True,1,1,1,False,Regierung,0.0,44.0
SG12,P07_T3,P07,62,1495,865088,867382,C,D,90,zu_[_uz_mieK,2480,867382,869862,11,64+65+66+67+68+69+70+71+72+73+74+90,5,869862,870252,D,90,[_mi,True,False,False,2,True,False,False,1,2,True,False,False,1,2,2,False,Regierung,0.0,22.0
SG12,P07_T3,P07,63,1495,869862,870252,D,D,90,[_mi,8986,870252,879238,27,16+30+38+39+50+51+52+53+61+62+64+65+66+67+68+69+70+71+72+73+74+85+87,0,879238,880064,D,79,[kitirK,False,False,False,2,False,False,False,2,2,True,False,False,1,2,2,False,Regierung,0.0,25.0
SG12,P07_T3,P07,64,1495,879238,880064,D,D,79,[kitirK,1529,880064,881593,6,18+67+68+69,0,881593,885103,C,79+80+81,[_eid]kritische_Stimmen,True,True,True,1,True,False,False,1,2,True,True,False,1,1,2,False,",",,
SG12,P07_T3,P07,65,1495,894806,894806,I,D,86,n,12683,894806,907489,102,43+54+55+59+60+61+62+64+65+66+67+68+69+70+71+72+73+74+80+81+83+85+86+87+90+145,7,907489,910625,C,83+84+85,[ruz_hcis]wegen_der,False,True,False,2,False,False,False,2,2,False,False,False,2,2,2,False,engen,,
SG12,P07_T3,P07,66,1495,913308,914525,D,D,90,"[_,theizeb",2387,914525,916912,13,64+65+66+67+68+69+70+71+72+73+74+90,6,916912,921342,I,91+92+93+94+95,"aufkommen,_zu_beschwichtigen._",False,False,False,2,False,False,False,2,2,False,False,False,2,2,2,False,Regierung,0.0,33.0
SG12,P07_T3,P07,67,1495,916912,921342,I,D,91+92+93+94+95,"aufkommen,_zu_beschwichtigen._",9220,921342,930562,54,0+50+51+52+53+54+55+56+57+58+64+65+66+67+68+69+70+71+72+73+74+75+76+77+78+80+81+83+84+94+105+106+118+134+135+136+137+148+149,4,930562,931014,I,96,China,False,False,False,2,False,False,False,2,2,False,False,False,2,2,2,False,"aufkommen , zu beschwichtigen .",1.0,97.0
SG12,P07_T3,P07,68,1495,930562,931014,I,D,96,China,17270,931014,948284,74,15+36+37+38+39+50+51+52+53+64+65+66+67+68+69+70+71+72+73+74+76+77+78+84+85+86+87+88+89+91+94+99+100+101+104+105+108+109+110+111+112+113+148+149,0,948284,948892,I,97+98,",_das_",False,False,False,2,False,False,False,2,2,False,False,False,2,2,2,False,China,1.0,100.0
SG12,P07_T3,P07,69,1495,948284,948892,I,D,97+98,",_das_",5257,948892,954149,20,16+19+20+22+23+67+68+69+76+77+78+103+104+105+106+131+148+149+168+169,0,954149,955054,I,98,groß,True,False,False,2,False,False,False,2,2,True,False,False,1,2,2,False,", das",1.0,100.0
SG12,P07_T3,P07,70,1495,954149,955054,I,D,98,groß,1747,955054,956801,10,98,10,956801,958330,C,98,[ßorg]_,True,False,False,2,True,False,False,1,2,True,False,False,1,2,2,False,das,0.0,0.0
SG12,P07_T3,P07,71,1495,956801,958330,C,D,98,[ßorg]_,4555,958330,962885,33,61+62+64+65+66+67+68+69+70+71+72+73+74+80+96+97+99+100+101+102+103+104+105+106+124+129+130+131+132+133+168+169+172,0,962885,963634,C,98,[__]_,True,False,False,2,True,False,False,1,2,True,False,False,1,2,2,False,das,,
SG12,P07_T3,P07,72,1495,962885,963634,C,D,98,[__]_,4945,963634,968579,23,77+78+80+94+95+97+98+105,4,968579,976691,I,100+101+102+103+104+99,im_großen_Umfang_in_die_sudanesische_,False,False,False,2,False,False,False,2,2,False,False,False,2,2,2,False,das,,
SG12,P07_T3,P07,73,1495,968579,976691,I,D,100+101+102+103+104+99,im_großen_Umfang_in_die_sudanesische_,2387,976691,979078,5,104+105,2,979078,995895,C,105+106+107+108,"Ölindur[ru]ustrie_investiert,_unerha[a]ält_enge_Bez[zeB_egne",False,False,False,2,False,False,False,2,2,False,False,False,2,2,2,False,großen Umfang in die sudanesische im,1.0,92.0
SG12,P07_T3,P07,74,1495,979078,995895,C,D,105+106+107+108,"Ölindur[ru]ustrie_investiert,_unerha[a]ält_enge_Bez[zeB_egne",8721,995895,1004616,48,84+85+86+87+88+89+90+91+96+99+100+101+102+103+105+107+109+125+152+153,2,1004616,1009202,C,109+110,enege_[_]_Beziehungen_,False,False,False,2,False,False,False,2,2,False,False,False,2,2,2,False,"Ölindustrie investiert , unerhält",1.0,97.0
SG12,P07_T3,P07,75,1495,1004616,1009202,C,D,109+110,enege_[_]_Beziehungen_,3120,1009202,1012322,16,45+46+47+91+109+110,5,1012322,1015645,C,109,[ege]ge_wiurt[tru]r,True,False,False,2,True,False,False,1,2,True,False,False,1,2,2,False,enge Beziehungen,1.0,94.0
SG12,P07_T3,P07,76,1495,1012322,1015645,C,D,109,[ege]ge_wiurt[tru]r,1669,1015645,1017314,11,50+51+52+53+64+65+66+70+71+72+73+74+91+109+111+112+113+124+168+169,1,1017314,1017876,D,109,[riw_,True,False,False,2,True,False,False,1,2,True,False,False,1,2,2,False,enge,0.0,50.0
SG12,P07_T3,P07,77,1495,1017314,1017876,D,D,109,[riw_,3307,1017876,1021183,18,90+91+92+93+94+105,0,1021183,1021370,I,111,zu,False,False,False,2,False,False,False,2,2,False,False,False,2,2,2,False,enge,0.0,0.0
SG12,P07_T3,P07,78,1495,1021183,1021370,I,D,111,zu,2496,1021370,1023866,19,67+68+69+91+92+93+94+105+106+110+111+126+152+153,6,1023866,1029482,C,111+112+113,_der_[_red_]r_dortigen_Regierunge[e]._,True,True,True,1,True,False,False,1,2,True,True,False,1,1,2,False,zur,1.0,100.0
SG12,P07_T3,P07,79,1495,1031557,1031557,D,D,113,[_,4898,1031557,1036455,28,76+77+78+80+81+83+99+100+101+103+104+105+106+107+108+109+111+112+113+114,4,1036455,1037048,C,113+114,"[.],_",True,False,False,2,True,False,False,1,2,True,False,False,1,2,2,False,Regierung,,
SG12,P07_T3,P07,80,1495,1036455,1037048,C,D,113+114,"[.],_",1950,1037048,1038998,12,64+65+66+67+68+69+70+71+72+73+74+77+78+97+110+112+113+114,6,1038998,1039466,I,114,in_der_,True,False,False,2,False,False,False,2,2,True,True,True,1,1,1,False,"Regierung ,",,
SG12,P07_T3,P07,81,1495,1038998,1039466,I,D,114,in_der_,2793,1039466,1042259,21,64+65+66+67+68+69+70+71+72+73+74+80+96+112+113+114+119+121+122+124+126+128+129+131+132+133+134+135+136+137+167,1,1042259,1045581,C,114+128,[_r]r_ein_Minister_,True,False,False,2,True,False,False,1,2,True,True,True,1,1,1,False,",",,
SG12,P07_T3,P07,82,1495,1042259,1045581,C,D,114+128,[_r]r_ein_Minister_,2699,1045581,1048280,12,114+129+130+131+132+133+134+135+136+137+148+149+152+153+163,1,1048280,1055597,I,129+130+131+132+133,wegen_Verbrechen_gegen_die_Menschheit_,False,False,False,2,False,False,False,2,2,True,True,True,1,1,1,False,", Haag",0.0,17.0
SG12,P07_T3,P07,83,1495,1048280,1055597,I,D,129+130+131+132+133,wegen_Verbrechen_gegen_die_Menschheit_,15101,1055597,1070698,63,64+65+66+67+68+69+70+71+72+73+74+80+81+83+111+112+113+114+115+116+123+124+125+127+129+130+131+132+133+134+135+136+137+148+149,17,1070698,1078123,C,114+115+116+117+118+119+120+121+122,"[rets##########ed_ni]unter_der_sich_ein_Minister_befindet,_der",False,True,False,2,False,True,False,2,2,False,False,False,2,2,2,False,wegen Verbrechen gegen die Menschheit,1.0,100.0
SG12,P07_T3,P07,84,1495,1081836,1086485,I,D,122+123+124,_vom_Internationalen_,2402,1086485,1088887,11,85+86+87+88+89+152+153+172,0,1088887,1092429,I,125+126+127,Gerichtshof_in_Den,False,False,False,2,False,False,False,2,2,False,False,False,2,2,2,False,der vom Internationalen,1.0,100.0
SG12,P07_T3,P07,85,1495,1088887,1092429,I,D,125+126+127,Gerichtshof_in_Den,19281,1092429,1111710,149,10+11+12+13+14+15+16+19+20+24+25+42+43+44+59+60+64+65+66+70+71+72+73+74+77+78+81+83+91+92+93+94+103+104+105+106+109+110+112+113+119+121+122+125+127+129+130+131+132+133+147+168+169,10,1111710,1112553,I,127+128,_Haag,True,False,False,2,False,False,False,2,2,False,False,False,2,2,2,False,Gerichtshof in Den,1.0,100.0
SG12,P07_T3,P07,86,1495,1111710,1112553,I,D,127+128,_Haag,6942,1112553,1119495,51,90+91+105+106+108+109+110+111+112+113+114+115+116+117+119+120+121+122,0,1119495,1124908,C,134,für_schuli[i]dig_befunden_wurde.,False,False,False,2,False,False,False,2,2,False,False,False,2,2,2,False,Den Haag,1.0,100.0
SG12,P07_T3,P07,87,1495,1119495,1124908,C,D,134,für_schuli[i]dig_befunden_wurde.,7816,1124908,1132724,52,64+65+66+70+71+72+73+74+104+117+118+120+134+135+136+137+143+147+148+149+150+152+153+154+156+157+158+173,3,1132724,1133098,D,134,[.ed,True,False,False,2,True,False,False,1,2,True,False,False,1,2,2,False,für,1.0,100.0
SG12,P07_T3,P07,88,1495,1132724,1133098,D,D,134,[.ed,2543,1133098,1135641,15,64+65+66+70+71+72+73+74+80+98+99+100+101+134+135+136+137+148+149+154+170+171+174,1,1135641,1136967,D,134,[i##############dluhcs,True,False,False,2,True,False,False,1,2,True,False,False,1,2,2,False,für,0.0,0.0
SG12,P07_T3,P07,89,1495,1135641,1136967,D,D,134,[i##############dluhcs,42885,1136967,1179852,247,2+5+6+7+8+10+11+12+13+14+15+16+17+19+20+25+43+44+45+46+47+48+64+65+66+70+71+72+73+74+77+78+80+81+83+84+91+92+93+94+97+102+103+106+107+108+109+110+111+112+113+114+115+116+119+121+122+123+124+125+128+129+130+131+147+148+149+150+152+153+163+164+165+166+167+168+169+173+175+176,0,1179852,1184048,I,135,"schuldig_gesprochen_wurde,_",False,False,False,2,False,False,False,2,2,False,False,False,2,2,2,False,für,0.0,0.0
SG12,P07_T3,P07,90,1495,1179852,1184048,I,D,135,"schuldig_gesprochen_wurde,_",6474,1184048,1190522,45,67+68+69+81+83+84+90+91+94+98+99+100+101+104+105+106+108+109+110+111+112+113+119+121+122+124+127+128+129+131+138+145,0,1190522,1190522,D,135,[_,True,False,False,2,True,False,False,1,2,True,False,False,1,2,2,False,schuldig,1.0,100.0
SG12,P07_T3,P07,91,1495,1190522,1190522,D,D,135,[_,2012,1190522,1192534,15,99+100+101+110+111+112+113+134+135+136+137,2,1192534,1192534,D,135,"[,",True,False,False,2,True,False,False,1,2,True,False,False,1,2,2,False,schuldig,,
SG12,P07_T3,P07,92,1495,1192534,1192534,D,D,135,"[,",3588,1192534,1196122,15,134+135+136+137,15,1196122,1199071,C,135+136+137+138,[##############eg]befunden_wurde._,True,False,False,2,True,False,False,1,2,True,False,False,1,2,2,False,schuldig,0.0,0.0
SG12,P07_T3,P07,93,1495,1196122,1199071,C,D,135+136+137+138,[##############eg]befunden_wurde._,15803,1199071,1214874,62,5+17+77+78+112+113+117+119+120+121+122+123+124+125+127+128+129+130+131+132+133+134+135+136+137+143+146+147+148+149+150+151+156+157+158,2,1214874,1217853,C,138,Ac[cA]Trotz_der_,True,False,False,2,True,False,False,1,2,True,False,False,1,2,2,False,schuldig befunden wurde .,1.0,93.0
SG12,P07_T3,P07,94,1495,1214874,1217853,C,D,138,Ac[cA]Trotz_der_,2496,1217853,1220349,26,10+11+12+13+43+59+60+64+65+66+70+71+72+73+74+91+99+100+101+105+106+124+128+131+134+135+136+137+138,1,1220349,1221972,C,138+139+140,[########rT]Auch_wenn_,True,False,False,2,True,False,False,1,2,True,False,False,1,2,2,False,.,,
SG12,P07_T3,P07,95,1495,1220349,1221972,C,D,138+139+140,[########rT]Auch_wenn_,3572,1221972,1225544,23,61+62+67+68+69+77+78+89+91+99+100+101+108+110+118+124+128+129+134+135+136+137+154,0,1225544,1227962,C,140+141+142+143,"[_],_wie_Spielberg_",True,False,False,2,True,False,False,1,2,True,False,False,1,2,2,False,. Auch wenn,1.0,100.0
SG12,P07_T3,P07,96,1495,1225544,1227962,C,D,140+141+142+143,"[_],_wie_Spielberg_",1498,1227962,1229460,17,77+78+90+106+119+121+122+124+125+126+127+138+147+148+149+163,0,1229460,1230458,I,144+145,"betont,_",False,False,False,2,False,False,False,2,2,False,False,False,2,2,2,False,"wenn , wie Spielberg",1.0,100.0
SG12,P07_T3,P07,97,1495,1229460,1230458,I,D,144+145,"betont,_",3417,1230458,1233875,22,90+119+121+122+125+127+131+132+133+134+135+136+137+142+144+163+164+165,2,1233875,1236651,C,146,Ka[a]hartoum_,False,False,False,2,False,False,False,2,2,False,False,False,2,2,2,False,"betont ,",1.0,86.0
SG12,P07_T3,P07,98,1495,1233875,1236651,C,D,146,Ka[a]hartoum_,32152,1236651,1268803,267,16+28+30+31+32+34+40+41+42+43+44+45+46+47+49+50+51+52+53+54+55+61+62+64+65+66+67+68+69+70+71+72+73+74+77+78+81+83+89+90+91+92+93+94+96+98+99+100+101+105+106+108+109+110+111+112+113+114+115+116+119+121+122+124+125+126+127+128+129+132+133+142+144+145+146+147+148+149+151+152+153+163+167+173+176,4,1268803,1272313,C,146,für_die_[_eid_rüf,True,False,False,2,True,False,False,1,2,True,False,False,1,2,2,False,Khartoum,1.0,100.0
SG12,P07_T3,P07,99,1495,1268803,1272313,C,D,146,für_die_[_eid_rüf,4041,1272313,1276354,30,112+113+128+146+147+166+167+168+169+170+171+172+173+174,1,1276354,1279177,I,146,einer_der_Hauptver,True,False,False,2,False,False,False,2,2,True,False,False,1,2,2,False,Khartoum,0.0,12.0
SG12,P07_T3,P07,100,1495,1276354,1279177,I,D,146,einer_der_Hauptver,1592,1279177,1280769,26,110+112+113+128+134+135+136+137+146,2,1280769,1286790,C,146+147+148+149+150+151,[################ie]einen_großen_Anteil_an_den_,True,False,False,2,True,False,False,1,2,True,False,False,1,2,2,False,Khartoum,0.0,38.0
SG12,P07_T3,P07,101,1495,1280769,1286790,C,D,146+147+148+149+150+151,[################ie]einen_großen_Anteil_an_den_,7426,1286790,1294216,56,45+46+47+48+57+58+64+65+66+67+68+69+70+71+72+73+74+76+91+94+108+109+123+124+125+130+132+133+134+135+136+137+146+151+152+153,7,1294216,1303264,C,151+152+153+154+155,"grausamen_Vrog[gorV#########g]grausamen_Ereignissen_hat,_",True,True,True,1,True,False,False,1,2,True,True,False,1,1,2,False,Khartoum einen großen Anteil an den,1.0,100.0
SG12,P07_T3,P07,102,1495,1313435,1313435,I,D,155,S,3183,1313435,1316618,44,108+109+110+111+112+113+115+116+130+132+133+134+135+136+137+148+149+152+153,0,1316618,1316618,D,155,[S,True,False,False,2,True,False,False,1,2,True,False,False,1,2,2,False,",",,
SG12,P07_T3,P07,103,1495,1316618,1316618,D,D,155,[S,2184,1316618,1318802,0,,0,1318802,1324074,I,155,"besteht_Spielberg_darauf,_",True,False,False,2,False,False,False,2,2,True,False,False,1,2,2,False,",",,
SG12,P07_T3,P07,104,1495,1318802,1324074,I,D,155,"besteht_Spielberg_darauf,_",6038,1324074,1330112,45,0+10+11+12+13+15+76+80+89+99+100+101+124+131+132+133+134+135+136+137+142+143+144+146+147+152+153+154+155+156+157+158+161+162+163,3,1330112,1333934,C,155+156+157,[#######################seb]fordert_Spielberg_,True,False,False,2,True,False,False,1,2,True,False,False,1,2,2,False,",",,
SG12,P07_T3,P07,105,1495,1330112,1333934,C,D,155+156+157,[#######################seb]fordert_Spielberg_,14305,1333934,1348239,96,80+81+83+99+100+101+115+116+118+126+134+135+136+137+143+146+147+148+149+150+151+152+153+154+155+156+157+158+161+162+163+164+165+167,23,1348239,1358722,C,158+159+160+161+162+163+164+165+166,"von_der_internationalen_Gemeinschaft,_inseb[be]besondere_von_China,_",False,False,False,2,False,False,False,2,2,False,False,False,2,2,2,False,", fordert Spielberg",1.0,100.0
SG12,P07_T3,P07,106,1495,1348239,1358722,C,D,158+159+160+161+162+163+164+165+166,"von_der_internationalen_Gemeinschaft,_inseb[be]besondere_von_China,_",13370,1358722,1372092,116,0+64+65+66+70+71+72+73+74+99+100+101+110+134+135+136+137+143+146+147+148+149+151+152+153+154+155+156+157+158+160+161+162+163+167+168+169+172+176,27,1372092,1382637,C,167+168+169+170+171+172+173+174+175+176,"mehr_zu_t[t_]_tun,_um_[_]_das_Leiden_zu_beenden._",False,False,False,2,False,False,False,2,2,False,False,False,2,2,2,False,"von der internationalen Gemeinschaft , insbesondere von China ,",1.0,98.0
SG12,P07_T3,P07,107,1495,1372092,1382637,C,D,167+168+169+170+171+172+173+174+175+176,"mehr_zu_t[t_]_tun,_um_[_]_das_Leiden_zu_beenden._",20795,1382637,1403432,293,10+11+12+13+14+15+16+18+19+20+21+22+23+24+25+26+30+36+37+38+39+42+45+46+47+48+49+50+51+52+53+54+56+57+58+59+60+61+62+64+65+66+67+68+69+70+71+72+73+74+80+81+83+84+85+86+87+91+94+97+99+100+101+104+106+108+110+112+113+115+116+117+118+119+120+121+122+125+142+143+144+145+152+153+157+159+161+163+175+176,3,1403432,1403432,I,8,_,False,False,False,2,False,False,False,2,2,False,False,False,2,2,2,False,"mehr zu tun , um das Leiden zu beenden .",1.0,97.0
SG12,P08_T3,P08,1,1013,21139,21139,I,D,1,S,1326,21139,22465,3,1,3,22465,22465,I,1,p,True,False,False,2,False,False,False,2,2,False,False,False,2,2,2,False,Spielberg,,
SG12,P08_T3,P08,2,1013,22465,22465,I,D,1,p,1092,22465,23557,2,1,2,23557,24727,I,1,ielberg,True,False,False,2,False,False,False,2,2,False,False,False,2,2,2,False,Spielberg,,
SG12,P08_T3,P08,3,1013,23557,24727,I,D,1,ielberg,95051,24727,119778,348,1,348,119778,123116,I,1+2+3,_zeigt_Peking,True,False,False,2,False,False,False,2,2,False,False,False,2,2,2,False,Spielberg,1.0,100.0
SG12,P08_T3,P08,4,1013,119778,123116,I,D,1+2+3,_zeigt_Peking,5866,123116,128982,15,1,15,128982,130683,I,3+4+5,_die_Rote_,True,False,False,2,False,False,False,2,2,False,False,False,2,2,2,False,Spielberg zeigt Peking,1.0,100.0
SG12,P08_T3,P08,5,1013,128982,130683,I,D,3+4+5,_die_Rote_,1341,130683,132024,1,4+6,1,132024,140729,C,10+11+12+13+6+7+8+9,Karte_in_Bezug_auf_die_Darfur-Kirs[sri]rise,False,False,False,2,False,False,False,2,2,True,False,False,1,2,2,False,Peking die rote,1.0,100.0
SG12,P08_T3,P08,6,1013,132024,140729,C,D,10+11+12+13+6+7+8+9,Karte_in_Bezug_auf_die_Darfur-Kirs[sri]rise,2512,140729,143241,12,1+7+8+9+11+12+13+133,3,143241,143241,I,169,_,False,False,False,2,False,False,False,2,2,False,False,False,2,2,2,False,die Darfur - Krise Karte in Bezug auf,0.0,51.0
SG12,P08_T3,P08,7,1013,143241,143241,I,D,169,_,82587,143241,225828,279,1+3+4+5+6,0,225828,225829,C,5,[R]r,False,False,False,2,False,False,False,2,2,True,True,True,1,1,1,False,.,,
SG12,P08_T3,P08,8,1013,225828,225829,C,D,5,[R]r,2463,225829,228292,11,1+7+8+9,0,228292,228292,I,13,_,False,False,False,2,False,False,False,2,2,False,False,False,2,2,2,False,rote,,
SG12,P08_T3,P08,9,1013,228292,228292,I,D,13,_,21965,228292,250257,87,1+3,0,250257,253861,I,14+15,Steven_Spielberg_,False,False,False,2,False,False,False,2,2,False,False,False,2,2,2,False,Krise,,
SG12,P08_T3,P08,10,1013,250257,253861,I,D,14+15,Steven_Spielberg_,8112,253861,261973,26,1,0,261973,266372,I,16+17+18+19+20,zog_sich_aus_den_Olymp,False,False,False,2,False,False,False,2,2,False,False,False,2,2,2,False,Steven Spielberg,1.0,100.0
SG12,P08_T3,P08,11,1013,261973,266372,I,D,16+17+18+19+20,zog_sich_aus_den_Olymp,1623,266372,267995,1,20+21,1,267995,270179,I,20+21,ischen_Spielen_,True,False,False,2,False,False,False,2,2,False,False,False,2,2,2,False,zog sich aus den Olympischen,1.0,100.0
SG12,P08_T3,P08,12,1013,267995,270179,I,D,20+21,ischen_Spielen_,1263,270179,271442,9,1,0,271442,271442,I,22,i,False,False,False,2,False,False,False,2,2,False,False,False,2,2,2,False,Olympischen Spielen,1.0,100.0
SG12,P08_T3,P08,13,1013,271442,271442,I,D,22,i,1701,271442,273143,9,1,0,273143,277433,C,169+22+23,n_Peking_mit_[_tim_,True,False,False,2,True,False,False,1,2,True,False,False,1,2,2,False,in,,
SG12,P08_T3,P08,14,1013,273143,277433,C,D,169+22+23,n_Peking_mit_[_tim_,2636,277433,280069,16,1+22+23,1,280069,282050,I,23+29,_zurück,True,False,False,2,False,False,False,2,2,True,True,True,1,1,1,False,. in Peking,0.0,73.0
SG12,P08_T3,P08,15,1013,280069,282050,I,D,23+29,_zurück,14914,282050,296964,48,1+11+12+13+22+23,1,296964,300380,I,24+25+26+27+28,in_einer_Art_und_Weise_,False,False,False,2,False,False,False,2,2,False,False,False,2,2,2,False,Peking zurück,1.0,100.0
SG12,P08_T3,P08,16,1013,296964,300380,I,D,24+25+26+27+28,in_einer_Art_und_Weise_,2652,300380,303032,10,1+26+27+28+31,5,303032,304374,I,30+31,",_die_",False,False,False,2,False,False,False,2,2,False,False,False,2,2,2,False,in einer Art und Weise,1.0,100.0
SG12,P08_T3,P08,17,1013,303032,304374,I,D,30+31,",_die_",11419,304374,315793,41,1+25+26+27+28+31,1,315793,319335,I,169+32+33,mit_Sicherheit_nicht_ohne_,False,False,False,2,False,False,False,2,2,False,False,False,2,2,2,False,", die",1.0,100.0
SG12,P08_T3,P08,18,1013,315793,319335,I,D,169+32+33,mit_Sicherheit_nicht_ohne_,17518,319335,336853,57,1+16+17+18+25,0,336853,347633,C,169+34+35+36+37+38+39+40+41,"[_enho_thcin]von_der_chinesischen_Regierung_wahrgenommen_wird,_um",True,True,True,1,True,True,True,1,1,True,True,True,1,1,1,False,. mit Sicherheit,1.0,88.0
SG12,P08_T3,P08,19,1013,383233,384902,I,D,41+42+43,_gegen_die_,2371,384902,387273,12,1+42+43+44,2,387273,392125,I,44+45+46,Unterstützung_Chinas_der_,False,False,False,2,False,False,False,2,2,False,False,False,2,2,2,False,um gegen die,1.0,100.0
SG12,P08_T3,P08,20,1013,387273,392125,I,D,44+45+46,Unterstützung_Chinas_der_,4274,392125,396399,12,43+44+45+48+49+53,7,396399,402639,C,169+47+48+49+50,sudanesischen_Politik_in_Darfüp[pü,False,False,False,2,False,False,False,2,2,False,False,False,2,2,2,False,Unterstützung Chinas der,1.0,100.0
SG12,P08_T3,P08,21,1013,396399,402639,C,D,169+47+48+49+50,sudanesischen_Politik_in_Darfüp[pü,2246,402639,404885,15,1+47,1,404885,407756,I,50+51+52,ur_zu_protestieren,True,False,False,2,False,False,False,2,2,True,True,True,1,1,1,False,. sudanesischen Politik in Darfur,1.0,88.0
SG12,P08_T3,P08,22,1013,404885,407756,I,D,50+51+52,ur_zu_protestieren,1108,407756,408864,5,1+34+38+39,0,408864,409066,I,53,._,False,False,False,2,False,False,False,2,2,False,False,False,2,2,2,False,Darfur zu protestieren,1.0,100.0
SG12,P08_T3,P08,23,1013,408864,409066,I,D,53,._,33088,409066,442154,122,1,0,442154,442154,I,54,S,False,False,False,2,False,False,False,2,2,False,False,False,2,2,2,False,.,,
SG12,P08_T3,P08,24,1013,442154,442154,I,D,54,S,3729,442154,445883,24,1,0,445883,454509,I,54+55+56+57+58+59+60,ein_Rückzug_drifft_mit_dem_erneuten_Aufflammen_,True,False,False,2,False,False,False,2,2,False,False,False,2,2,2,False,Sein,,
SG12,P08_T3,P08,25,1013,445883,454509,I,D,54+55+56+57+58+59+60,ein_Rückzug_drifft_mit_dem_erneuten_Aufflammen_,1420,454509,455929,8,60+161+162+167,7,455929,456413,I,61,von_,False,False,False,2,False,False,False,2,2,False,False,False,2,2,2,False,Sein Rückzug drifft mit dem erneuten Aufflammen,1.0,100.0
SG12,P08_T3,P08,26,1013,455929,456413,I,D,61,von_,1357,456413,457770,9,1,0,457770,461514,I,62+63+64,Kämpfen_in_Darfur,False,False,False,2,False,False,False,2,2,False,False,False,2,2,2,False,von,1.0,100.0
SG12,P08_T3,P08,27,1013,457770,461514,I,D,62+63+64,Kämpfen_in_Darfur,2870,461514,464384,16,1,0,464384,466584,I,64+65,_zusammen,True,False,False,2,False,False,False,2,2,False,False,False,2,2,2,False,Kämpfen in Darfur,1.0,100.0
SG12,P08_T3,P08,28,1013,464384,466584,I,D,64+65,_zusammen,3931,466584,470515,18,1+64,1,470515,471326,I,65+66,_und_,True,False,False,2,False,False,False,2,2,False,False,False,2,2,2,False,Darfur zusammen,1.0,100.0
SG12,P08_T3,P08,29,1013,470515,471326,I,D,65+66,_und_,1997,471326,473323,10,1+46+47,0,473323,478034,I,67+68+69,soll_China_bloßstellen,False,False,False,2,False,False,False,2,2,False,False,False,2,2,2,False,zusammen und,1.0,100.0
SG12,P08_T3,P08,30,1013,473323,478034,I,D,67+68+69,soll_China_bloßstellen,1186,478034,479220,9,1,0,479220,479563,I,70,",_",False,False,False,2,False,False,False,2,2,False,False,False,2,2,2,False,soll China bloßstellen,1.0,100.0
SG12,P08_T3,P08,31,1013,479220,479563,I,D,70,",_",53087,479563,532650,192,1+68,0,532650,535287,C,169+71+72,das_versuh[h]chte,False,False,False,2,False,False,False,2,2,False,False,False,2,2,2,False,",",,
SG12,P08_T3,P08,32,1013,532650,535287,C,D,169+71+72,das_versuh[h]chte,3869,535287,539156,16,1+56+65,0,539156,539156,I,72,_,True,False,False,2,False,False,False,2,2,True,True,True,1,1,1,False,. das versuchte,1.0,100.0
SG12,P08_T3,P08,33,1013,539156,539156,I,D,72,_,9266,539156,548422,33,1+54+55+56+57+65,0,548422,548968,I,169+73,da,False,False,False,2,False,False,False,2,2,False,False,False,2,2,2,False,versuchte,,
SG12,P08_T3,P08,34,1013,548422,548968,I,D,169+73,da,1279,548968,550247,2,56+65,0,550247,551870,I,169,s_Ausbre,True,False,False,2,False,False,False,2,2,True,True,True,1,1,1,False,. die,0.0,50.0
SG12,P08_T3,P08,35,1013,550247,551870,I,D,169,s_Ausbre,1107,551870,552977,2,169,2,552977,561526,C,169+73,[erbsuA_sa]ie_ausbrechenden_Kämpfe_aufzuhalten,True,True,True,1,True,True,True,1,1,True,True,True,1,1,1,False,.,,
SG12,P08_T3,P08,36,1013,585597,586939,C,D,169+73,_N[N,2808,586939,589747,8,1+56+65,0,589747,595113,I,74+75+76+77,negativen_Folgen_seiner_engen_,False,False,False,2,False,False,False,2,2,True,False,False,1,2,2,False,. die,0.0,0.0
SG12,P08_T3,P08,37,1013,589747,595113,I,D,74+75+76+77,negativen_Folgen_seiner_engen_,1326,595113,596439,3,78,0,596439,599060,I,169+78+79+80,Beziehungen_mit_dem_,False,False,False,2,False,False,False,2,2,False,False,False,2,2,2,False,negativen Folgen seiner engen,1.0,100.0
SG12,P08_T3,P08,38,1013,596439,599060,I,D,169+78+79+80,Beziehungen_mit_dem_,1966,599060,601026,11,1+79+80,8,601026,605316,C,169+80+81+82,[_m]r_sudanesischen_Regierung,True,False,False,2,True,False,False,1,2,True,False,False,1,2,2,False,. Beziehungen mit der,1.0,95.0
SG12,P08_T3,P08,39,1013,601026,605316,C,D,169+80+81+82,[_m]r_sudanesischen_Regierung,9282,605316,614598,42,1+74+75+76+77+78+79+82,1,614598,617686,I,82+83+84+85,_zu_verhindern._,True,False,False,2,False,False,False,2,2,True,False,False,1,2,2,False,. der sudanesischen Regierung,1.0,100.0
SG12,P08_T3,P08,40,1013,614598,617686,I,D,82+83+84+85,_zu_verhindern._,27238,617686,644924,120,1,0,644924,645158,I,86,Ch,False,False,False,2,False,False,False,2,2,False,False,False,2,2,2,False,Regierung zu verhindern .,1.0,93.0
SG12,P08_T3,P08,41,1013,644924,645158,I,D,86,Ch,1014,645158,646172,2,82+83,0,646172,646593,I,86,ina,True,False,False,2,False,False,False,2,2,False,False,False,2,2,2,False,China,1.0,100.0
SG12,P08_T3,P08,42,1013,646172,646593,I,D,86,ina,1872,646593,648465,9,1+43+44+117+118+121+122,0,648465,648465,I,86,_,True,False,False,2,False,False,False,2,2,False,False,False,2,2,2,False,China,1.0,100.0
SG12,P08_T3,P08,43,1013,648465,648465,I,D,86,_,9922,648465,658387,35,1+83,0,658387,663894,C,169+87+88+89,hat_s[s]große_Investitionen_,False,False,False,2,False,False,False,2,2,False,False,False,2,2,2,False,China,,
SG12,P08_T3,P08,44,1013,658387,663894,C,D,169+87+88+89,hat_s[s]große_Investitionen_,2824,663894,666718,11,1,0,666718,677201,C,169+90+91+92+93+94+95,in_die[ei]er_sudanesischen_Erdölindusi[i]trie_getätigt_und_,True,False,False,2,True,False,False,1,2,True,False,False,1,2,2,False,. hat große Investitionen,1.0,100.0
SG12,P08_T3,P08,45,1013,666718,677201,C,D,169+90+91+92+93+94+95,in_die[ei]er_sudanesischen_Erdölindusi[i]trie_getätigt_und_,1357,677201,678558,6,1+87+94,1,678558,679900,I,96,unterhält,False,False,False,2,False,False,False,2,2,True,False,False,1,2,2,False,. in der sudanesischen Erdölindustrie getätigt und,1.0,100.0
SG12,P08_T3,P08,46,1013,678558,679900,I,D,96,unterhält,1419,679900,681319,8,1+80+96,1,681319,681319,I,96,_,True,False,False,2,False,False,False,2,2,False,False,False,2,2,2,False,unterhält,1.0,100.0
SG12,P08_T3,P08,47,1013,681319,681319,I,D,96,_,4961,681319,686280,24,1+96,2,686280,691491,C,100+169+97+98+99,enge_Verbd[d]indungen_mit_de,False,False,False,2,False,False,False,2,2,False,False,False,2,2,2,False,unterhält,,
SG12,P08_T3,P08,48,1013,686280,691491,C,D,100+169+97+98+99,enge_Verbd[d]indungen_mit_de,3822,691491,695313,14,1+98,1,695313,699993,I,100+101+102+103+169,"r_Regierung_des_Sudans,",True,False,False,2,False,False,False,2,2,True,False,False,1,2,2,False,der . enge Verbindungen mit,1.0,88.0
SG12,P08_T3,P08,49,1013,695313,699993,I,D,100+101+102+103+169,"r_Regierung_des_Sudans,",1950,699993,701943,6,1+91,0,701943,707559,C,104+105+106+107+108+109+169,"[,],_zu_der_auch_ein_Minister",True,False,False,2,True,False,False,1,2,True,False,False,1,2,2,False,der Regierung des Sudans .,1.0,96.0
SG12,P08_T3,P08,50,1013,701943,707559,C,D,104+105+106+107+108+109+169,"[,],_zu_der_auch_ein_Minister",20779,707559,728338,88,1+19+93,0,728338,729149,I,109+169,_für_,True,False,False,2,False,False,False,2,2,True,False,False,1,2,2,False,", zu der auch ein Minister .",1.0,100.0
SG12,P08_T3,P08,51,1013,728338,729149,I,D,109+169,_für_,5991,729149,735140,26,0+1+76+77+116+117+118+119+121+122,0,735140,735561,I,169,die_,True,False,False,2,False,False,False,2,2,True,False,False,1,2,2,False,Minister .,0.0,33.0
SG12,P08_T3,P08,52,1013,735140,735561,I,D,169,die_,11294,735561,746855,41,1+169,1,746855,749507,I,169,Einhaltung_der_,True,False,False,2,False,False,False,2,2,True,False,False,1,2,2,False,.,,
SG12,P08_T3,P08,53,1013,746855,749507,I,D,169,Einhaltung_der_,2075,749507,751582,8,1+169,1,751582,753953,I,169,Menschenrechte,True,False,False,2,False,False,False,2,2,True,False,False,1,2,2,False,.,,
SG12,P08_T3,P08,54,1013,751582,753953,I,D,169,Menschenrechte,14836,753953,768789,73,1+60+95+169,1,768789,771519,D,169,[ethcernehcsneM_red_gnutlahniE_eid_rüf,True,False,False,2,True,False,False,1,2,True,False,False,1,2,2,False,.,,
SG12,P08_T3,P08,55,1013,768789,771519,D,D,169,[ethcernehcsneM_red_gnutlahniE_eid_rüf,6833,771519,778352,30,1+20+21+138,0,778352,778773,I,110,vom,False,False,False,2,False,False,False,2,2,True,False,False,1,2,2,False,.,,
SG12,P08_T3,P08,56,1013,778352,778773,I,D,110,vom,2200,778773,780973,11,109+110,7,780973,780973,I,110,_,True,False,False,2,False,False,False,2,2,False,False,False,2,2,2,False,vom,1.0,100.0
SG12,P08_T3,P08,57,1013,780973,780973,I,D,110,_,1029,780973,782002,3,93+111,0,782002,783999,I,111,internationale,False,False,False,2,False,False,False,2,2,False,False,False,2,2,2,False,vom,,
SG12,P08_T3,P08,58,1013,782002,783999,I,D,111,internationale,2371,783999,786370,11,87+93+94+111,6,786370,786604,I,111,n_,True,False,False,2,False,False,False,2,2,False,False,False,2,2,2,False,internationalen,1.0,100.0
SG12,P08_T3,P08,59,1013,786370,786604,I,D,111,n_,30951,786604,817555,117,1+22+23+78+87+93+94+96+112,0,817555,821861,I,112+116+117,Strafgerichtshof_mit_der_,False,False,False,2,False,False,False,2,2,False,False,False,2,2,2,False,internationalen,,
SG12,P08_T3,P08,60,1013,817555,821861,I,D,112+116+117,Strafgerichtshof_mit_der_,1154,821861,823015,5,116+117+118+121+122,5,823015,825714,I,118+119,Einhaltung_der_,False,False,False,2,False,False,False,2,2,False,False,False,2,2,2,False,Strafgerichtshof mit der,1.0,100.0
SG12,P08_T3,P08,61,1013,823015,825714,I,D,118+119,Einhaltung_der_,1014,825714,826728,6,1+62,0,826728,832890,C,120+121+122+123+169,Menschenrechte_bear[r]uftragt_wurde._,False,False,False,2,False,False,False,2,2,False,False,False,2,2,2,False,Einhaltung der,1.0,100.0
SG12,P08_T3,P08,62,1013,826728,832890,C,D,120+121+122+123+169,Menschenrechte_bear[r]uftragt_wurde._,6817,832890,839707,20,1+77+112,0,839707,840690,I,113+114,in_Den,False,False,False,2,False,False,False,2,2,True,False,False,1,2,2,False,Menschenrechte beauftragt wurde . .,1.0,97.0
SG12,P08_T3,P08,63,1013,839707,840690,I,D,113+114,in_Den,2075,840690,842765,5,96+112+113,1,842765,844169,I,114+115,_Hag_,True,False,False,2,False,False,False,2,2,False,False,False,2,2,2,False,in Den,1.0,100.0
SG12,P08_T3,P08,64,1013,842765,844169,I,D,114+115,_Hag_,19110,844169,863279,56,1+112+113+114+124+125,1,863279,863279,I,115,a,True,False,False,2,False,False,False,2,2,False,False,False,2,2,2,False,Den Haag,0.0,67.0
SG12,P08_T3,P08,65,1013,863279,863279,I,D,115,a,20826,863279,884105,97,1+78+109+110+111+115,1,884105,890485,I,124+125+126+127+128+129,"Auch_wenn_Spielberg_betonte,_dass_",False,False,False,2,False,False,False,2,2,False,False,False,2,2,2,False,Haag,,
SG12,P08_T3,P08,66,1013,884105,890485,I,D,124+125+126+127+128+129,"Auch_wenn_Spielberg_betonte,_dass_",4899,890485,895384,23,1+139,0,895384,899253,I,132+169,Khartoum_die_gr,False,False,False,2,False,False,False,2,2,False,False,False,2,2,2,False,"Auch wenn Spielberg betonte , dass",1.0,97.0
SG12,P08_T3,P08,67,1013,895384,899253,I,D,132+169,Khartoum_die_gr,1575,899253,900828,5,132+133+169,3,900828,901577,I,169,ößte,True,False,False,2,False,False,False,2,2,True,False,False,1,2,2,False,Khartoum .,1.0,90.0
SG12,P08_T3,P08,68,1013,900828,901577,I,D,169,ößte,1607,901577,903184,6,128+129+132+169,2,903184,904463,D,169,[etßörg_eid,True,False,False,2,True,False,False,1,2,True,False,False,1,2,2,False,.,,
SG12,P08_T3,P08,69,1013,903184,904463,D,D,169,[etßörg_eid,2574,904463,907037,6,128+129+130+131+132+133,0,907037,908613,I,130+131,vor_allem_,False,False,False,2,False,False,False,2,2,True,False,False,1,2,2,False,.,,
SG12,P08_T3,P08,70,1013,907037,908613,I,D,130+131,vor_allem_,2683,908613,911296,10,132+133+150,0,911296,914978,I,133+134+135+136,die_Verantwortung_für_die_,False,False,False,2,False,False,False,2,2,False,False,False,2,2,2,False,vor allem,1.0,100.0
SG12,P08_T3,P08,71,1013,911296,914978,I,D,133+134+135+136,die_Verantwortung_für_die_,4992,914978,919970,25,1+62+134,1,919970,922013,I,137,derzeitigen,False,False,False,2,False,False,False,2,2,False,False,False,2,2,2,False,die Verantwortung für die,1.0,100.0
SG12,P08_T3,P08,72,1013,919970,922013,I,D,137,derzeitigen,2917,922013,924930,11,1+81,0,924930,924930,I,137,_,True,False,False,2,False,False,False,2,2,False,False,False,2,2,2,False,derzeitigen,1.0,100.0
SG12,P08_T3,P08,73,1013,924930,924930,I,D,137,_,16724,924930,941654,51,1+14+60+137,1,941654,944025,I,138,Gräueltaten,False,False,False,2,False,False,False,2,2,False,False,False,2,2,2,False,derzeitigen,,
SG12,P08_T3,P08,74,1013,941654,944025,I,D,138,Gräueltaten,3073,944025,947098,10,133+134+135+136+137,0,947098,948658,I,138+139,_trägt,True,False,False,2,False,False,False,2,2,False,False,False,2,2,2,False,Gräueltaten,1.0,100.0
SG12,P08_T3,P08,75,1013,947098,948658,I,D,138+139,_trägt,5382,948658,954040,30,1+7+8+9+91+124+125+151+152,0,954040,955163,I,140+141,",_geht_",False,False,False,2,False,False,False,2,2,False,False,False,2,2,2,False,Gräueltaten trägt,1.0,100.0
SG12,P08_T3,P08,76,1013,954040,955163,I,D,140+141,",_geht_",3417,955163,958580,22,1+87+94+124+125,0,958580,962417,I,142+143+144+145+146+147,"er_dennoch_davon_aus,_dass_",False,False,False,2,False,False,False,2,2,False,False,False,2,2,2,False,", geht",1.0,100.0
SG12,P08_T3,P08,77,1013,958580,962417,I,D,142+143+144+145+146+147,"er_dennoch_davon_aus,_dass_",3230,962417,965647,14,1+11+12+13+148+157+158+159+160,0,965647,977862,C,148+149+150+151+152+153+154+155+156+157+158+169,"auch_die_interan[na]nationale_Gems[s]einschaft,_vor_allem_China,_mehr_da",False,False,False,2,False,False,False,2,2,False,False,False,2,2,2,False,"er dennoch davon aus , dass",1.0,96.0
SG12,P08_T3,P08,78,1013,965647,977862,C,D,148+149+150+151+152+153+154+155+156+157+158+169,"auch_die_interan[na]nationale_Gems[s]einschaft,_vor_allem_China,_mehr_da",1575,977862,979437,8,146+147+148+149+150+151+153+154,6,979437,981808,I,158+159+160,für_tun_mü,True,False,False,2,False,False,False,2,2,False,False,False,2,2,2,False,"auch die internationale Gemeinschaft , vor allem China , mehr dafür .",1.0,97.0
SG12,P08_T3,P08,79,1013,979437,981808,I,D,158+159+160,für_tun_mü,1217,981808,983025,4,157+158+159,2,983025,985209,I,160+161+162,"sse,_um_",True,False,False,2,False,False,False,2,2,False,False,False,2,2,2,False,dafür tun müsse,1.0,100.0
SG12,P08_T3,P08,80,1013,983025,985209,I,D,160+161+162,"sse,_um_",1654,985209,986863,5,158+159,0,986863,992276,I,163+164+165+166+167+168+169,diesem_Leiden_ein_Ende_zu_setzen._,False,False,False,2,False,False,False,2,2,False,False,False,2,2,2,False,"müsse , um",1.0,86.0
SG12,P08_T5,P08,81,1248,62790,70029,I,D,1+2+3+4+5+6,Die_Soziologie_ist_eine_relativ_neue_,4961,70029,74990,10,1+2+7,8,74990,80075,I,7+8+9,wissenschaftliche_Disziplin._,False,False,False,2,False,False,False,2,2,False,False,False,2,2,2,False,Die Soziologie ist eine relativ neue,1.0,100.0
SG12,P08_T5,P08,82,1248,74990,80075,I,D,7+8+9,wissenschaftliche_Disziplin._,22308,80075,102383,85,1+2+8,1,102383,107703,I,10+11+12+13,Sie_entstand_im_frühen_,False,False,False,2,False,False,False,2,2,False,False,False,2,2,2,False,wissenschaftliche Disziplin .,1.0,96.0
SG12,P08_T5,P08,83,1248,102383,107703,I,D,10+11+12+13,Sie_entstand_im_frühen_,1778,107703,109481,6,1+2+5+8+12+13,3,109481,109840,I,14,19,False,False,False,2,False,False,False,2,2,False,False,False,2,2,2,False,Sie entstand im frühen,1.0,100.0
SG12,P08_T5,P08,84,1248,109481,109840,I,D,14,19,1342,109840,111182,4,13,0,111182,113662,I,15+16,._Jahrhundert,False,False,False,2,False,False,False,2,2,False,False,False,2,2,2,False,19,1.0,100.0
SG12,P08_T5,P08,85,1248,111182,113662,I,D,15+16,._Jahrhundert,1810,113662,115472,9,1+2+16,1,115472,120324,I,16+17+18+19+20+21,_und_war_auf_die_Umbrüche,True,False,False,2,False,False,False,2,2,False,False,False,2,2,2,False,. Jahrhundert,1.0,100.0
SG12,P08_T5,P08,86,1248,115472,120324,I,D,16+17+18+19+20+21,_und_war_auf_die_Umbrüche,7644,120324,127968,29,1+2+4+21+22,1,127968,129481,D,21,[ehcürbmU,True,False,False,2,True,False,False,1,2,True,False,False,1,2,2,False,Jahrhundert und ist auf die neuen,0.0,62.0
SG12,P08_T5,P08,87,1248,127968,129481,D,D,21,[ehcürbmU,1466,129481,130947,6,16+17+18+26,0,130947,132336,I,22,Heraus,False,False,False,2,False,False,False,2,2,False,False,False,2,2,2,False,neuen,0.0,20.0
SG12,P08_T5,P08,88,1248,130947,132336,I,D,22,Heraus,1762,132336,134098,7,3+4+5+9+16,0,134098,144395,C,22+23+24+25,forderungen_der_modernen_Welt_zru[ur]urückzu[uzkcüruz,True,False,False,2,True,False,False,1,2,True,False,False,1,2,2,False,Herausforderungen,1.0,100.0
SG12,P08_T5,P08,89,1248,134098,144395,C,D,22+23+24+25,forderungen_der_modernen_Welt_zru[ur]urückzu[uzkcüruz,12714,144395,157109,54,1+2+3+5+8+11+12+13+16+21+22,1,157109,157967,I,20+21,_neuen,False,False,False,2,False,False,False,2,2,False,False,False,2,2,2,False,Herausforderungen der modernen Welt,1.0,83.0
SG12,P08_T5,P08,90,1248,157109,157967,I,D,20+21,_neuen,3900,157967,161867,7,1+2+7+11+21+22,1,161867,164597,I,26,zurückzuführen,False,False,False,2,False,False,False,2,2,False,False,False,2,2,2,False,die neuen,1.0,100.0
SG12,P08_T5,P08,91,1248,161867,164597,I,D,26,zurückzuführen,4726,164597,169323,8,1+2+11+13+15+16,0,169323,171398,C,18,[war]ist,False,False,False,2,False,False,False,2,2,False,False,False,2,2,2,False,zurückzuführen,1.0,100.0
SG12,P08_T5,P08,92,1248,169323,171398,C,D,18,[war]ist,4618,171398,176016,18,1+2+7+8+11+16,0,176016,176328,I,27,._,False,False,False,2,False,False,False,2,2,False,False,False,2,2,2,False,ist,1.0,100.0
SG12,P08_T5,P08,93,1248,176016,176328,I,D,27,._,14087,176328,190415,58,1+2+17+18+26,0,190415,195844,I,28+29+30,Die_gesteigerte_Mobilität,False,False,False,2,False,False,False,2,2,False,False,False,2,2,2,False,.,,
SG12,P08_T5,P08,94,1248,190415,195844,I,D,28+29+30,Die_gesteigerte_Mobilität,2418,195844,198262,12,1+2+30+31+32,1,198262,200945,I,30+31+32+33,_der_Menschen_und_,True,False,False,2,False,False,False,2,2,False,False,False,2,2,2,False,Die gesteigerte Mobilität,1.0,100.0
SG12,P08_T5,P08,95,1248,198262,200945,I,D,30+31+32+33,_der_Menschen_und_,2917,200945,203862,14,1+2+13+14,0,203862,212801,C,34+35+36,die_technisc[csi]ologischen_Vor[roV]Fortschritte,False,False,False,2,False,False,False,2,2,False,False,False,2,2,2,False,Mobilität der Menschen und,1.0,100.0
SG12,P08_T5,P08,96,1248,203862,212801,C,D,34+35+36,die_technisc[csi]ologischen_Vor[roV]Fortschritte,7831,212801,220632,32,1+2+23,0,220632,220632,I,36,_,True,False,False,2,False,False,False,2,2,False,False,False,2,2,2,False,die technologischen Fortschritte,1.0,100.0
SG12,P08_T5,P08,97,1248,220632,220632,I,D,36,_,2839,220632,223471,20,1+2+4+5+11+12+13+14+16+17+18+24+25+26+28+29,0,223471,225624,I,37+38+39,"führten_dazu,_",False,False,False,2,False,False,False,2,2,False,False,False,2,2,2,False,Fortschritte,,
SG12,P08_T5,P08,98,1248,223471,225624,I,D,37+38+39,"führten_dazu,_",6505,225624,232129,37,1+2+24+25,0,232129,236576,I,40+41+42+43+44,dass_die_Menschen_immer_mehr,False,False,False,2,False,False,False,2,2,False,False,False,2,2,2,False,"führten dazu ,",1.0,92.0
SG12,P08_T5,P08,99,1248,232129,236576,I,D,40+41+42+43+44,dass_die_Menschen_immer_mehr,11154,236576,247730,39,1+2+43+44,1,247730,258962,C,44+45+46+47+48+49+50+51+52+53+54,_in_den_Kontakt_mit_anderen_Kulturen_und_Gesellschaften_kan[n]men._,True,False,False,2,True,False,False,1,2,True,False,False,1,2,2,False,dass die Menschen immer mehr,1.0,100.0
SG12,P08_T5,P08,100,1248,247730,258962,C,D,44+45+46+47+48+49+50+51+52+53+54,_in_den_Kontakt_mit_anderen_Kulturen_und_Gesellschaften_kan[n]men._,26910,258962,285872,104,1+2+52,1,285872,294733,C,55+56+57+58+59+60,Die_daraus_resultierenden_Folgen_waren_uns[s]terschiedlich,False,False,False,2,False,False,False,2,2,False,False,False,2,2,2,False,mehr in den Kontakt mit anderen Kulturen und Gesellschaften kamen .,1.0,98.0
SG12,P08_T5,P08,101,1248,285872,294733,C,D,55+56+57+58+59+60,Die_daraus_resultierenden_Folgen_waren_uns[s]terschiedlich,1341,294733,296074,7,1+2,0,296074,296293,I,61,._,False,False,False,2,False,False,False,2,2,False,False,False,2,2,2,False,Die daraus resultierenden Folgen waren unterschiedlich,1.0,100.0
SG12,P08_T5,P08,102,1248,296074,296293,I,D,61,._,4181,296293,300474,22,1+2+28+29+43+44+62,0,300474,304561,I,62+63+64,Für_einige_bedeutet,False,False,False,2,False,False,False,2,2,False,False,False,2,2,2,False,.,,
SG12,P08_T5,P08,103,1248,300474,304561,I,D,62+63+64,Für_einige_bedeutet,2589,304561,307150,15,43+44+45+46+47+49+51+53+56+57+58+60+63+64+65,7,307150,308164,I,64,e_,True,False,False,2,False,False,False,2,2,False,False,False,2,2,2,False,Für einige bedeutete,1.0,100.0
SG12,P08_T5,P08,104,1248,307150,308164,I,D,64,e_,1670,308164,309834,8,1+2+56+57+60+63+64+65,2,309834,311347,I,65+66,es_jedoch,False,False,False,2,False,False,False,2,2,False,False,False,2,2,2,False,bedeutete,,
SG12,P08_T5,P08,105,1248,309834,311347,I,D,65+66,es_jedoch,19999,311347,331346,88,1+2+5+49+66,1,331346,331346,I,66,_,True,False,False,2,False,False,False,2,2,False,False,False,2,2,2,False,es jedoch,1.0,100.0
SG12,P08_T5,P08,106,1248,331346,331346,I,D,66,_,1935,331346,333281,6,66,6,333281,338007,I,67+68+69,die_Abschaffung_traditioneller_,False,False,False,2,False,False,False,2,2,False,False,False,2,2,2,False,jedoch,,
SG12,P08_T5,P08,107,1248,333281,338007,I,D,67+68+69,die_Abschaffung_traditioneller_,1607,338007,339614,9,1+2+68,1,339614,344169,I,70+71+72+73,Normen_und_Gebräuche_und,False,False,False,2,False,False,False,2,2,False,False,False,2,2,2,False,die Abschaffung traditioneller,1.0,100.0
SG12,P08_T5,P08,108,1248,339614,344169,I,D,70+71+72+73,Normen_und_Gebräuche_und,33853,344169,378022,108,1+2+59,0,378022,379348,I,73+74,_führte_,True,False,False,2,False,False,False,2,2,False,False,False,2,2,2,False,Normen und Gebräuche und,1.0,100.0
SG12,P08_T5,P08,109,1248,378022,379348,I,D,73+74,_führte_,1794,379348,381142,7,60+61+63+64+65+74+75,1,381142,384667,I,75+76+77,zu_einem_Überdenken_der,False,False,False,2,False,False,False,2,2,False,False,False,2,2,2,False,und führte,1.0,100.0
SG12,P08_T5,P08,110,1248,381142,384667,I,D,75+76+77,zu_einem_Überdenken_der,38532,384667,423199,117,1+2+64+65+66+77+78+79+136,13,423199,433823,C,77+78+79+80,_Sicht_auf_[_fua_thciS_red]iher[re]rer_Weltsicht.,True,True,True,1,True,True,True,1,1,True,True,True,1,1,1,False,zu einem Überdenken,1.0,100.0
SG12,P08_T5,P08,111,1248,437552,437552,I,D,80,_,23930,437552,461482,112,1+2+78+79,0,461482,469079,I,81+82+83+84+85,Soziologen_reagierten_auf_diese_Veränder,False,False,False,2,False,False,False,2,2,False,False,False,2,2,2,False,.,,
SG12,P08_T5,P08,112,1248,461482,469079,I,D,81+82+83+84+85,Soziologen_reagierten_auf_diese_Veränder,2356,469079,471435,9,1+2+84,1,471435,472293,I,85,ungen,True,False,False,2,False,False,False,2,2,False,False,False,2,2,2,False,Soziologen reagierten auf diese Veränderungen,1.0,100.0
SG12,P08_T5,P08,113,1248,471435,472293,I,D,85,ungen,1888,472293,474181,8,1+2+84,0,474181,477394,I,86+87,",_indem_sie_versuchten",False,False,False,2,False,False,False,2,2,False,False,False,2,2,2,False,Veränderungen,1.0,100.0
SG12,P08_T5,P08,114,1248,474181,477394,I,D,86+87,",_indem_sie_versuchten",2449,477394,479843,10,1+2+41+42+148,0,479843,481934,D,87,[nethcusrev_eis,True,False,False,2,True,False,False,1,2,True,False,False,1,2,2,False,", indem",1.0,100.0
SG12,P08_T5,P08,115,1248,479843,481934,D,D,87,[nethcusrev_eis,3666,481934,485600,17,1+2+24+25+72,0,485600,493540,I,88+89+90+91+92+93+94,"zu_verstehen_versuchten,_was_soziale_Gruppen",False,False,False,2,False,False,False,2,2,False,False,False,2,2,2,False,indem,0.0,40.0
SG12,P08_T5,P08,116,1248,485600,493540,I,D,88+89+90+91+92+93+94,"zu_verstehen_versuchten,_was_soziale_Gruppen",4743,493540,498283,26,1+2+94,1,498283,501715,I,94+95+96,"_zusammenhält,_",True,False,False,2,False,False,False,2,2,False,False,False,2,2,2,False,"zu verstehen versuchten , was soziale Gruppen",1.0,98.0
SG12,P08_T5,P08,117,1248,498283,501715,I,D,94+95+96,"_zusammenhält,_",16177,501715,517892,68,1+2+45+46+47+53+78+79,0,517892,517892,I,97,u,False,False,False,2,False,False,False,2,2,False,False,False,2,2,2,False,"Gruppen zusammenhält ,",1.0,92.0
SG12,P08_T5,P08,118,1248,517892,517892,I,D,97,u,2637,517892,520529,16,78+79+81+83+89+90+92+93+94+95+96,0,520529,520716,I,97,nd,True,False,False,2,False,False,False,2,2,False,False,False,2,2,2,False,und,,
SG12,P08_T5,P08,119,1248,520529,520716,I,D,97,nd,1716,520716,522432,9,1+2+48+78+79+97,1,522432,524054,I,97+98,_mögliche,True,False,False,2,False,False,False,2,2,False,False,False,2,2,2,False,und,1.0,100.0
SG12,P08_T5,P08,120,1248,522432,524054,I,D,97+98,_mögliche,3027,524054,527081,17,1+2+64+65+98,1,527081,528547,I,98+99,_Lösungen_,True,False,False,2,False,False,False,2,2,False,False,False,2,2,2,False,und mögliche,1.0,100.0
SG12,P08_T5,P08,121,1248,527081,528547,I,D,98+99,_Lösungen_,13010,528547,541557,55,1+2+62+82+99,1,541557,541963,I,100,für,False,False,False,2,False,False,False,2,2,False,False,False,2,2,2,False,mögliche Lösungen,1.0,100.0
SG12,P08_T5,P08,122,1248,541557,541963,I,D,100,für,3198,541963,545161,17,1+2+45+46+47+53+99,0,545161,545161,I,100,_,True,False,False,2,False,False,False,2,2,False,False,False,2,2,2,False,für,1.0,100.0
SG12,P08_T5,P08,123,1248,545161,545161,I,D,100,_,12387,545161,557548,52,1+2+62+99,0,557548,561338,I,101+102+103+104,die_schwindende_soziale_S,False,False,False,2,False,False,False,2,2,False,False,False,2,2,2,False,für,,
SG12,P08_T5,P08,124,1248,557548,561338,I,D,101+102+103+104,die_schwindende_soziale_S,1592,561338,562930,5,102,5,562930,564864,I,104,olidarität,True,False,False,2,False,False,False,2,2,True,False,False,1,2,2,False,die schwindende soziale Solidarität,1.0,100.0
SG12,P08_T5,P08,125,1248,562930,564864,I,D,104,olidarität,10249,564864,575113,46,1+2+90+94+95+98,0,575113,579513,C,104+105+106+107,_zu_v[v]finden_versuchten,True,False,False,2,True,False,False,1,2,True,False,False,1,2,2,False,Solidarität,1.0,100.0
SG12,P08_T5,P08,126,1248,575113,579513,C,D,104+105+106+107,_zu_v[v]finden_versuchten,3447,579513,582960,16,41+42+59+74+75+89+90+93+94+111,0,582960,583459,I,108,._,False,False,False,2,False,False,False,2,2,False,False,False,2,2,2,False,Solidarität zu finden versuchten,1.0,100.0
SG12,P08_T5,P08,127,1248,582960,583459,I,D,108,._,5289,583459,588748,25,1+2+17+18+26+111+112+113+114+124,0,588748,595939,C,109+110+111+112,Der_Begriff_Sou[u]ziologie_wurde_,False,False,False,2,False,False,False,2,2,False,False,False,2,2,2,False,.,,
SG12,P08_T5,P08,128,1248,588748,595939,C,D,109+110+111+112,Der_Begriff_Sou[u]ziologie_wurde_,3854,595939,599793,14,1+2+11+112+113+114+124+142+144,2,599793,605346,I,113+114+115+116,von_Auguste_Comte_(,False,False,False,2,False,False,False,2,2,False,False,False,2,2,2,False,Der Begriff Soziologie wurde,1.0,100.0
SG12,P08_T5,P08,129,1248,599793,605346,I,D,113+114+115+116,von_Auguste_Comte_(,1654,605346,607000,5,1+2+30+31+32,0,607000,612054,C,117+118+119,178[8]98-18,False,False,False,2,False,False,False,2,2,False,False,False,2,2,2,False,von Auguste Comte (,1.0,100.0
SG12,P08_T5,P08,130,1248,607000,612054,C,D,117+118+119,178[8]98-18,1607,612054,613661,5,97+111+117+120+148,1,613661,614114,I,119,57,True,False,False,2,False,False,False,2,2,False,False,False,2,2,2,False,1798 - 1857,0.0,71.0
SG12,P08_T5,P08,131,1248,613661,614114,I,D,119,57,1419,614114,615533,4,112+114+117+119,1,615533,615845,I,120,)_,False,False,False,2,False,False,False,2,2,False,False,False,2,2,2,False,1857,1.0,100.0
SG12,P08_T5,P08,132,1248,615533,615845,I,D,120,)_,2340,615845,618185,11,114+115+116+117+119,0,618185,620104,I,121+122+123,im_Jahre_1,False,False,False,2,False,False,False,2,2,False,False,False,2,2,2,False,),,
SG12,P08_T5,P08,133,1248,618185,620104,I,D,121+122+123,im_Jahre_1,1357,620104,621461,3,1+2+112,0,621461,621461,I,123,8,True,False,False,2,False,False,False,2,2,False,False,False,2,2,2,False,im Jahre 1838,1.0,100.0
SG12,P08_T5,P08,134,1248,621461,621461,I,D,123,8,1638,621461,623099,4,1+2+104+118+119,0,623099,625751,I,123+124,38_geprägt,True,False,False,2,False,False,False,2,2,False,False,False,2,2,2,False,1838,,
SG12,P08_T5,P08,135,1248,623099,625751,I,D,123+124,38_geprägt,1560,625751,627311,9,112+113+114+119+121+122+123,1,627311,629916,I,124+125+126+127,_und_stammt_von_,True,False,False,2,False,False,False,2,2,False,False,False,2,2,2,False,1838 geprägt,1.0,100.0
SG12,P08_T5,P08,136,1248,627311,629916,I,D,124+125+126+127,_und_stammt_von_,4649,629916,634565,19,1+2+76+93+94+111,0,634565,645127,C,127+128+130+131,[_n]m_Lateinisc[csinietaL]lateinischen_socius_(,True,True,True,1,True,False,False,1,2,True,True,False,1,1,2,False,geprägt und stammt vom,1.0,93.0
SG12,P08_T5,P08,137,1248,683908,690273,C,D,132+133+134+135,"Begleiter,_Gefü[ü]ährte)",2403,690273,692676,15,114+121+122+128+129+130+132+133+134+135,7,692676,694126,I,135+136+137,_und_vom_,True,False,False,2,False,False,False,2,2,False,False,False,2,2,2,False,"Begleiter , Gefährte )",1.0,95.0
SG12,P08_T5,P08,138,1248,692676,694126,I,D,135+136+137,_und_vom_,2294,694126,696420,14,60+111+112+128+130+132,0,696420,698978,I,138+139,griechischen_Wort,False,False,False,2,False,False,False,2,2,False,False,False,2,2,2,False,) und vom,1.0,100.0
SG12,P08_T5,P08,139,1248,696420,698978,I,D,138+139,griechischen_Wort,1342,698978,700320,6,78+79+139+140+148,2,700320,701178,I,139+140,_logia,True,False,False,2,False,False,False,2,2,False,False,False,2,2,2,False,griechischen Wort,1.0,100.0
SG12,P08_T5,P08,140,1248,700320,701178,I,D,139+140,_logia,1684,701178,702862,3,143+146,0,702862,703252,I,140+141,_(,True,False,False,2,False,False,False,2,2,False,False,False,2,2,2,False,Wort logia,1.0,100.0
SG12,P08_T5,P08,141,1248,702862,703252,I,D,140+141,_(,6818,703252,710070,30,1+2+28+29+98+115+139,0,710070,712363,I,142+143+144+145,"die_Lehre_von,_",False,False,False,2,False,False,False,2,2,False,False,False,2,2,2,False,logia (,,
SG12,P08_T5,P08,142,1248,710070,712363,I,D,142+143+144+145,"die_Lehre_von,_",14742,712363,727105,44,1+2+81+142+144,1,727105,728837,I,146+147,Sprache),False,False,False,2,False,False,False,2,2,False,False,False,2,2,2,False,"die Lehre von ,",1.0,93.0
SG12,P08_T5,P08,143,1248,727105,728837,I,D,146+147,Sprache),1622,728837,730459,8,1+2+64+65+142+144,0,730459,730459,I,148,.,False,False,False,2,False,False,False,2,2,False,False,False,2,2,2,False,Sprache ),1.0,88.0
SG12,P09_T1,P09,1,1419,54226,59967,C,D,1+2,Killer-Krankenschwetert[tret]ster,2106,59967,62073,8,8+145,0,62073,62073,I,3,_,False,False,False,2,False,False,False,2,2,True,False,False,1,2,2,False,Killer -,1.0,88.0
SG12,P09_T1,P09,2,1419,62073,62073,I,D,3,_,41933,62073,104006,145,1+4+5+6+7+8+12+16+54+69+90+94+95+102+111+112+113+114+115+116+117+118+119+120+121+122+123+141+142+143+144+145+146+147+149+161,0,104006,118873,C,4+6+7+8,erhählt[tlh]lt_lebenslange_Freihte[et]eitsstrafe__[_,False,False,False,2,False,False,False,2,2,True,False,False,1,2,2,False,Krankenpfleger,,
SG12,P09_T1,P09,3,1419,104006,118873,C,D,4+6+7+8,erhählt[tlh]lt_lebenslange_Freihte[et]eitsstrafe__[_,16614,118873,135487,54,4+7+8+14+16+17+18+22+23+24+25+26+43+90+93+112+145,28,135487,135487,I,6,_,True,False,False,2,False,False,False,2,2,True,False,False,1,2,2,False,erhält Mal lebenslange Haft,1.0,78.0
SG12,P09_T1,P09,4,1419,135487,135487,I,D,6,_,6162,135487,141649,26,1+7+11+12+13+24+25+40+41+48+55+94+95+102+145,0,141649,149808,C,10+11+12+9,Die_Krankenschweter[ret]ster_Colin_Norris_,False,False,False,2,False,False,False,2,2,True,False,False,1,2,2,False,Mal,,
SG12,P09_T1,P09,5,1419,141649,149808,C,D,10+11+12+9,Die_Krankenschweter[ret]ster_Colin_Norris_,4852,149808,154660,26,7+8+11+12+13+14+16+17+18+39+65+91+161,3,154660,156532,I,13+14,wurde_heute_,False,False,False,2,False,False,False,2,2,True,True,False,1,1,2,False,Krankenpfleger Colin Norris Der,0.0,74.0
SG12,P09_T1,P09,6,1419,154660,156532,I,D,13+14,wurde_heute_,24040,156532,180572,102,1+4+7+8+11+12+13+14+15+16+17+18+45+46+47+66+93+101+115+116+121+122+143+145+147+149+152+161,18,180572,184378,I,15+16,zu_lebenslanger,False,False,False,2,False,False,False,2,2,False,False,False,2,2,2,False,wurde heute,1.0,100.0
SG12,P09_T1,P09,7,1419,180572,184378,I,D,15+16,zu_lebenslanger,5725,184378,190103,29,7+8+13+14+15+16+17+18+46+47+94+95+102+144,4,190103,195548,C,16+17+18,_Freiehits[stihe]heitsstrafe_verurteilt,True,True,True,1,True,False,False,1,2,True,True,False,1,1,2,False,zu lebenslanger,1.0,100.0
SG12,P09_T1,P09,8,1419,200134,201148,I,D,19+20,",_weil_sie",5445,201148,206593,23,1+8+22+23+24+25+26+27+145+148+149,0,206593,207950,I,20,_vier_,True,False,False,2,False,False,False,2,2,True,False,False,1,2,2,False,", weil",1.0,100.0
SG12,P09_T1,P09,9,1419,206593,207950,I,D,20,_vier_,3167,207950,211117,16,24+27+76+96+97+98+101+124+125+149,0,211117,222021,C,20+21+22+23+24+25+26+27+28,[######e]e_für_den_Tod_von_vier_Patienten_verantwortlich_,True,False,False,2,True,False,False,1,2,True,False,False,1,2,2,False,weil,0.0,25.0
SG12,P09_T1,P09,10,1419,211117,222021,C,D,20+21+22+23+24+25+26+27+28,[######e]e_für_den_Tod_von_vier_Patienten_verantwortlich_,2933,222021,224954,14,8+12+13+14+22,2,224954,227029,C,29+30,"ist,[,]._",False,False,False,2,False,False,False,2,2,True,False,False,1,2,2,False,weil er für den Tod von vier Patientinnen verantwortlich,1.0,94.0
SG12,P09_T1,P09,11,1419,224954,227029,C,D,29+30,"ist,[,]._",9438,227029,236467,49,0+7+11+12+13+14+16+17+18+22+24+26+27+30+31+32+33+46+47+48+124+125+145+147+149+161,1,236467,237637,I,31+32,Die_32,False,False,False,2,False,False,False,2,2,False,False,False,2,2,2,False,ist .,1.0,75.0
SG12,P09_T1,P09,12,1419,236467,237637,I,D,31+32,Die_32,1591,237637,239228,3,31+32,3,239228,246576,I,32+33+34+35,-jährige_Norris_aus_Glasgow,True,False,False,2,False,False,False,2,2,True,False,False,1,2,2,False,Der 32-jährige,1.0,83.0
SG12,P09_T1,P09,13,1419,239228,246576,I,D,32+33+34+35,-jährige_Norris_aus_Glasgow,9640,246576,256216,46,1+7+8+9+10+11+12+13+14+17+18+31+32+34+35,9,256216,261084,I,35+36+37+38,_ermorderte_vier_Frauen_,True,False,False,2,False,False,False,2,2,False,False,False,2,2,2,False,32-jährige Norris aus Glasgow,1.0,100.0
SG12,P09_T1,P09,14,1419,256216,261084,I,D,35+36+37+38,_ermorderte_vier_Frauen_,4134,261084,265218,22,31+32+34+35+36+37+38+66+94+95+102+144,10,265218,267745,I,39+40+41,im_Jahre_2002,False,False,False,2,False,False,False,2,2,False,False,False,2,2,2,False,Glasgow ermorderte vier Frauen,1.0,100.0
SG12,P09_T1,P09,15,1419,265218,267745,I,D,39+40+41,im_Jahre_2002,2902,267745,270647,9,35+36+38+46+47+57+65,0,270647,272737,I,42+43+44+45,",_als_sie_ihnen",False,False,False,2,False,False,False,2,2,False,False,False,2,2,2,False,im Jahre 2002,1.0,100.0
SG12,P09_T1,P09,16,1419,270647,272737,I,D,42+43+44+45,",_als_sie_ihnen",2246,272737,274983,4,66+67+68+126+127,0,274983,274983,I,45,_,True,False,False,2,False,False,False,2,2,True,False,False,1,2,2,False,", als er ihnen",1.0,86.0
SG12,P09_T1,P09,17,1419,274983,274983,I,D,45,_,14742,274983,289725,56,0+7+14+16+31+32+33+34+35+36+39+40+41+43+45+46+47+66+67+68+70+73+76+89+90+93+128+144+145+148,1,289725,293891,I,46+47+48+49,zu_viel_Schlafmittel_verarb,False,False,False,2,False,False,False,2,2,False,False,False,2,2,2,False,ihnen,,
SG12,P09_T1,P09,18,1419,289725,293891,I,D,46+47+48+49,zu_viel_Schlafmittel_verarb,1669,293891,295560,5,31+32+44+49,3,295560,296777,I,49+50,reichte.,True,False,False,2,False,False,False,2,2,False,False,False,2,2,2,False,zu viel Schlafmittel verarbreichte,1.0,100.0
SG12,P09_T1,P09,19,1419,295560,296777,I,D,49+50,reichte.,26255,296777,323032,121,0+4+7+9+10+11+12+13+15+16+17+18+24+25+26+27+30+31+32+33+34+35+36+37+40+41+43+44+48+49+51+53+54+55+56+57+60+61+63+65+66+67+68+74+93+94+95+96+97+98+102+133+134+135+145,1,323032,327119,C,10+9,[###############K_ei]er_Krankenpfleger,False,True,False,2,False,False,False,2,2,False,False,False,2,2,2,False,verarbreichte .,1.0,88.0
SG12,P09_T1,P09,20,1419,331815,332532,C,D,20+21,[eis]er,8518,332532,341050,37,7+9+10+11+12+13+14+15+27+31+32+34+36+40+41+43+44+45+48+49+50+51+115+116+145,0,341050,341362,C,31,[ei]er,False,False,False,2,False,False,False,2,2,False,False,False,2,2,2,False,weil er,1.0,100.0
SG12,P09_T1,P09,21,1419,341050,341362,C,D,31,[ei]er,4680,341362,346042,14,33+35+36+37+38+39+40+41,0,346042,347945,C,43+44,[ei]er[res]er,False,False,False,2,False,False,False,2,2,False,False,False,2,2,2,False,Der,1.0,100.0
SG12,P09_T1,P09,22,1419,346042,347945,C,D,43+44,[ei]er[res]er,2059,347945,350004,14,23+25+37+44+46+47+48+49+50+51+56+89+90,1,350004,350004,I,50,_,False,False,False,2,False,False,False,2,2,False,False,False,2,2,2,False,als er,1.0,100.0
SG12,P09_T1,P09,23,1419,350004,350004,I,D,50,_,26224,350004,376228,104,0+4+7+8+11+16+31+32+33+35+36+37+38+39+40+41+43+44+48+49+50+51+53+61+62+63+70+76+78+90+112+114+115+116+124+125+137+142+143+144+145+146+157+158,10,376228,379535,C,51+52+53,Gestermn_w[w_nm]n_wurde_er,False,True,False,2,False,False,False,2,2,False,False,False,2,2,2,False,.,,
SG12,P09_T1,P09,24,1419,376228,379535,C,D,51+52+53,Gestermn_w[w_nm]n_wurde_er,3214,379535,382749,16,13+31+32+33+38+39+40+41+43+44+48+49+51+53+61+63+75+122,2,382749,385916,I,57+58+59+60,_des_vierfachen_Mordes,False,False,False,2,False,False,False,2,2,False,False,False,2,2,2,False,Gestern wurde er,1.0,100.0
SG12,P09_T1,P09,25,1419,382749,385916,I,D,57+58+59+60,_des_vierfachen_Mordes,4040,385916,389956,19,7+13+14+31+32+33+34+55+57+89+90+115+116,4,389956,395775,I,53+54+55+56+57,_nach_einem_lange_Gerichtsverfahren,True,False,False,2,False,False,False,2,2,False,False,False,2,2,2,False,Gerichtsverfahren des vierfachen Mordes,1.0,100.0
SG12,P09_T1,P09,26,1419,389956,395775,I,D,53+54+55+56+57,_nach_einem_lange_Gerichtsverfahren,2309,395775,398084,7,38+44+49+56+57,3,398084,402124,I,60+61+62+63+64,_für_schuldig_gesprochen.,False,False,False,2,False,False,False,2,2,False,False,False,2,2,2,False,er nach einem langen Gerichtsverfahren,1.0,97.0
SG12,P09_T1,P09,27,1419,398084,402124,I,D,60+61+62+63+64,_für_schuldig_gesprochen.,5101,402124,407225,28,0+35+62+90+93+94+95+102+122+126+127+147+149+159,5,407225,407225,I,64,_,True,False,False,2,False,False,False,2,2,False,False,False,2,2,2,False,Mordes für schuldig gesprochen .,1.0,96.0
SG12,P09_T1,P09,28,1419,407225,407225,I,D,64,_,14602,407225,421827,66,7+8+12+13+14+16+17+18+33+34+35+36+37+40+41+44+49+54+55+57+61+62+63+90+91+112+114+115+116+123+142+143+144+146+147+161,0,421827,422732,D,7,[##########hierF,False,False,False,2,False,False,False,2,2,False,False,False,2,2,2,False,.,,
SG12,P09_T1,P09,29,1419,421827,422732,D,D,7,[##########hierF,14009,422732,436741,90,14+31+32+35+36+37+54+55+56+57+59+69+80+93+94+95+102+115+116+122+143+144+161,0,436741,437458,I,7,Strafe,True,False,False,2,False,False,False,2,2,False,False,False,2,2,2,False,lebenslange,0.0,9.0
SG12,P09_T1,P09,30,1419,436741,437458,I,D,7,Strafe,4758,437458,442216,12,36+57+61+63+142+144+146+147,0,442216,444088,C,16,[sstiehierF]S,False,True,False,2,False,False,False,2,2,False,False,False,2,2,2,False,lebenslange,0.0,50.0
SG12,P09_T1,P09,31,1419,450126,450297,I,D,65,Er,2528,450297,452825,17,27+33+35+36+38+40+41+61+62+63+147+148,0,452825,455071,I,65+66,_erhielt_,True,False,False,2,False,False,False,2,2,False,False,False,2,2,2,False,Er,1.0,100.0
SG12,P09_T1,P09,32,1419,452825,455071,I,D,65+66,_erhielt_,2527,455071,457598,13,13+44+46+47+49+66+67+68+80+157+158+159+161,1,457598,464041,C,67+68+69,vier_Mal_die_legens[sneg]benslöa[aö]ange_Strafe,False,False,False,2,False,False,False,2,2,False,False,False,2,2,2,False,Er erhielt,1.0,100.0
SG12,P09_T1,P09,33,1419,457598,464041,C,D,67+68+69,vier_Mal_die_legens[sneg]benslöa[aö]ange_Strafe,5912,464041,469953,31,13+33+37+45+46+47+48+51+52+53+54+55+56+57+59+66,0,469953,470031,I,71,",_",False,False,False,2,False,False,False,2,2,False,False,False,2,2,2,False,vier Mal lebenslange,1.0,80.0
SG12,P09_T1,P09,34,1419,469953,470031,I,D,71,",_",2106,470031,472137,6,94+95+101+102+142+145,0,472137,473011,I,72,jeweils,False,False,False,2,False,False,False,2,2,False,False,False,2,2,2,False,",",,
SG12,P09_T1,P09,35,1419,472137,473011,I,D,72,jeweils,6209,473011,479220,29,7+27+33+35+40+41+48+51+53+54+55+56+57+59+66+109,0,479220,483026,I,72+73+74+75+76+77,_für_jeden_Mord_eine._,True,False,False,2,False,False,False,2,2,False,False,False,2,2,2,False,jeweils,1.0,100.0
SG12,P09_T1,P09,36,1419,479220,483026,I,D,72+73+74+75+76+77,_für_jeden_Mord_eine._,19953,483026,502979,86,5+6+7+8+12+13+14+15+17+18+25+27+33+37+44+49+54+56+57+59+60+61+63+65+66+69+73+74+75+77+78+79+85+89+90+93+113+117+118+119+120+124+125+145,12,502979,505007,I,78+79+80,Er_wird_mindestens,False,False,False,2,False,False,False,2,2,False,False,False,2,2,2,False,jeweils für jeden Mord eine .,1.0,95.0
SG12,P09_T1,P09,37,1419,502979,505007,I,D,78+79+80,Er_wird_mindestens,3182,505007,508189,18,0+75+80+99+100+101+103+107+108+111+140,3,508189,509827,I,80+81+82+83,_30_Jahre_lang,True,False,False,2,False,False,False,2,2,False,False,False,2,2,2,False,Er wird mindestens,1.0,100.0
SG12,P09_T1,P09,38,1419,508189,509827,I,D,80+81+82+83,_30_Jahre_lang,2855,509827,512682,15,75+79+80+81+82+83,12,512682,516832,C,83+84+85+86,_absitzen_mps[sp]üssen.,True,False,False,2,True,False,False,1,2,True,False,False,1,2,2,False,mindestens 30 Jahre lang,1.0,100.0
SG12,P09_T1,P09,39,1419,512682,516832,C,D,83+84+85+86,_absitzen_mps[sp]üssen.,1700,516832,518532,7,61+63+87+88+89,0,518532,518532,I,86,_,True,False,False,2,False,False,False,2,2,False,False,False,2,2,2,False,lang absitzen müssen .,1.0,94.0
SG12,P09_T1,P09,40,1419,518532,518532,I,D,86,_,15460,518532,533992,78,7+8+12+13+14+17+18+31+32+34+38+46+47+56+57+62+64+65+66+69+71+73+74+77+78+79+80+87+88+89+90+93+131+137+143+144,0,533992,542400,C,87+88+89+90,Der_Poliez[ze]zeit[t]beamte_Chris_Gregg,False,False,False,2,False,False,False,2,2,False,False,False,2,2,2,False,.,,
SG12,P09_T1,P09,41,1419,533992,542400,C,D,87+88+89+90,Der_Poliez[ze]zeit[t]beamte_Chris_Gregg,3729,542400,546129,9,7+157+158+161,0,546129,547595,I,4+5+6,_vier_Mal,False,False,False,2,False,False,False,2,2,True,False,False,1,2,2,False,Der Polizeibeamte Chris Gregg,1.0,100.0
SG12,P09_T1,P09,42,1419,546129,547595,I,D,4+5+6,_vier_Mal,3089,547595,550684,6,8+80+87+88+146+161,0,550684,550684,D,6,[_,True,False,False,2,True,False,False,1,2,True,False,False,1,2,2,False,erhält vier Mal,1.0,100.0
SG12,P09_T1,P09,43,1419,550684,550684,D,D,6,[_,3775,550684,554459,20,0+33+59+69+91+93+94+95+102+139+141,0,554459,555926,C,90+91,_a[a]sagte,False,False,False,2,False,False,False,2,2,False,False,False,2,2,2,False,Mal,,
SG12,P09_T1,P09,44,1419,554459,555926,C,D,90+91,_a[a]sagte,1856,555926,557782,6,87+88+93+94+95+102+145,0,557782,557876,I,92,",_",False,False,False,2,False,False,False,2,2,False,False,False,2,2,2,False,Gregg sagte,1.0,100.0
SG12,P09_T1,P09,45,1419,557782,557876,I,D,92,",_",3276,557876,561152,13,59+69+87+88+94+95+96+97+98+101+102+145,0,561152,563445,I,93+94+95,Norris_habe_sich,False,False,False,2,False,False,False,2,2,False,False,False,2,2,2,False,",",,
SG12,P09_T1,P09,46,1419,561152,563445,I,D,93+94+95,Norris_habe_sich,1653,563445,565098,8,74+115+116+122+123+124+125+128+144,0,565098,565098,I,95,_,True,False,False,2,False,False,False,2,2,False,False,False,2,2,2,False,Norris habe sich,1.0,100.0
SG12,P09_T1,P09,47,1419,565098,565098,I,D,95,_,3308,565098,568406,16,89+93+94+95+96+97+98+102,7,568406,577922,C,100+101+102+103+96+97+98+99,in_der_uM[Mu]Umgebung_des_Krankenhauses_seltsam_verhalten.,False,False,False,2,False,False,False,2,2,False,False,False,2,2,2,False,sich,,
SG12,P09_T1,P09,48,1419,568406,577922,C,D,100+101+102+103+96+97+98+99,in_der_uM[Mu]Umgebung_des_Krankenhauses_seltsam_verhalten.,3900,577922,581822,20,82+83+111+112+113+114+115+116+117+118+119+120+124+125+128+129+130+132,0,581822,581822,I,103,_,True,False,False,2,False,False,False,2,2,False,False,False,2,2,2,False,Krankenhauses seltsam verhalten . in der Umgebung des,0.0,62.0
SG12,P09_T1,P09,49,1419,581822,581822,I,D,103,_,22152,581822,603974,116,7+8+15+17+18+24+31+32+33+35+38+40+41+45+57+62+69+71+74+75+76+77+79+82+83+87+88+90+91+93+94+95+96+97+98+99+100+101+102+106+109+111+112+113+114+115+116+117+118+119+120+123+126+127+128+129+130+132+141+143+144+145+146+147+148+149+151+161,0,603974,611134,C,104+105+106+107+108,Letztendlich_hat_nur_die_Ar[r]ufmerksamkeit_,False,False,False,2,False,False,False,2,2,False,False,False,2,2,2,False,.,,
SG12,P09_T1,P09,50,1419,603974,611134,C,D,104+105+106+107+108,Letztendlich_hat_nur_die_Ar[r]ufmerksamkeit_,3729,611134,614863,23,0+69+74+75+76+94+95+96+97+98+102+111+113+117+118+119+120+136+145,0,614863,620323,I,109+110+111,des_anderen_Krankenhauspersonals,False,False,False,2,False,False,False,2,2,False,False,False,2,2,2,False,Letztendlich hat nur die Aufmerksamkeit,1.0,100.0
SG12,P09_T1,P09,51,1419,614863,620323,I,D,109+110+111,des_anderen_Krankenhauspersonals,1482,620323,621805,12,33+35+36+57+111+136+157+158+161,3,621805,623989,C,111,_dazu[uzad,True,False,False,2,True,False,False,1,2,True,False,False,1,2,2,False,des anderen Krankenhauspersonals,1.0,100.0
SG12,P09_T1,P09,52,1419,621805,623989,C,D,111,_dazu[uzad,9750,623989,633739,59,56+57+74+75+78+79+80+82+83+84+89+90+91+93+94+95+96+97+98+102+106+111+112+137+139+140+141+142,3,633739,640712,C,112+113+114+115,ihn_gestoppt_an[na]und_den_M,False,False,False,2,False,False,False,2,2,False,False,False,2,2,2,False,Krankenhauspersonals,0.0,22.0
SG12,P09_T1,P09,53,1419,633739,640712,C,D,112+113+114+115,ihn_gestoppt_an[na]und_den_M,1997,640712,642709,10,114+115+116,10,642709,646874,C,115+116+117+118,[M_n]m_Morden_ein_Ende_gesetzt,True,True,True,1,True,False,False,1,2,True,True,False,1,1,2,False,ihn stoppen und dem,1.0,84.0
SG12,P09_T1,P09,54,1419,648497,648887,I,D,121,._,5928,648887,654815,22,0+96+97+98+99+100+106+107+109+136+137+139+142+143+144+147+161,0,654815,657123,I,122+123,Die_Polizei,False,False,False,2,False,False,False,2,2,False,False,False,2,2,2,False,.,,
SG12,P09_T1,P09,55,1419,654815,657123,I,D,122+123,Die_Polizei,2465,657123,659588,14,84+106+111+113+117+118+119+120+121+143+146+147+149+161,0,659588,661460,C,123+124+125,_fand_hger[reg]eraus,True,False,False,2,True,False,False,1,2,True,False,False,1,2,2,False,Die Polizei,1.0,100.0
SG12,P09_T1,P09,56,1419,659588,661460,C,D,123+124+125,_fand_hger[reg]eraus,2106,661460,663566,11,74+94+95+96+97+98+101+102+109+124+125+126+127,1,663566,663878,I,126+127,",_das",False,False,False,2,False,False,False,2,2,False,False,False,2,2,2,False,Polizei fand heraus,1.0,100.0
SG12,P09_T1,P09,57,1419,663566,663878,I,D,126+127,",_das",2247,663878,666125,9,36+69+96+97+98+99+109+145,0,666125,671335,C,127+128+129+130,_das_Motiv_für_die_Mprd[drp]orde,True,False,False,2,True,False,False,1,2,True,False,False,1,2,2,False,", das",1.0,100.0
SG12,P09_T1,P09,58,1419,666125,671335,C,D,127+128+129+130,_das_Motiv_für_die_Mprd[drp]orde,9719,671335,681054,67,0+30+31+32+57+94+95+102+111+124+125+128+129+130+132+145+155+156+157+158,16,681054,685375,I,130,_eine_Abneigung_seitens_Norris,True,False,False,2,False,False,False,2,2,True,False,False,1,2,2,False,das das Motiv für,1.0,76.0
SG12,P09_T1,P09,59,1419,681054,685375,I,D,130,_eine_Abneigung_seitens_Norris,2964,685375,688339,24,0+94+95+96+97+98+102+130+136+137+161,10,688339,688807,D,130,[###########ies,True,False,False,2,True,False,False,1,2,True,False,False,1,2,2,False,für,0.0,33.0
SG12,P09_T1,P09,60,1419,688339,688807,D,D,130,[###########ies,5273,688807,694080,34,27+31+32+33+59+75+80+96+97+98+111+124+125+155+156+157+158+161,0,694080,697403,I,130,gegen_die_Zusammenarbeit,True,False,False,2,False,False,False,2,2,True,False,False,1,2,2,False,für,0.0,0.0
SG12,P09_T1,P09,61,1419,694080,697403,I,D,130,gegen_die_Zusammenarbeit,10733,697403,708136,63,82+83+84+94+95+96+97+98+100+102+110+111+115+116+124+125+128+129+130+155+156+157+158,29,708136,712254,C,130+131+132,[###############################################id]Norris_Morde,True,False,False,2,True,False,False,1,2,True,False,False,1,2,2,False,für,0.0,33.0
SG12,P09_T1,P09,62,1419,708136,712254,C,D,130+131+132,[###############################################id]Norris_Morde,1420,712254,713674,8,0+73+94+95+96+97+98+102+111+136+145,0,713674,713674,I,132,_,True,False,False,2,False,False,False,2,2,False,False,False,2,2,2,False,für Norris Morde,1.0,100.0
SG12,P09_T1,P09,63,1419,713674,713674,I,D,132,_,2090,713674,715764,12,0+73+110+111+136+139,0,715764,719711,C,133+134,eine_Abneo[o]igung_,False,False,False,2,False,False,False,2,2,False,False,False,2,2,2,False,Morde,,
SG12,P09_T1,P09,64,1419,715764,719711,C,D,133+134,eine_Abneo[o]igung_,2870,719711,722581,26,52+57+59+75+76+96+97+98+111+112+133+134+135+155+157+158+161,3,722581,723081,I,135,gegen,False,False,False,2,False,False,False,2,2,False,False,False,2,2,2,False,eine Abneigung,1.0,100.0
SG12,P09_T1,P09,65,1419,722581,723081,I,D,135,gegen,3229,723081,726310,17,112+133+134+135+156+157+158+161,7,726310,726435,I,135+136,_a,True,False,False,2,False,False,False,2,2,False,False,False,2,2,2,False,gegen,1.0,100.0
SG12,P09_T1,P09,66,1419,726310,726435,I,D,135+136,_a,3244,726435,729679,30,0+78+94+95+96+97+98+99+100+102+112+136+137+140+144+150+151,5,729679,731208,I,136+137,lte_Menschen,True,False,False,2,False,False,False,2,2,False,False,False,2,2,2,False,gegen alte,,
SG12,P09_T1,P09,67,1419,729679,731208,I,D,136+137,lte_Menschen,3308,731208,734516,32,111+112+129+130+131+133+134+135+136+137,4,734516,735296,I,137+138+139,_sei.,True,False,False,2,False,False,False,2,2,False,False,False,2,2,2,False,alte Menschen,1.0,100.0
SG12,P09_T1,P09,68,1419,734516,735296,I,D,137+138+139,_sei.,1638,735296,736934,9,137+139+141+142+143+161,4,736934,736934,I,139,_,True,False,False,2,False,False,False,2,2,False,False,False,2,2,2,False,Menschen sei .,1.0,75.0
SG12,P09_T1,P09,69,1419,736934,736934,I,D,139,_,5382,736934,742316,23,33+96+97+98+111+114+115+116+122+130+137+140+141+142+143+146+147+148+149+161,0,742316,751348,I,140+141+142+143+144+145+146+147,"All_seine_Opfer_waren_ältere,_schwache_Frauen",False,False,False,2,False,False,False,2,2,False,False,False,2,2,2,False,.,,
SG12,P09_T1,P09,70,1419,742316,751348,I,D,140+141+142+143+144+145+146+147,"All_seine_Opfer_waren_ältere,_schwache_Frauen",1794,751348,753142,10,146+147+148+161,8,753142,754172,I,147+148,_mit_,True,False,False,2,False,False,False,2,2,False,False,False,2,2,2,False,"All seine Opfer waren ältere , schwache Frauen",1.0,98.0
SG12,P09_T1,P09,71,1419,753142,754172,I,D,147+148,_mit_,1513,754172,755685,7,110+131+147+148,3,755685,758196,I,149,Herzproblemen,False,False,False,2,False,False,False,2,2,False,False,False,2,2,2,False,Frauen mit,1.0,100.0
SG12,P09_T1,P09,72,1419,755685,758196,I,D,149,Herzproblemen,1420,758196,759616,8,147+148+149+150,1,759616,759616,I,150,.,False,False,False,2,False,False,False,2,2,False,False,False,2,2,2,False,Herzproblemen,1.0,100.0
SG12,P09_T1,P09,73,1419,759616,759616,I,D,150,.,3026,759616,762642,26,141+144+146+147+148+149+150+151+155+157+158+161,8,762642,764281,I,150+151+152,_Sie_alle,True,False,False,2,False,False,False,2,2,False,False,False,2,2,2,False,.,,
SG12,P09_T1,P09,74,1419,762642,764281,I,D,150+151+152,_Sie_alle,2199,764281,766480,13,142+149+151+152+155,6,766480,774717,I,152+153+154+155+156+157+158,_könnten_als_Last_für_das_Krankenhauspersonal,True,False,False,2,False,False,False,2,2,False,False,False,2,2,2,False,. Sie alle,1.0,100.0
SG12,P09_T1,P09,75,1419,766480,774717,I,D,152+153+154+155+156+157+158,_könnten_als_Last_für_das_Krankenhauspersonal,1622,774717,776339,12,114+155+157+158+159+161,9,776339,779615,C,158+159+160+161,_nge[egn]angesehen_werden.,True,False,False,2,True,False,False,1,2,True,False,False,1,2,2,False,alle könnten als Last für das Krankenhauspersonal,1.0,100.0
SG12,P09_T1,P09,76,1419,776339,779615,C,D,158+159+160+161,_nge[egn]angesehen_werden.,9126,779615,788741,60,5+6+9+10+11+12+13+14+111+112+114+133+134+135+137+138+141+143+153+154+155+156+157+158+159+161,5,788741,791939,C,2+3,[###############K]Krankenpfleger,False,False,False,2,False,False,False,2,2,False,False,False,2,2,2,False,Krankenhauspersonal angesehen werden .,1.0,94.0
SG12,P09_T5,P09,77,1499,61870,69936,I,D,1+2+3+4+5+6,Die_Soziologie_ist_eine_relativ_junge,3697,69936,73633,15,3+4+5+6+7,14,73633,73633,I,6,_,True,False,False,2,False,False,False,2,2,False,False,False,2,2,2,False,Die Soziologie ist eine relativ junge,1.0,100.0
SG12,P09_T5,P09,78,1499,73633,73633,I,D,6,_,11201,73633,84834,53,1+2+4+5+6+7+30+99+116,23,84834,88359,C,7+8,Wissc[c]enschaft._,False,False,False,2,False,False,False,2,2,False,False,False,2,2,2,False,junge,,
SG12,P09_T5,P09,79,1499,84834,88359,C,D,7+8,Wissc[c]enschaft._,62307,88359,150666,292,0+1+2+3+4+5+6+7+8+9+10+11+12+13+14+15+16+18+19+20+21+22+23+29+30+31+32+33+34+43+48+49+51+52+70+71+73+74+92+93+94+95+96+98+99+114+131+141+144+146+149,69,150666,155440,I,10+11+12+13+14+9,Sie_entwickelte_sich_im_19.,False,False,False,2,False,False,False,2,2,False,False,False,2,2,2,False,Wissenschaft .,1.0,92.0
SG12,P09_T5,P09,80,1499,150666,155440,I,D,10+11+12+13+14+9,Sie_entwickelte_sich_im_19.,1794,155440,157234,10,0+1+2+10+11+12+13+14+15+16+18+78,5,157234,158560,I,14+15+16,_Jhd._,True,False,False,2,False,False,False,2,2,False,False,False,2,2,2,False,entwickelte sich im 19 . Sie,1.0,85.0
SG12,P09_T5,P09,81,1499,157234,158560,I,D,14+15+16,_Jhd._,3900,158560,162460,7,10+11+12+13+15+16,1,162460,162725,I,17,als_,False,False,False,2,False,False,False,2,2,False,False,False,2,2,2,False,. Jhd .,1.0,75.0
SG12,P09_T5,P09,82,1499,162460,162725,I,D,17,als_,2371,162725,165096,3,7+10+11+15+16,0,165096,168404,I,18+19+20,Antwort_auf_die,False,False,False,2,False,False,False,2,2,False,False,False,2,2,2,False,als,1.0,100.0
SG12,P09_T5,P09,83,1499,165096,168404,I,D,18+19+20,Antwort_auf_die,1981,168404,170385,4,5+12+15+16+18,1,170385,170385,I,20,_,True,False,False,2,False,False,False,2,2,True,True,True,1,1,1,False,Antwort auf die,1.0,100.0
SG12,P09_T5,P09,84,1499,170385,170385,I,D,20,_,8408,170385,178793,35,1+2+3+7+9+10+11+12+13+15+16+17+18+19+40+41+46,0,178793,180384,C,20,Heruas[sau,True,False,False,2,True,False,False,1,2,True,True,True,1,1,1,False,die,,
SG12,P09_T5,P09,85,1499,178793,180384,C,D,20,Heruas[sau,1857,180384,182241,4,10+11+15+16+18,0,182241,194783,C,20+21+22+23+24+25,[reH]neuen_Heruas[sau]ausforcerungen_[_negnurec]derungen_der_m[m]Moderne._,True,True,True,1,True,True,True,1,1,True,True,True,1,1,1,False,die,0.0,33.0
SG12,P09_T5,P09,86,1499,279507,290334,C,D,26+27+28+29+30+31,Mehr_Mi[i]obilität_und_der_technolig[gi]ogische_Fortsc,1560,290334,291894,4,29+30+31,4,291894,292487,I,31,hritt,True,False,False,2,False,False,False,2,2,False,False,False,2,2,2,False,Mehr Mobilität und der technologische Fortschritt,1.0,100.0
SG12,P09_T5,P09,87,1499,291894,292487,I,D,31,hritt,2652,292487,295139,12,7+10+11+12+13+15+16+18+29+30+31,2,295139,296028,I,31+32,_hatten,True,False,False,2,False,False,False,2,2,False,False,False,2,2,2,False,Fortschritt,1.0,100.0
SG12,P09_T5,P09,88,1499,295139,296028,I,D,31+32,_hatten,34336,296028,330364,151,0+1+2+7+9+10+11+12+13+14+15+16+17+18+19+20+21+22+24+25+26+27+28+29+30+31+32+33+34+37+38+39+40+41+47+52+59+70+73+74+80+98+148,8,330364,332049,I,32+33+34,_als_Folge,True,False,False,2,False,False,False,2,2,False,False,False,2,2,2,False,Fortschritt hatten,1.0,100.0
SG12,P09_T5,P09,89,1499,330364,332049,I,D,32+33+34,_als_Folge,8236,332049,340285,39,1+2+14+15+16+17+18+19+20+21+22+29+31+32+33+34+37+38+47+59+60+61+62+81,1,340285,345309,I,35+36+37+38+39+40+41,",_dass_sich_die_Menschen_immer_häufiger",False,False,False,2,False,False,False,2,2,False,False,False,2,2,2,False,hatten als Folge,1.0,100.0
SG12,P09_T5,P09,90,1499,340285,345309,I,D,35+36+37+38+39+40+41,",_dass_sich_die_Menschen_immer_häufiger",5257,345309,350566,30,1+2+15+16+18+25+26+27+37+39+40+41+42+47+52+58,11,350566,357836,C,41+42+43+44+45+46,_für_andere_Kulturen_a[a]und_Gesellschaften,True,False,False,2,True,False,False,1,2,True,False,False,1,2,2,False,", dass sich die Menschen immer häufiger",1.0,100.0
SG12,P09_T5,P09,91,1499,350566,357836,C,D,41+42+43+44+45+46,_für_andere_Kulturen_a[a]und_Gesellschaften,6661,357836,364497,43,5+6+10+11+12+19+21+22+23+24+26+27+29+31+43+44+45+46+67+69+71+91+95+96+99+105+125,11,364497,367414,I,46+47+48,_interessierten.,True,False,False,2,False,False,False,2,2,False,False,False,2,2,2,False,häufiger für andere Kulturen und Gesellschaften,1.0,100.0
SG12,P09_T5,P09,92,1499,364497,367414,I,D,46+47+48,_interessierten.,2948,367414,370362,14,50+51+52+53+54+71+92+93+94+98,0,370362,370362,I,48,_,True,False,False,2,False,False,False,2,2,False,False,False,2,2,2,False,Gesellschaften interessierten .,1.0,93.0
SG12,P09_T5,P09,93,1499,370362,370362,I,D,48,_,46754,370362,417116,205,1+2+4+6+7+9+10+11+12+13+14+15+16+18+19+20+21+22+23+24+26+27+28+29+30+31+32+33+34+37+40+41+43+44+45+46+47+50+51+52+53+55+58+72+74+95+96+97+98+99+116+144,0,417116,425602,I,49+50+51+52+53+54,Die_Auswirkungen_dieses_Interesses_waren_vielfältig,False,False,False,2,False,False,False,2,2,False,False,False,2,2,2,False,.,,
SG12,P09_T5,P09,94,1499,417116,425602,I,D,49+50+51+52+53+54,Die_Auswirkungen_dieses_Interesses_waren_vielfältig,11420,425602,437022,53,7+23+37+40+41+43+47+49+50+51+52+53+54+55+56+57+59+60+61+62+67+68+70+71+73+74+75+76+77+78+79+145,13,437022,444463,C,55+56+57+58+59+60+61+62,",_aber_füür_[_rü]r_mac[c]nche_Menschen_bedeuteten_sie_auch",False,True,False,2,False,False,False,2,2,False,False,False,2,2,2,False,Die Auswirkungen dieses Interesses waren vielfältig,1.0,100.0
SG12,P09_T5,P09,95,1499,437022,444463,C,D,55+56+57+58+59+60+61+62,",_aber_füür_[_rü]r_mac[c]nche_Menschen_bedeuteten_sie_auch",21700,444463,466163,88,12+13+14+15+16+18+19+20+21+22+27+29+30+31+36+43+46+50+51+54+59+60+61+62+67+69+71+75+76+77+92+93+94+99+116+117+122+137+141+142+144+145,12,466163,466163,I,62,_,True,False,False,2,False,False,False,2,2,True,False,False,1,2,2,False,", aber für manche Menschen bedeuteten sie auch",1.0,100.0
SG12,P09_T5,P09,96,1499,466163,466163,I,D,62,_,30092,466163,496255,170,0+5+7+9+10+11+12+13+15+16+17+21+22+27+28+29+30+31+32+33+34+37+40+41+44+45+46+47+49+54+57+58+59+60+61+62+66+67+68+69+70+71+74+81+99+116+140+141,76,496255,498408,C,62,den_[_ned,True,False,False,2,True,False,False,1,2,True,False,False,1,2,2,False,auch,,
SG12,P09_T5,P09,97,1499,496255,498408,C,D,62,den_[_ned,2153,498408,500561,8,45+46+79+99,0,500561,503946,C,63+64,den_Niedega[ag]rgang,False,False,False,2,False,False,False,2,2,False,False,False,2,2,2,False,auch,0.0,0.0
SG12,P09_T5,P09,98,1499,500561,503946,C,D,63+64,den_Niedega[ag]rgang,7987,503946,511933,31,5+21+22+23+32+33+34+37+39+45+46+47+50+59+67+69+92+93+94+112,0,511933,520342,I,64+65+66+67+68+69,_von_traditionellen_Normen_und_Bräuchen,True,False,False,2,False,False,False,2,2,False,False,False,2,2,2,False,den Niedergang,1.0,100.0
SG12,P09_T5,P09,99,1499,511933,520342,I,D,64+65+66+67+68+69,_von_traditionellen_Normen_und_Bräuchen,3759,520342,524101,15,66+69+70+71+73+74+75+76+77+78,2,524101,524101,I,69,_,True,False,False,2,False,False,False,2,2,False,False,False,2,2,2,False,Niedergang von traditionellen Normen und Bräuchen,1.0,100.0
SG12,P09_T5,P09,100,1499,524101,524101,I,D,69,_,29157,524101,553258,103,0+7+9+10+11+13+26+28+30+32+33+34+40+41+45+50+52+54+59+60+61+62+64+65+66+67+68+79+92+93+94+95+96+97+99+116,0,553258,554506,C,70,udn[nd]nd,False,False,False,2,False,False,False,2,2,False,False,False,2,2,2,False,Bräuchen,,
SG12,P09_T5,P09,101,1499,553258,554506,C,D,70,udn[nd]nd,8128,554506,562634,43,1+2+7+10+11+15+16+18+21+22+52+53+54+71+73+74+75+76+77+78+102+103+104,0,562634,564864,I,70,_garantierten,True,False,False,2,False,False,False,2,2,True,True,False,1,1,2,False,und,1.0,100.0
SG12,P09_T5,P09,102,1499,562634,564864,I,D,70,_garantierten,32495,564864,597359,211,0+1+2+3+4+5+7+8+9+10+11+12+13+14+15+16+21+22+28+29+30+31+32+33+34+37+40+41+43+44+46+47+51+52+53+54+55+56+57+58+59+60+61+62+65+95+96+98+102+103+104+116+117+121+122+133+135+140+144+148+149,0,597359,598810,D,70,[netreitnar,True,False,False,2,True,False,False,1,2,True,True,False,1,1,2,False,und,0.0,33.0
SG12,P09_T5,P09,103,1499,597359,598810,D,D,70,[netreitnar,5757,598810,604567,17,7+10+11+12+46+123+144+146+149,0,604567,604769,D,70,[ag,True,False,False,2,True,False,False,1,2,True,True,False,1,1,2,False,und,0.0,33.0
SG12,P09_T5,P09,104,1499,604567,604769,D,D,70,[ag,8830,604769,613599,52,10+11+12+13+14+15+16+18+21+22+29+30+31+32+33+34+40+41+50+51+52+54+71+74+105,0,613599,616579,I,70,brachten_die_Menschen_dazu,True,False,False,2,False,False,False,2,2,True,True,False,1,1,2,False,und,0.0,0.0
SG12,P09_T5,P09,105,1499,613599,616579,I,D,70,brachten_die_Menschen_dazu,10857,616579,627436,95,0+7+8+9+10+11+12+29+30+31+32+33+34+43+44+49+50+51+52+53+54+59+70+71+73+98+99+133,28,627436,629542,C,70,_neu[uen,True,False,False,2,True,False,False,1,2,True,True,False,1,1,2,False,und,0.0,67.0
SG12,P09_T5,P09,106,1499,627436,629542,C,D,70,_neu[uen,6100,629542,635642,25,8+9+10+11+12+25+43+58+59+60+61+62+71+115+116,0,635642,645189,C,70,nochmals_darüber_nachzudenken_wie_i[i_eiw_]_wie_die,True,True,True,1,True,False,False,1,2,True,True,False,1,1,2,False,und,0.0,67.0
SG12,P09_T5,P09,107,1499,647717,647717,I,D,70,_,24242,647717,671959,216,0+3+4+5+6+7+8+9+10+11+12+13+14+15+16+18+19+20+21+22+23+24+26+27+28+29+30+31+32+33+34+37+39+40+41+42+44+45+46+47+51+52+58+59+60+61+62+63+64+66+70+123+135+140,6,671959,672739,I,70,._,True,False,False,2,False,False,False,2,2,True,False,False,1,2,2,False,und,,
SG12,P09_T5,P09,108,1499,671959,672739,I,D,70,._,1732,672739,674471,16,15+16+37+38+39+42+47+70,1,674471,674674,D,70,[_.,True,False,False,2,True,False,False,1,2,True,False,False,1,2,2,False,und,,
SG12,P09_T5,P09,109,1499,674471,674674,D,D,70,[_.,7113,674674,681787,39,10+11+15+16+17+18+19+20+21+22+30+32+33+34+37+39+42+47+50+51+52+64+70+97+98+148,4,681787,682162,I,81,._,False,False,False,2,False,False,False,2,2,False,False,False,2,2,2,False,und,0.0,0.0
SG12,P09_T5,P09,110,1499,681787,682162,I,D,81,._,4414,682162,686576,22,1+2+4+5+6+10+11+15+16+23+37+38+39+47+57+58+64+70,0,686576,688043,I,82,Soziologen,False,False,False,2,False,False,False,2,2,False,False,False,2,2,2,False,.,,
SG12,P09_T5,P09,111,1499,686576,688043,I,D,82,Soziologen,6848,688043,694891,18,1+2+17+18+21+22+23+29+30+31+50+54,0,694891,700383,C,82+83+84+85+86,_antworteten_auf_die_[_]se_Veränderungen,True,False,False,2,True,False,False,1,2,True,False,False,1,2,2,False,Soziologen,1.0,100.0
SG12,P09_T5,P09,112,1499,694891,700383,C,D,82+83+84+85+86,_antworteten_auf_die_[_]se_Veränderungen,6130,700383,706513,39,50+64+65+74+81+82+83+84+85+86+87+88+89+90+92+93+94+95+96+106,18,706513,709711,C,87+88+89+90,",_inbde[edb]dem_sie_versuchten",False,False,False,2,False,False,False,2,2,False,False,False,2,2,2,False,Soziologen antworteten auf diese Veränderungen,1.0,100.0
SG12,P09_T5,P09,113,1499,706513,709711,C,D,87+88+89+90,",_inbde[edb]dem_sie_versuchten",6194,709711,715905,44,59+70+89+90+91+92+93+94+95+96+97+99+112+135,17,715905,715905,I,90,_,True,False,False,2,False,False,False,2,2,False,False,False,2,2,2,False,", indem sie versuchten",1.0,100.0
SG12,P09_T5,P09,114,1499,715905,715905,I,D,90,_,2293,715905,718198,13,70+91,0,718198,725670,C,91+92+93+94,zu_versteh[h]hen_uzn[nz]nd_herauszufinden,False,False,False,2,False,False,False,2,2,False,False,False,2,2,2,False,versuchten,,
SG12,P09_T5,P09,115,1499,718198,725670,C,D,91+92+93+94,zu_versteh[h]hen_uzn[nz]nd_herauszufinden,8721,725670,734391,39,10+11+46+64+70+92+93+94+95+96+97+98+99+148,2,734391,735186,I,95+96,",_was_",False,False,False,2,False,False,False,2,2,False,False,False,2,2,2,False,zu verstehen und herauszufinden,1.0,100.0
SG12,P09_T5,P09,116,1499,734391,735186,I,D,95+96,",_was_",16895,735186,752081,69,0+6+7+9+10+11+12+30+70+71+73+74+82+87+88+92+93+94+122+142,0,752081,760786,C,97+98+99,soziale_Gruppen[ne]ierungen_zusammenhält,False,False,False,2,False,False,False,2,2,False,False,False,2,2,2,False,", was",1.0,100.0
SG12,P09_T5,P09,117,1499,752081,760786,C,D,97+98+99,soziale_Gruppen[ne]ierungen_zusammenhält,15585,760786,776371,108,1+2+24+29+31+46+64+65+66+67+70+73+74+76+77+78+82+83+87+88+98+99+100+101+102+103+104+112+114+115+117+125+148,9,776371,779319,C,99,_doeir[rieod]sowie,True,True,True,1,True,False,False,1,2,True,True,False,1,1,2,False,soziale Gruppierungen zusammenhält,1.0,100.0
SG12,P09_T5,P09,118,1499,789053,789053,I,D,101,_,10593,789053,799646,59,1+2+5+6+7+17+20+21+22+23+30+37+40+41+47+56+58+59+60+61+62+78+87+88+95+96+97+98+122+127+146,0,799646,803515,C,101,untersuchtn_sie[eis_n]en_sie[e]e,True,True,True,1,True,False,False,1,2,True,True,False,1,1,2,False,Außerdem,,
SG12,P09_T5,P09,119,1499,817134,818522,I,D,105+106,_Lösungen,8705,818522,827227,50,18+43+64+69+70+89+90+91+92+93+94+97+98+99+101+102+103+104,0,827227,833607,C,106+107+108+109,_für_den_Ne[e]iedega[ag]r[#r]ergang,True,False,False,2,True,False,False,1,2,True,False,False,1,2,2,False,möglichen Lösungen,1.0,100.0
SG12,P09_T5,P09,120,1499,827227,833607,C,D,106+107+108+109,_für_den_Ne[e]iedega[ag]r[#r]ergang,52214,833607,885821,372,0+1+2+3+5+6+7+8+9+10+11+12+14+15+16+17+18+19+21+22+27+28+29+30+31+32+33+34+37+40+41+44+45+46+47+50+57+58+59+60+61+62+63+64+65+66+70+71+79+81+83+84+85+92+93+94+95+96+97+98+99+105+106+108+109+111+112+113+114+115+116+117+135+146+148+149,16,885821,886383,I,109+110,_der_,True,False,False,2,False,False,False,2,2,False,False,False,2,2,2,False,Lösungen für den Niedergang,1.0,100.0
SG12,P09_T5,P09,121,1499,885821,886383,I,D,109+110,_der_,2901,886383,889284,15,92+93+94+95+96+98+111,0,889284,895103,I,111+112+113,gesellschaftlichen_Solidarität._,False,False,False,2,False,False,False,2,2,False,False,False,2,2,2,False,Niedergang der,1.0,100.0
SG12,P09_T5,P09,122,1499,889284,895103,I,D,111+112+113,gesellschaftlichen_Solidarität._,3744,895103,898847,25,66+70+82+111+112+115+116+117+148,2,898847,903511,I,114+115+116,Der_Begriff_Soziologie,False,False,False,2,False,False,False,2,2,False,False,False,2,2,2,False,gesellschaftlichen Solidarität .,1.0,97.0
SG12,P09_T5,P09,123,1499,898847,903511,I,D,114+115+116,Der_Begriff_Soziologie,14587,903511,918098,72,6+7+10+11+12+20+21+22+27+44+46+48+49+50+51+52+64+70+84+92+93+94+97+98+99+101+102+103+104+111+115+116+141,2,918098,918753,I,116+117,_wurde,True,False,False,2,False,False,False,2,2,False,False,False,2,2,2,False,Der Begriff Soziologie,1.0,100.0
SG12,P09_T5,P09,124,1499,918098,918753,I,D,116+117,_wurde,2418,918753,921171,11,0+121+122+123+125+127+145+146,0,921171,927707,C,120+121+122+123+124+125,_von_Augu[u]ust_Comte_(17,False,False,False,2,False,False,False,2,2,False,False,False,2,2,2,False,Soziologie wurde,1.0,100.0
SG12,P09_T5,P09,125,1499,921171,927707,C,D,120+121+122+123+124+125,_von_Augu[u]ust_Comte_(17,1623,927707,929330,13,21+22+23+40+41+44+57+58+125,1,929330,930453,I,125+126,98-,True,False,False,2,False,False,False,2,2,False,False,False,2,2,2,False,1838 von August Comte ( 1798,1.0,95.0
SG12,P09_T5,P09,126,1499,929330,930453,I,D,125+126,98-,1591,930453,932044,2,18+105,0,932044,934275,I,127+128,1857),False,False,False,2,False,False,False,2,2,False,False,False,2,2,2,False,1798 -,0.0,67.0
SG12,P09_T5,P09,127,1499,932044,934275,I,D,127+128,1857),10514,934275,944789,85,1+2+15+16+17+18+19+20+59+60+61+62+64+66+67+68+69+70+80+82+83+85+89+90+92+93+94+97+98+99+100+101+102+103+104+105+141+142+149,0,944789,947270,I,128,_im_Jahre_18,True,False,False,2,False,False,False,2,2,True,False,False,1,2,2,False,1857 ),1.0,80.0
SG12,P09_T5,P09,128,1499,944789,947270,I,D,128,_im_Jahre_18,5600,947270,952870,44,7+18+37+38+47+65+70+81+92+93+94+102+103+104+105+106+109+118+119+121+122+123+125+127+148,0,952870,952995,I,128,38,True,False,False,2,False,False,False,2,2,True,False,False,1,2,2,False,),,
SG12,P09_T5,P09,129,1499,952870,952995,I,D,128,38,39967,952995,992962,166,0+3+4+5+6+7+9+10+11+12+15+16+17+19+21+22+23+27+28+43+44+45+54+58+59+60+61+62+70+92+93+94+95+96+97+98+99+100+102+103+104+105+106+107+109+111+112+123+128+135+137+138+139+140+141+142+143+146+149,27,992962,1001340,C,128+129+130+131+132,_von_dem_Lateinischen_Begr[rgeB]Terminus,True,False,False,2,True,False,False,1,2,True,False,False,1,2,2,False,),,
SG12,P09_T5,P09,130,1499,992962,1001340,C,D,128+129+130+131+132,_von_dem_Lateinischen_Begr[rgeB]Terminus,6099,1001340,1007439,27,18+32+33+34+37+47+50+64+65+66+70+81+82+98+115+129+131,2,1007439,1007704,C,130+131,[L]l,True,False,False,2,True,False,False,1,2,True,False,False,1,2,2,False,) von dem lateinischen Terminus,1.0,100.0
SG12,P09_T5,P09,131,1499,1007439,1007704,C,D,130+131,[L]l,3542,1007704,1011246,34,7+44+63+66+67+70+79+82+83+84+85+92+93+94+98+99+113+128,0,1011246,1013445,I,132+133+134,_socius_(,False,False,False,2,False,False,False,2,2,False,False,False,2,2,2,False,dem lateinischen,,
SG12,P09_T5,P09,132,1499,1011246,1013445,I,D,132+133+134,_socius_(,43868,1013445,1057313,141,5+6+7+8+9+10+11+21+22+26+27+28+30+32+33+34+44+45+49+50+59+64+65+66+67+68+69+70+71+73+83+89+90+91+92+93+94+95+96+97+98+99+110+111+112+116+117+128+129+149,0,1057313,1059200,I,135+136,Gefährte),False,False,False,2,False,False,False,2,2,False,False,False,2,2,2,False,Terminus socius (,1.0,100.0
SG12,P09_T5,P09,133,1499,1057313,1059200,I,D,135+136,Gefährte),1919,1059200,1061119,16,10+11+69+70+71+92+93+94+98+112+114+115+116,0,1061119,1076064,C,136+137+138+139+140+141,"_sowie_de,[,]m_griechisch[hcsihceirg]von_dem_groe[eo]iechischen_Teminus[sunim]rminus",True,True,True,1,True,False,False,1,2,True,True,False,1,1,2,False,Gefährte ),1.0,89.0
SG12,P09_T5,P09,134,1499,1078669,1080885,I,D,141+142+143,_logia_(,4539,1080885,1085424,37,1+2+10+11+13+17+40+41+53+56+57+74+76+77+97+98+99+121+122+148,0,1085424,1085424,I,143,_,True,False,False,2,False,False,False,2,2,True,False,False,1,2,2,False,Terminus logia (,1.0,100.0
SG12,P09_T5,P09,135,1499,1085424,1085424,I,D,143,_,56597,1085424,1142021,198,1+2+3+4+5+6+7+8+9+10+11+12+13+15+16+17+18+26+27+29+30+31+32+33+34+44+45+59+60+61+62+70+74+79+92+93+94+97+98+99+101+109+111+112+117+121+122+123+129+131+132+135+137+138+139+140+141+142+143+144+145+146+148+149,4,1142021,1149587,C,143+144+145+146+147+148,[_]Wissenschaft_der_Sprache?[?])_abn[n,True,False,False,2,True,False,False,1,2,True,False,False,1,2,2,False,(,,
SG12,P09_T5,P09,136,1499,1142021,1149587,C,D,143+144+145+146+147+148,[_]Wissenschaft_der_Sprache?[?])_abn[n,2325,1149587,1151912,4,32+33+34+49+64+99,0,1151912,1152895,I,148+149,geleitet.,True,False,False,2,False,False,False,2,2,False,False,False,2,2,2,False,( Wissenschaft der Sprache ) abgeleitet,1.0,90.0
SG12,P09_T5,P09,137,1499,1151912,1152895,I,D,148+149,geleitet.,11185,1152895,1164080,95,18+29+30+31+32+33+34+46+48+49+50+58+59+64+70+82+89+90+92+93+94+95+96+97+99+101+102+103+104+105+106+108+111+127+128,0,1164080,1164797,D,137,[med_,False,False,False,2,False,False,False,2,2,False,False,False,2,2,2,False,abgeleitet .,1.0,89.0
SG12,P10_T2,P10,1,1638,23260,26177,I,D,1,Familien_,3994,26177,30171,10,1+2+4,4,30171,37862,I,1+3+4,sind_betroffen_von_wachsende,True,False,False,2,False,False,False,2,2,True,True,True,1,1,1,False,Familien,1.0,100.0
SG12,P10_T2,P10,2,1638,30171,37862,I,D,1+3+4,sind_betroffen_von_wachsende,35287,37862,73149,151,1+2+3+4+5+10+12+15+18+19+22+23+24+25+29+30+37+38+39+40+55+58+85+86+89+116+117+131+139+140+141+143,83,73149,78297,C,1+2+3,[nefforteb_dnis]leiden_unter[_von,True,True,True,1,True,True,True,1,1,True,True,True,1,1,1,False,Familien unter steigenden,0.0,44.0
SG12,P10_T2,P10,3,1638,91386,95801,C,D,5,altungskose[e]ten_,19250,95801,115051,77,1+2+3+4+5+6+9+10+12+13+14+15+17+18+19+20+21+22+23+24+25+29+30+37+41+53+85+86+108,7,115051,115051,I,6,F,False,False,False,2,False,False,False,2,2,False,False,False,2,2,2,False,Lebenshaltungskosten,1.0,100.0
SG12,P10_T2,P10,4,1638,115051,115051,I,D,6,F,3588,115051,118639,17,4+5+6+10+12+13+14+41,4,118639,131603,C,10+6+7+8+9,"amilien_in_England_müsse_[_]n_32,300",True,False,False,2,True,False,False,1,2,True,False,False,1,2,2,False,Familien,,
SG12,P10_T2,P10,5,1638,118639,131603,C,D,10+6+7+8+9,"amilien_in_England_müsse_[_]n_32,300",10312,131603,141915,37,4+5+6+10+11+12+38+39+40+58+116,11,141915,142695,C,10,"[,].",True,False,False,2,True,False,False,1,2,True,False,False,1,2,2,False,32.300 Familien in England müssen,1.0,78.0
SG12,P10_T2,P10,6,1638,141915,142695,C,D,10,"[,].",17503,142695,160198,47,1+5+10+11+12+13+14,15,160198,161212,I,10+11,_£,True,False,False,2,False,False,False,2,2,False,False,False,2,2,2,False,32.300,,
SG12,P10_T2,P10,7,1638,160198,161212,I,D,10+11,_£,3635,161212,164847,22,4+5+9+10+11+12+14+17+85+86,9,164847,167436,I,11+15,_aufbringen,True,False,False,2,False,False,False,2,2,False,False,False,2,2,2,False,32.300 £,,
SG12,P10_T2,P10,8,1638,164847,167436,I,D,11+15,_aufbringen,8300,167436,175736,36,4+5+9+10+12+13+14+15+17+18+19+20+21+22+23+24+25+29+30+39,3,175736,177857,I,13+14,pro_Jahr_,False,False,False,2,False,False,False,2,2,False,False,False,2,2,2,False,£ aufbringen,1.0,100.0
SG12,P10_T2,P10,9,1638,175736,177857,I,D,13+14,pro_Jahr_,3011,177857,180868,10,4+5+9+10,0,180868,181398,I,12,mehr_,False,False,False,2,False,False,False,2,2,False,False,False,2,2,2,False,pro Jahr,1.0,100.0
SG12,P10_T2,P10,10,1638,180868,181398,I,D,12,mehr_,9204,181398,190602,38,5+10+12+13+14+17+18+19+20+21+36+62+63+115,4,190602,192521,I,9,aufgrund_von_,False,False,False,2,False,False,False,2,2,False,False,False,2,2,2,False,mehr,1.0,100.0
SG12,P10_T2,P10,11,1638,190602,192521,I,D,9,aufgrund_von_,10858,192521,203379,30,5+7+8+18+19+20+21+22+23+24+25+26+29+30+85+86+89,0,203379,205345,D,9,[_nov_dnurgfua,True,False,False,2,True,False,False,1,2,True,False,False,1,2,2,False,müssen,0.0,17.0
SG12,P10_T2,P10,12,1638,203379,205345,D,D,9,[_nov_dnurgfua,4102,205345,209447,17,1+5+10+18+19+22+23+25+29+30+115+154,0,209447,209494,I,16,",_",False,False,False,2,False,False,False,2,2,False,False,False,2,2,2,False,müssen,0.0,17.0
SG12,P10_T2,P10,13,1638,209447,209494,I,D,16,",_",1685,209494,211179,4,10+14+17+18+19,0,211179,211460,I,17,da_,False,False,False,2,False,False,False,2,2,False,False,False,2,2,2,False,",",,
SG12,P10_T2,P10,14,1638,211179,211460,I,D,17,da_,3089,211460,214549,14,18+19+20,0,214549,222848,C,18+19+20+21,Lebensmittl[l]el-_und_Benzinpreise_,False,False,False,2,False,False,False,2,2,False,False,False,2,2,2,False,da,1.0,100.0
SG12,P10_T2,P10,15,1638,214549,222848,C,D,18+19+20+21,Lebensmittl[l]el-_und_Benzinpreise_,19968,222848,242816,82,1+5+18+19+20+21+22+23+24+25+26+27+28+29+30+44+75+76+140,31,242816,248354,I,22+23+24+25,so_stark_steigen_wie_,False,False,False,2,False,False,False,2,2,False,False,False,2,2,2,False,Lebensmittel - und Benzinpreise,1.0,97.0
SG12,P10_T2,P10,16,1638,242816,248354,I,D,22+23+24+25,so_stark_steigen_wie_,11294,248354,259648,45,5+21+22+23+24+25+26+29+30+75+76+77+78,29,259648,260350,I,26,seit_,False,False,False,2,False,False,False,2,2,False,False,False,2,2,2,False,so stark steigen wie,1.0,100.0
SG12,P10_T2,P10,17,1638,259648,260350,I,D,26,seit_,1888,260350,262238,2,24+32,0,262238,267558,I,27+28+29+30+31,17_Jahren_nicht_mehr._,False,False,False,2,False,False,False,2,2,False,False,False,2,2,2,False,seit,1.0,100.0
SG12,P10_T2,P10,18,1638,262238,267558,I,D,27+28+29+30+31,17_Jahren_nicht_mehr._,8814,267558,276372,47,1+4+5+6+9+10+12+14+15+17+18+19+21+22+23+25+28+29+30+33+36+38+39+40+41+46+55+62+63+154,5,276372,280802,I,32,Supermarktpreise,False,False,False,2,False,False,False,2,2,False,False,False,2,2,2,False,17 Jahren nicht mehr .,1.0,95.0
SG12,P10_T2,P10,19,1638,276372,280802,I,D,32,Supermarktpreise,2699,280802,283501,14,34+35+37+38+39+40+41,0,283501,283501,I,32,_,True,False,False,2,False,False,False,2,2,False,False,False,2,2,2,False,Supermarktpreise,1.0,100.0
SG12,P10_T2,P10,20,1638,283501,283501,I,D,32,_,2246,283501,285747,7,11+12+34+35+62+63+89,0,285747,291691,C,33+34+35+36,sind_im_vergangenen_JHa[aH]ahr_,False,False,False,2,False,False,False,2,2,False,False,False,2,2,2,False,Supermarktpreise,,
SG12,P10_T2,P10,21,1638,285747,291691,C,D,33+34+35+36,sind_im_vergangenen_JHa[aH]ahr_,27441,291691,319132,124,3+4+5+6+10+11+12+13+14+15+32+33+34+36+37+38+39+40+41+53+54+58+59+60+89+105+106+107+108+138+141+143+149+152+154,13,319132,326105,I,37+38+39+40+41,um_ein_beunruhigendes_Maß_gestiegen,False,False,False,2,False,False,False,2,2,False,False,False,2,2,2,False,sind im vergangenen Jahr,1.0,100.0
SG12,P10_T2,P10,22,1638,319132,326105,I,D,37+38+39+40+41,um_ein_beunruhigendes_Maß_gestiegen,2215,326105,328320,12,21+39+40+62+63+68+69+70+71+72+73+82+88+90+91+113,2,328320,328632,I,42,._,False,False,False,2,False,False,False,2,2,False,False,False,2,2,2,False,um ein beunruhigendes Maß gestiegen,1.0,100.0
SG12,P10_T2,P10,23,1638,328320,328632,I,D,42,._,50170,328632,378802,237,2+3+4+5+6+7+8+9+10+11+12+13+14+15+18+19+20+21+22+23+24+25+26+27+29+30+32+33+34+35+36+38+39+40+41+43+44+46+47+48+51+55+56+58+59+62+63+69+70+71+72+73+75+76+77+78+79+83+85+86+88+89+90+91+92+93+94+97+105+106+107+110+111+115+116+117+120+122+123+126+127+128+130,0,378802,381626,I,43,Finanzexperten,False,False,False,2,False,False,False,2,2,False,False,False,2,2,2,False,.,,
SG12,P10_T2,P10,24,1638,378802,381626,I,D,43,Finanzexperten,6630,381626,388256,29,20+21+22+23+24+25+29+30+41+43+44+46+47+48+51,1,388256,392171,I,43+44+45+46,"_warnen,_dass_",True,False,False,2,False,False,False,2,2,False,False,False,2,2,2,False,Finanzexperten,1.0,100.0
SG12,P10_T2,P10,25,1638,388256,392171,I,D,43+44+45+46,"_warnen,_dass_",1701,392171,393872,7,31+32+41,0,393872,401095,I,47+48+49+50+51+52,die_Preise_weiter_steigen_werden_und_,False,False,False,2,False,False,False,2,2,False,False,False,2,2,2,False,"Finanzexperten warnen , dass",1.0,92.0
SG12,P10_T2,P10,26,1638,393872,401095,I,D,47+48+49+50+51+52,die_Preise_weiter_steigen_werden_und_,2542,401095,403637,13,32+33+35+151+152+154,0,403637,408255,C,53+54+55,es_somit_der_Ban[naB,False,False,False,2,False,False,False,2,2,False,False,False,2,2,2,False,die Preise weiter steigen werden und,1.0,100.0
SG12,P10_T2,P10,27,1638,403637,408255,C,D,53+54+55,es_somit_der_Ban[naB,8674,408255,416929,34,5+20+21+22+23+25+29+30+32+34+35+36+39+40+41+49+50+53+54+55+60+85+86+105+106+107+108,6,416929,421515,C,56+57+58,Banl_[_l]k_von_England_,False,False,False,2,False,False,False,2,2,False,False,False,2,2,2,False,es somit der,1.0,100.0
SG12,P10_T2,P10,28,1638,416929,421515,C,D,56+57+58,Banl_[_l]k_von_England_,62245,421515,483760,325,0+1+2+3+4+5+6+9+10+11+12+13+14+15+17+18+19+20+22+23+24+25+29+30+32+33+34+36+38+39+40+41+46+47+48+49+50+51+52+53+54+55+56+57+58+59+60+62+63+64+65+67+68+69+70+71+72+73+81+82+85+86+87+88+89+90+91+92+93+94+105+106+107+113+116+118+126+130+131+132+133+134+135+136+137+138+139+141+142+143+151+152,14,483760,485132,I,59+60,schwer_machen,False,False,False,2,False,False,False,2,2,False,False,False,2,2,2,False,Bank von England,1.0,100.0
SG12,P10_T2,P10,29,1638,483760,485132,I,D,59+60,schwer_machen,3542,485132,488674,23,6+12+13+18+19+20+21+39+40+41+50+54+57+58+60+62+63+64+93+94+126,3,488674,493931,C,60+61+62+63+64+65,"m_[_m],_die_Zinsen_zu_senken",True,False,False,2,True,False,False,1,2,True,False,False,1,2,2,False,schwer machen,1.0,100.0
SG12,P10_T2,P10,30,1638,488674,493931,C,D,60+61+62+63+64+65,"m_[_m],_die_Zinsen_zu_senken",2090,493931,496021,15,6+10+21+54+60+62+63+67+68+69+70+71+72+73+112+114+116,5,496021,496068,I,66,",_",False,False,False,2,False,False,False,2,2,False,False,False,2,2,2,False,"machen , die Zinsen zu senken",1.0,100.0
SG12,P10_T2,P10,31,1638,496021,496068,I,D,66,",_",5398,496068,501466,35,7+8+10+20+21+24+32+33+34+42+43+44+46+47+48+51,0,501466,504336,C,67,das[s]_,False,False,False,2,False,False,False,2,2,False,False,False,2,2,2,False,",",,
SG12,P10_T2,P10,32,1638,501466,504336,C,D,67,das[s]_,8440,504336,512776,48,14+15+18+19+20+21+22+23+24+25+29+30+35+36+42+43+44+53+59+62+63+67+68+69+70+71+72+73+75+76+77+85+86,1,512776,512776,I,68,s,False,False,False,2,False,False,False,2,2,False,False,False,2,2,2,False,da,1.0,100.0
SG12,P10_T2,P10,33,1638,512776,512776,I,D,68,s,3291,512776,516067,11,62+63+67+68+69+70+71+72+73+83,4,516067,530482,C,68+69+70+71+72+73+74+75+76+77,"ie_bereits_damit_u[u]zu_kämpfen_hat,_die_Inflation_und_",True,False,False,2,True,False,False,1,2,True,False,False,1,2,2,False,sie,,
SG12,P10_T2,P10,34,1638,516067,530482,C,D,68+69+70+71+72+73+74+75+76+77,"ie_bereits_damit_u[u]zu_kämpfen_hat,_die_Inflation_und_",2449,530482,532931,9,51+52+53+85+86+89,0,532931,535536,I,78+79,die_Wirtschaft_,False,False,False,2,False,False,False,2,2,False,False,False,2,2,2,False,"sie bereits damit zu kämpfen hat , die Inflation und",1.0,98.0
SG12,P10_T2,P10,35,1638,532931,535536,I,D,78+79,die_Wirtschaft_,2247,535536,537783,16,18+19+35+47+48+49+51+69+70+71+72+73+75+76+77+78+79+142,5,537783,543399,C,80+81+82+83,under[red]ter_Kontrolle_zu_behalten,False,False,False,2,False,False,False,2,2,False,False,False,2,2,2,False,die Wirtschaft,1.0,100.0
SG12,P10_T2,P10,36,1638,537783,543399,C,D,80+81+82+83,under[red]ter_Kontrolle_zu_behalten,2137,543399,545536,13,55+56+59+62+63+75+76+78,0,545536,545630,I,84,._,False,False,False,2,False,False,False,2,2,False,False,False,2,2,2,False,unter Kontrolle zu behalten,1.0,100.0
SG12,P10_T2,P10,37,1638,545536,545630,I,D,84,._,8970,545630,554600,50,1+2+6+18+19+20+21+50+54+55+56+59+60+62+63+64+65+68+69+70+71+72+73+85+86+89+91+92,0,554600,556394,I,85+86,Schlimmer_noch,False,False,False,2,False,False,False,2,2,False,False,False,2,2,2,False,.,,
SG12,P10_T2,P10,38,1638,554600,556394,I,D,85+86,Schlimmer_noch,2293,556394,558687,13,58+65+85+86+89+92,3,558687,570434,I,87+88+89+90+91+92+93+94,",_die_steigenden_Preise_kommen_vor_den_Gehalt",False,False,False,2,False,False,False,2,2,False,False,False,2,2,2,False,Schlimmer noch,1.0,100.0
SG12,P10_T2,P10,39,1638,558687,570434,I,D,87+88+89+90+91+92+93+94,",_die_steigenden_Preise_kommen_vor_den_Gehalt",2776,570434,573210,14,88+90+91+92+93+94,14,573210,586190,C,90+91+94+95+96+97+98+99,"[mmok]geschehserhöhungen,_besonders_denen_von_Kranken",True,False,False,2,True,False,False,1,2,True,False,False,1,2,2,False,", die steigenden Preise geschehen vor den Gehaltserhöhungen",1.0,84.0
SG12,P10_T2,P10,40,1638,573210,586190,C,D,90+91+94+95+96+97+98+99,"[mmok]geschehserhöhungen,_besonders_denen_von_Kranken",3869,586190,590059,23,81+99+100+101+102+142,21,590059,591884,I,99,schwestern,True,False,False,2,False,False,False,2,2,False,False,False,2,2,2,False,"Preise geschehen Gehaltserhöhungen , besonders denen von Krankenschwestern",1.0,91.0
SG12,P10_T2,P10,41,1638,590059,591884,I,D,99,schwestern,4196,591884,596080,28,54+60+78+82+83+85+86+96+97+98+99+100+101+102,10,596080,599325,I,100+101+102+99,_und_-pf,True,False,False,2,False,False,False,2,2,False,False,False,2,2,2,False,Krankenschwestern,1.0,100.0
SG12,P10_T2,P10,42,1638,596080,599325,I,D,100+101+102+99,_und_-pf,2028,599325,601353,20,85+86+89+99+100+101+102+105+106+107+115+126+141+143,11,601353,604364,C,102,legenr[rn]rn,True,False,False,2,True,False,False,1,2,True,False,False,1,2,2,False,und - pflegern Krankenschwestern,1.0,86.0
SG12,P10_T2,P10,43,1638,601353,604364,C,D,102,legenr[rn]rn,1950,604364,606314,15,91+96+98+99+100+101+102+105+106+107+110+141+143,4,606314,610932,C,102+103+104,_si[i]owie_anderen,True,False,False,2,True,False,False,1,2,True,False,False,1,2,2,False,pflegern,1.0,100.0
SG12,P10_T2,P10,44,1638,606314,610932,C,D,102+103+104,_si[i]owie_anderen,41621,610932,652553,211,2+3+4+5+7+8+10+11+12+15+32+38+39+41+49+54+55+56+57+58+59+60+80+85+86+88+89+90+91+99+100+101+102+104+105+106+107+108+111+112+113+115+116+127+128+142+149+150+152+153+154,37,652553,652553,I,104,_,True,False,False,2,False,False,False,2,2,True,True,False,1,1,2,False,pflegern sowie anderen,1.0,100.0
SG12,P10_T2,P10,45,1638,652553,652553,I,D,104,_,2948,652553,655501,19,59+69+70+71+72+73+85+86+99+100+101+102+104+111+119+121+123+124,5,655501,660509,I,104+106+107+108,"Menschen,_die_in_der_Gesundheits",True,False,False,2,False,False,False,2,2,True,True,False,1,1,2,False,anderen,,
SG12,P10_T2,P10,46,1638,655501,660509,I,D,104+106+107+108,"Menschen,_die_in_der_Gesundheits",3010,660509,663519,21,104+105+106+107+108,21,663519,667747,I,108,pflege_tätig_sind,True,False,False,2,False,False,False,2,2,True,True,False,1,1,2,False,anderen aus der Gesundheitspflege,0.0,59.0
SG12,P10_T2,P10,47,1638,663519,667747,I,D,108,pflege_tätig_sind,6676,667747,674423,52,78+93+94+104+105+106+107+108,24,674423,676062,C,108,[tätig_]beschäftigt_,True,True,True,1,True,False,False,1,2,True,True,False,1,1,2,False,Gesundheitspflege,0.0,35.0
SG12,P10_T2,P10,48,1638,693846,695156,D,D,108,[beschäftigt_sind_,4758,695156,699914,26,21+56+58+62+63+65+77+79+91+92+93+94,0,699914,701038,I,109+110,",_die_",False,False,False,2,False,False,False,2,2,False,False,False,2,2,2,False,Gesundheitspflege,0.0,24.0
SG12,P10_T2,P10,49,1638,699914,701038,I,D,109+110,",_die_",6552,701038,707590,31,85+86+87+93+94+95+96+97+99+100+101+102+105+106+107+108+109+111,1,707590,713736,C,110+111+116+117+118+119+129,"darunter_[_]_leiden_mussten,_dass_die_",True,False,False,2,True,False,False,1,2,True,False,False,1,2,2,False,", die",1.0,100.0
SG12,P10_T2,P10,50,1638,707590,713736,C,D,110+111+116+117+118+119+129,"darunter_[_]_leiden_mussten,_dass_die_",3183,713736,716919,32,54+55+60+78+79+93+94+95+96+110+111+117+119,9,716919,717340,D,110,[rad,True,False,False,2,True,False,False,1,2,True,False,False,1,2,2,False,"die unter leiden mussten , dass erhalten",1.0,88.0
SG12,P10_T2,P10,51,1638,716919,717340,D,D,110,[rad,1747,717340,719087,19,93+94+95+96+111,0,719087,725795,C,112+113+114+115,der_Engt[tg]tscheidung_der_Regierung_,False,False,False,2,False,False,False,2,2,False,False,False,2,2,2,False,die,0.0,33.0
SG12,P10_T2,P10,52,1638,719087,725795,C,D,112+113+114+115,der_Engt[tg]tscheidung_der_Regierung_,4836,725795,730631,33,0+83+85+86+93+94+96+99+100+101+102+116+119+120+121+122+123+137+140+142+144+145+146,0,730631,742487,C,119+120+121+122+123+124,[eid]die_Bescha[a]äftige[e]ten_des_o[o]öffentlichen_Sektors,False,False,False,2,False,False,False,2,2,False,False,False,2,2,2,False,der Entscheidung der Regierung,1.0,100.0
SG12,P10_T2,P10,53,1638,730631,742487,C,D,119+120+121+122+123+124,[eid]die_Bescha[a]äftige[e]ten_des_o[o]öffentlichen_Sektors,3697,742487,746184,37,85+86+105+106+107+108+115+120+122+123+124+125+126+129+141+142+143,15,746184,746184,I,124,_,True,False,False,2,False,False,False,2,2,True,False,False,1,2,2,False,dass die Beschäftigten des öffentlichen Sektors,1.0,100.0
SG12,P10_T2,P10,54,1638,746184,746184,I,D,124,_,1810,746184,747994,4,105+106+107+109+110,0,747994,756792,I,126+127+128,Gehaltserhöhungen_unter_Inflationsniveau,False,False,False,2,False,False,False,2,2,True,False,False,1,2,2,False,Sektors,,
SG12,P10_T2,P10,55,1638,747994,756792,I,D,126+127+128,Gehaltserhöhungen_unter_Inflationsniveau,6319,756792,763111,47,6+49+52+55+56+62+63+68+75+76+77+78+79+80+83+95+96+97+99+100+101+102+103+105+106+107+110+116+117+127+128+131+137+139,6,763111,765373,I,128+129,_erhalten,True,False,False,2,False,False,False,2,2,False,False,False,2,2,2,False,Gehaltserhöhungen unter Inflationsniveau,1.0,100.0
SG12,P10_T2,P10,56,1638,763111,765373,I,D,128+129,_erhalten,7160,765373,772533,76,88+90+91+92+93+94+95+96+97+98+99+100+101+102+105+106+107+108+111+113+116+117+119+123+124+126+127+128+129+154,8,772533,772533,I,129,_,True,False,False,2,False,False,False,2,2,True,False,False,1,2,2,False,Inflationsniveau erhalten,1.0,100.0
SG12,P10_T2,P10,57,1638,772533,772533,I,D,129,_,4259,772533,776792,25,18+19+20+114+115+116+122+123+124+125+126+154,0,776792,781222,C,124+125,n[n]ausschließlich_,False,False,False,2,False,False,False,2,2,True,False,False,1,2,2,False,erhalten,,
SG12,P10_T2,P10,58,1638,776792,781222,C,D,124+125,n[n]ausschließlich_,2325,781222,783547,15,126+127+128+129+130,0,783547,787025,C,129+130,[_].[._]._,False,False,False,2,False,False,False,2,2,False,False,False,2,2,2,False,Sektors ausschließlich,1.0,100.0
SG12,P10_T2,P10,59,1638,783547,787025,C,D,129+130,[_].[._]._,4322,787025,791347,45,18+19+20+56+57+58+83+85+86+99+100+101+102+111+112+113+115+117+127+128,0,791347,793187,I,131,Zu_,False,False,False,2,False,False,False,2,2,False,False,False,2,2,2,False,erhalten .,,
SG12,P10_T2,P10,60,1638,791347,793187,I,D,131,Zu_,6693,793187,799880,26,58+97+116+123+126+127+128+129+130+131+137+139,3,799880,810270,I,132+133+134+135+136+137+138,den_steigenden_Preisen_für_Benzin_und_Lebensmittel_,False,False,False,2,False,False,False,2,2,False,False,False,2,2,2,False,Zu,1.0,100.0
SG12,P10_T2,P10,61,1638,799880,810270,I,D,132+133+134+135+136+137+138,den_steigenden_Preisen_für_Benzin_und_Lebensmittel_,2730,810270,813000,24,5+32+33+35+93+94+113+115+119+121+131+138+139,8,813000,816650,I,139+140+141,kommen_auch_die_der_,False,False,False,2,False,False,False,2,2,False,False,False,2,2,2,False,den steigenden Preisen für Benzin und Lebensmittel,1.0,100.0
SG12,P10_T2,P10,62,1638,813000,816650,I,D,139+140+141,kommen_auch_die_der_,1841,816650,818491,14,127+128+141+143+154,10,818491,824981,C,141+142+143+144,[_red]steigenden_Stromrechnungen.,True,True,True,1,True,False,False,1,2,True,True,False,1,1,2,False,kommen auch die,1.0,100.0
SG12,P10_T2,P10,63,1638,826743,826743,I,D,144,_,3339,826743,830082,22,93+94+119+123+124+125+126+127+128+140+141+143+144+145+151+153,1,830082,837929,I,145+146+147+148+149,Fünf_der_sechs_größten_Strom,False,False,False,2,False,False,False,2,2,False,False,False,2,2,2,False,.,,
SG12,P10_T2,P10,64,1638,830082,837929,I,D,145+146+147+148+149,Fünf_der_sechs_größten_Strom,1684,837929,839613,8,146+147+148+149,8,839613,844777,I,149+150+151+152,anbieter_haben_ihre_Preise_,True,False,False,2,False,False,False,2,2,False,False,False,2,2,2,False,Fünf der sechs größten Stromanbieter,1.0,100.0
SG12,P10_T2,P10,65,1638,839613,844777,I,D,149+150+151+152,anbieter_haben_ihre_Preise_,3635,844777,848412,30,85+86+121+122+132+133+134+135+136+137+150+151+152,18,848412,849441,I,153,erhöht,False,False,False,2,False,False,False,2,2,True,False,False,1,2,2,False,Stromanbieter haben ihre Kundenpreise,1.0,81.0
SG12,P10_T2,P10,66,1638,848412,849441,I,D,153,erhöht,1810,849441,851251,13,5+15+33+50+51+69+70+71+72+73+105+106+107+123+138+153,3,851251,851251,I,154,.,False,False,False,2,False,False,False,2,2,False,False,False,2,2,2,False,erhöht,1.0,100.0
SG12,P10_T2,P10,67,1638,851251,851251,I,D,154,.,20998,851251,872249,166,2+3+4+5+6+9+10+15+32+33+37+38+41+54+55+56+57+58+60+62+63+64+65+85+86+89+93+94+105+106+107+108+121+131+137+138+139+140+141+143+150+151+152+153+154,7,872249,876664,C,151+152,[P]Kundenü[ü]p,False,False,False,2,False,False,False,2,2,False,False,False,2,2,2,False,.,,
SG12,P10_T4,P10,68,2248,147998,158669,C,D,1+2+3+4,Au[uA]Auch_wenn_die_Entwicklungsländer,3323,158669,161992,12,3+4+5+6+7,7,161992,161992,I,4,_,True,False,False,2,False,False,False,2,2,False,False,False,2,2,2,False,Auch wenn die Entwicklungsländer,1.0,100.0
SG12,P10_T4,P10,69,2248,161992,161992,I,D,4,_,3385,161992,165377,17,1+2+3+4+5+73+105+106+107+108+112,4,165377,169230,I,5,verständlicherweise_,False,False,False,2,False,False,False,2,2,False,False,False,2,2,2,False,Entwicklungsländer,,
SG12,P10_T4,P10,70,2248,165377,169230,I,D,5,verständlicherweise_,25709,169230,194939,134,1+2+3+4+5+6+7+8+9+10+11+22+23+29+30+35+49+50+51+54+55+74+82+93+94+95,38,194939,203925,I,10+6+7+8+9,nur_ungern_einen_Kompromiss_bei_,False,False,False,2,False,False,False,2,2,False,False,False,2,2,2,False,verständlicherweise,1.0,100.0
SG12,P10_T4,P10,71,2248,194939,203925,I,D,10+6+7+8+9,nur_ungern_einen_Kompromiss_bei_,4524,203925,208449,23,3+4+8+9+10+11+12+14+17+18+19+20+22+23+26+27+43+46+47+74,7,208449,209197,I,22,eingehen,False,False,False,2,False,False,False,2,2,False,False,False,2,2,2,False,bei nur ungern einen Kompromiss,1.0,87.0
SG12,P10_T4,P10,72,2248,208449,209197,I,D,22,eingehen,7738,209197,216935,38,8+9+10+11+12+19+20+22+23+32+34+53+95+96+102,20,216935,229025,I,11+12+13+14+15,"ihren_Möglichkeiten,_bessere_Lebensstandards_",False,False,False,2,False,False,False,2,2,False,False,False,2,2,2,False,eingehen,1.0,100.0
SG12,P10_T4,P10,73,2248,216935,229025,I,D,11+12+13+14+15,"ihren_Möglichkeiten,_bessere_Lebensstandards_",3120,229025,232145,23,1+2+3+4+8+9+10+14+19+20+22+23,2,232145,232145,I,15,f,True,False,False,2,False,False,False,2,2,True,False,False,1,2,2,False,"ihren Möglichkeiten , bessere Lebensstandards",1.0,98.0
SG12,P10_T4,P10,74,2248,232145,232145,I,D,15,f,2418,232145,234563,12,1+2+3+4+6+7+8+9+10+22+23+109,0,234563,234563,D,15,[f,True,False,False,2,True,False,False,1,2,True,False,False,1,2,2,False,Lebensstandards,,
SG12,P10_T4,P10,75,2248,234563,234563,D,D,15,[f,4914,234563,239477,17,3+4+8+9+10+17+18+22+23+26+27+33+44+45,0,239477,242005,I,16+17+18,für_die_Armen,False,False,False,2,False,False,False,2,2,False,False,False,2,2,2,False,Lebensstandards,0.0,0.0
SG12,P10_T4,P10,76,2248,239477,242005,I,D,16+17+18,für_die_Armen,5522,242005,247527,28,3+4+6+7+8+9+10+11+12+22+23+32+34,0,247527,248135,I,18+19,_zu_,True,False,False,2,False,False,False,2,2,False,False,False,2,2,2,False,für die Armen,1.0,100.0
SG12,P10_T4,P10,77,2248,247527,248135,I,D,18+19,_zu_,3729,248135,251864,16,3+4+5+84+85+86+88+89+90+91,0,251864,253611,I,20+21,"erreichen,_",False,False,False,2,False,False,False,2,2,False,False,False,2,2,2,False,Armen zu,1.0,100.0
SG12,P10_T4,P10,78,2248,251864,253611,I,D,20+21,"erreichen,_",6084,253611,259695,34,5+6+7+25+29+30+31+32+33+34+35+44+45+49+50+51+94+104+105+106+107+108+112+113,0,259695,260522,I,24+28,",_darf_",False,False,False,2,False,False,False,2,2,False,False,False,2,2,2,False,"erreichen ,",1.0,90.0
SG12,P10_T4,P10,79,2248,259695,260522,I,D,24+28,",_darf_",7441,260522,267963,35,3+4+5+6+7+24+28+29+30+31+32+33+34+35+49+50+51+74+105+106+107+108+112+113,2,267963,287042,C,28+29+30+31+32+35+36,der_Kampf_gegen_den_Ki[i]limawandel_nicht_die_beeinträchtigen.,True,False,False,2,True,False,False,1,2,True,True,False,1,1,2,False,", gegen",0.0,33.0
SG12,P10_T4,P10,80,2248,267963,287042,C,D,28+29+30+31+32+35+36,der_Kampf_gegen_den_Ki[i]limawandel_nicht_die_beeinträchtigen.,6006,287042,293048,20,8+9+10+22+23+29+30+32+33+34+35+113,7,293048,298446,I,33+34,wirtschaftliche_Entwicklung_,False,False,False,2,False,False,False,2,2,True,True,False,1,1,2,False,gegen den Klimawandel nicht die beeinträchtigen .,1.0,98.0
SG12,P10_T4,P10,81,2248,293048,298446,I,D,33+34,wirtschaftliche_Entwicklung_,5023,298446,303469,33,1+2+3+4+5+6+7+8+9+10+11+12+19+20+22+23+29+30+32+33+34+36+104+113,3,303469,303469,I,36,_,False,False,False,2,False,False,False,2,2,False,False,False,2,2,2,False,wirtschaftliche Entwicklung,1.0,100.0
SG12,P10_T4,P10,82,2248,303469,303469,I,D,36,_,89278,303469,392747,447,1+2+3+4+5+6+7+8+9+10+11+12+14+17+18+19+20+22+23+24+25+26+27+28+29+30+31+32+33+34+35+36+37+38+39+40+44+45+49+50+51+53+54+58+62+64+65+66+67+72+73+75+78+82+84+85+86+88+89+90+91+93+94+104+105+106+107+108+109+110+111+112,7,392747,393575,C,28,[darf_]muss_,False,True,False,2,False,False,False,2,2,False,False,False,2,2,2,False,.,,
SG12,P10_T4,P10,83,2248,420423,422747,I,D,31,zwangsläufig_,18970,422747,441717,96,1+2+3+4+5+8+9+10+14+15+16+17+19+20+22+23+25+26+27+28+29+30+31+32+33+34+35+36+37+38+39+44+45+49+50+51+55+72+74+76,5,441717,444743,C,37+39,Es_werdeb_[_b,False,False,False,2,False,False,False,2,2,False,False,False,2,2,2,False,nicht,0.0,20.0
SG12,P10_T4,P10,84,2248,441717,444743,C,D,37+39,Es_werdeb_[_b,2262,444743,447005,8,5+6+7+8+9+10+22+23+37+38,2,447005,449330,I,39,n_Anreize,True,False,False,2,False,False,False,2,2,True,True,False,1,1,2,False,Es Anreize,0.0,50.0
SG12,P10_T4,P10,85,2248,447005,449330,I,D,39,n_Anreize,9359,449330,458689,50,5+6+7+8+9+10+16+18+19+20+22+23+28+29+30+32+33+34+36+37+38+44+45+49+50+51+66+68+82+93+113,0,458689,463323,C,38+39+40+41,[werden_]müssen__geschaffen_werden,True,True,True,1,True,False,False,1,2,True,True,False,1,1,2,False,Anreize,1.0,100.0
SG12,P10_T4,P10,86,2248,467410,480873,C,D,42+43+44+45+46+47+48,",_die_die_Entwicklungslö[ö]änder_dazu_veranlassen,_",74116,480873,554989,491,1+2+3+4+5+6+7+8+9+10+11+12+15+17+18+19+20+22+23+24+25+26+27+28+29+30+31+32+33+34+37+38+39+40+41+43+44+45+46+47+49+50+51+52+58+62+63+66+71+72+73+74+75+84+85+86+88+89+90+91+94+104+105+106+107+108+109+110+111+112,10,554989,555567,I,49,auf_,False,False,False,2,False,False,False,2,2,False,False,False,2,2,2,False,", die die Entwicklungsländer dazu veranlassen ,",1.0,98.0
SG12,P10_T4,P10,87,2248,554989,555567,I,D,49,auf_,5881,555567,561448,15,1+2+3+4+17+73+74+75+110+111,0,561448,566143,C,49+50,Grun[nu]ün_ums[s]zustellen,True,False,False,2,True,False,False,1,2,True,True,True,1,1,1,False,Grün,0.0,0.0
SG12,P10_T4,P10,88,2248,561448,566143,C,D,49+50,Grun[nu]ün_ums[s]zustellen,3604,566143,569747,26,3+4+16+49+50+51+64+65+67+111,11,569747,572383,C,49+50+51,[auf_umzustellen]zu_sehen,True,True,True,1,True,True,True,1,1,True,True,True,1,1,1,False,Grün zu,1.0,86.0
SG12,P10_T4,P10,89,2248,574973,575800,I,D,51+52,_und_,34367,575800,610167,240,1+2+3+4+5+6+7+8+9+10+17+18+19+20+22+23+25+28+31+32+34+35+37+38+39+40+41+43+44+45+46+47+49+50+51+52+53+54+55+63+73+74+75+84+85+86+88+89+90+91+94+105+106+107+108+112+113,12,610167,614769,I,53+54,saubere_Technologien_,False,False,False,2,False,False,False,2,2,False,False,False,2,2,2,False,sehen und,1.0,100.0
SG12,P10_T4,P10,90,2248,610167,614769,I,D,53+54,saubere_Technologien_,2839,614769,617608,16,37+38+52+53+54+55+75+93+94,7,617608,619090,I,55,einzusetzen,False,False,False,2,False,False,False,2,2,False,False,False,2,2,2,False,saubere Technologien,1.0,100.0
SG12,P10_T4,P10,91,2248,617608,619090,I,D,55,einzusetzen,18642,619090,637732,112,1+2+3+4+5+6+7+8+9+10+11+12+14+15+16+17+18+19+20+22+23+28+29+30+31+32+34+35+37+38+39+40+41+49+50+51+54+55+66+82+93+109,1,637732,637795,I,56,",_",False,False,False,2,False,False,False,2,2,False,False,False,2,2,2,False,einzusetzen,1.0,100.0
SG12,P10_T4,P10,92,2248,637732,637795,I,D,56,",_",8783,637795,646578,44,1+2+3+4+5+6+7+8+9+10+11+12+14+15+16+18+19+20+22+23+24+26+27+28+35+39+40,0,646578,651570,I,57+58+59,und_die_ebenfalls,False,False,False,2,False,False,False,2,2,False,False,False,2,2,2,False,",",,
SG12,P10_T4,P10,93,2248,646578,651570,I,D,57+58+59,und_die_ebenfalls,5319,651570,656889,40,1+2+3+4+5+14+17+18+19+20+33+37+38+39+40+57+95,1,656889,665157,C,59+60+61+62+63+67,"da[ad]_dabei_helfen_können,_",True,False,False,2,True,False,False,1,2,True,False,False,1,2,2,False,und die ebenfalls,1.0,100.0
SG12,P10_T4,P10,94,2248,656889,665157,C,D,59+60+61+62+63+67,"da[ad]_dabei_helfen_können,_",6537,665157,671694,53,0+8+9+10+12+17+18+22+23+26+27+28+29+30+31+37+38+40+41+43+44+45+46+47+49+50+51+58+62+72+93,2,671694,681069,C,68+69+70+71,En[n]mission_der_Entwaldung_zu_reduzieren.,False,False,False,2,False,False,False,2,2,True,False,False,1,2,2,False,"ebenfalls dabei helfen können , hervorgehende",1.0,95.0
SG12,P10_T4,P10,95,2248,671694,681069,C,D,68+69+70+71,En[n]mission_der_Entwaldung_zu_reduzieren.,6022,681069,687091,52,31+32+33+34+40+43+44+45+46+47+55+56+58+59+62+63+69+70,4,687091,692707,I,63+64+65+67,_aus_der_hervorgehenden,False,False,False,2,False,False,False,2,2,True,False,False,1,2,2,False,Emissionen zu reduzieren .,0.0,65.0
SG12,P10_T4,P10,96,2248,687091,692707,I,D,63+64+65+67,_aus_der_hervorgehenden,4649,692707,697356,40,15+17+18+32+33+34+39+41+43+44+45+46+47+49+50+51+52+53+83,0,697356,698916,C,67+68,[n]en,True,False,False,2,True,False,False,1,2,True,False,False,1,2,2,False,", aus der hervorgehende",1.0,95.0
SG12,P10_T4,P10,97,2248,697356,698916,C,D,67+68,[n]en,3120,698916,702036,13,53+54+69+70+105+106+107+108+112,0,702036,703097,D,69,[Entwaldung_der_,False,False,False,2,False,False,False,2,2,False,False,False,2,2,2,False,hervorgehende Emissionen,1.0,100.0
SG12,P10_T4,P10,98,2248,702036,703097,D,D,69,[Entwaldung_der_,19593,703097,722690,121,0+1+2+3+4+5+6+7+26+27+28+29+30+31+32+34+35+37+38+39+40+43+44+45+46+47+49+50+51+53+54+55+58+60+61+62+63+64+65+67+68+69+70+71+79+81+82+84+85+86+88+89+90+91+93+109,5,722690,724344,I,66,Entwaldung_,False,False,False,2,False,False,False,2,2,False,False,False,2,2,2,False,zu,0.0,50.0
SG12,P10_T4,P10,99,2248,722690,724344,I,D,66,Entwaldung_,47612,724344,771956,249,3+4+5+6+7+19+20+24+25+26+27+29+30+31+32+33+34+35+37+38+39+40+41+44+45+49+50+51+52+53+54+55+56+57+58+59+62+64+65+66+67+68+71+72+73+74+75+78+82+84+85+86+88+89+90+91+94+104+105+106+107+108+110+111+112,13,771956,774389,I,71+73,_Manche_der_,False,False,False,2,False,False,False,2,2,False,False,False,2,2,2,False,Entwaldung,1.0,100.0
SG12,P10_T4,P10,100,2248,771956,774389,I,D,71+73,_Manche_der_,17269,774389,791658,88,3+4+5+6+7+8+9+10+22+23+24+28+32+34+37+38+39+44+45+49+50+51+52+54+55+58+62+64+65+67+68+69+70+71+72+74+94+96+97+98+102+105+106+107+108+112,5,791658,798320,C,72+74+75,schwächsten_Länder[Manche_]Einige_,False,True,False,2,False,False,False,2,2,False,False,False,2,2,2,False,. der,1.0,80.0
SG12,P10_T4,P10,101,2248,791658,798320,C,D,72+74+75,schwächsten_Länder[Manche_]Einige_,2979,798320,801299,17,49+50+51+52+53+55+57+59+74+75,4,801299,802937,I,75+76+77,_der_Welt,True,False,False,2,False,False,False,2,2,False,False,False,2,2,2,False,Einige schwächsten Länder,0.0,71.0
SG12,P10_T4,P10,102,2248,801299,802937,I,D,75+76+77,_der_Welt,2418,802937,805355,12,44+45+60+61+75+76+77+78+79+82+96+102,5,805355,807539,I,77+78,_haben,True,False,False,2,False,False,False,2,2,False,False,False,2,2,2,False,Länder der Welt,1.0,100.0
SG12,P10_T4,P10,103,2248,805355,807539,I,D,77+78,_haben,7192,807539,814731,47,29+30+39+40+43+44+45+46+47+49+50+51+53+54+55+56+57+58+62+64+65+66+67+72+74+77+82+93+94,2,814731,814731,I,78,_,True,False,False,2,False,False,False,2,2,True,False,False,1,2,2,False,Welt haben,1.0,100.0
SG12,P10_T4,P10,104,2248,814731,814731,I,D,78,_,4883,814731,819614,30,1+2+3+4+6+7+8+9+10+22+23+26+27+29+30+31+43+44+45+46+47+49+50+51+53+54+56+57+58+62+77,0,819614,833654,C,78+79+80+81+82,se[es]wenig_zum_Ki[i]kl[lk]limal[l]wandel_beigetragen,True,False,False,2,True,False,False,1,2,True,False,False,1,2,2,False,haben,,
SG12,P10_T4,P10,105,2248,819614,833654,C,D,78+79+80+81+82,se[es]wenig_zum_Ki[i]kl[lk]limal[l]wandel_beigetragen,4087,833654,837741,39,16+17+18+28+37+38+44+45+49+50+51+52+53+66+72+73+82+83+111,6,837741,850393,I,83+84+85+86+87+88+89+90+91+92,",_bekommen_in_nun_jedoch_am_stärksten_zu_spüren._",False,False,False,2,False,False,False,2,2,False,False,False,2,2,2,False,haben wenig zum Klimawandel beigetragen,1.0,100.0
SG12,P10_T4,P10,106,2248,837741,850393,I,D,83+84+85+86+87+88+89+90+91+92,",_bekommen_in_nun_jedoch_am_stärksten_zu_spüren._",3572,850393,853965,15,93+94+95+96+99+100+102,0,853965,862202,I,93+94,EntwicklungsländerBesonders_,False,False,False,2,False,False,False,2,2,False,False,False,2,2,2,False,", bekommen ihn nun jedoch am stärksten zu spüren .",1.0,98.0
SG12,P10_T4,P10,107,2248,853965,862202,I,D,93+94,EntwicklungsländerBesonders_,3463,862202,865665,21,54+55+74+75+78+79+93+94+95+96+97+99+102,3,865665,877131,I,100+101+102+103+94+95+96+97+98,_müssen_sich_an_die_des_Klimawandels_anpassen.,True,False,False,2,False,False,False,2,2,False,False,False,2,2,2,False,Besonders Entwicklungsländer,0.0,67.0
SG12,P10_T4,P10,108,2248,865665,877131,I,D,100+101+102+103+94+95+96+97+98,_müssen_sich_an_die_des_Klimawandels_anpassen.,12262,877131,889393,78,0+52+64+65+67+78+82+84+85+86+87+88+89+90+91+95+96+97+98+100+101+102+103+104+110+111+113,45,889393,890189,I,99,Folgen_,False,False,False,2,False,False,False,2,2,False,False,False,2,2,2,False,des Klimawandels anpassen . Entwicklungsländer müssen sich an die,0.0,58.0
SG12,P10_T4,P10,109,2248,889393,890189,I,D,99,Folgen_,4945,890189,895134,38,19+20+40+54+69+70+84+85+86+88+89+90+91+95+96+97+99+101+102+103+105+106+107+108+110+111+112+113,1,895134,895134,I,103,_,False,False,False,2,False,False,False,2,2,False,False,False,2,2,2,False,Folgen,1.0,100.0
SG12,P10_T4,P10,110,2248,895134,895134,I,D,103,_,40560,895134,935694,240,1+2+3+4+5+8+9+10+15+16+22+23+25+28+29+30+32+33+34+40+43+44+45+46+47+52+64+65+66+67+68+72+73+74+79+82+84+85+86+87+88+89+90+91+93+94+95+96+97+98+101+102+103+104+105+106+107+108+109+110+111+112+113,4,935694,950187,C,104+105+106+107+108+109+110+111+112,Daher_ist_ein_Zisa[asi]usammenspiel_von_Anpassung_und_Schutz_notwendig,False,False,False,2,False,False,False,2,2,False,False,False,2,2,2,False,.,,
SG12,P10_T4,P10,111,2248,935694,950187,C,D,104+105+106+107+108+109+110+111+112,Daher_ist_ein_Zisa[asi]usammenspiel_von_Anpassung_und_Schutz_notwendig,3369,950187,953556,21,75+76+78+84+85+86+88+89+90+91+92+94+104+105+106+107+108+110+112+113,6,953556,953556,I,113,.,False,False,False,2,False,False,False,2,2,False,False,False,2,2,2,False,Daher ist ein Zusammenspiel von Anpassung und Schutz notwendig,1.0,100.0
SG12,P11_T4,P11,1,1904,49406,52183,I,D,1,Obwohl_,2589,52183,54772,0,,0,54772,58610,I,2,Entwicklungsländer,False,False,False,2,False,False,False,2,2,False,False,False,2,2,2,False,Obwohl,1.0,100.0
SG12,P11_T4,P11,2,1904,54772,58610,I,D,2,Entwicklungsländer,3525,58610,62135,16,2+3+4+56,9,62135,66878,I,2+3,_verständlicherweise,True,False,False,2,False,False,False,2,2,False,False,False,2,2,2,False,Entwicklungsländer,1.0,100.0
SG12,P11_T4,P11,3,1904,62135,66878,I,D,2+3,_verständlicherweise,4571,66878,71449,5,3+42+59,3,71449,73695,I,3+4,_zögern_,True,False,False,2,False,False,False,2,2,False,False,False,2,2,2,False,Entwicklungsländer verständlicherweise,1.0,100.0
SG12,P11_T4,P11,4,1904,71449,73695,I,D,3+4,_zögern_,7036,73695,80731,15,1+2+3+4+11+57,10,80731,90013,C,5+6+7,ihre_mÖ[Öm]Möglichkeiten_einen_,False,False,False,2,False,False,False,2,2,False,False,False,2,2,2,False,verständlicherweise zögern,1.0,100.0
SG12,P11_T4,P11,5,1904,80731,90013,C,D,5+6+7,ihre_mÖ[Öm]Möglichkeiten_einen_,2090,90013,92103,19,1+2+3+92+93+94+95+96+97+100,0,92103,101323,I,10+11+8+9,höheren_Lebensstandard_für_die_,False,False,False,2,False,False,False,2,2,False,False,False,2,2,2,False,ihre Möglichkeiten einen,1.0,100.0
SG12,P11_T4,P11,6,1904,92103,101323,I,D,10+11+8+9,höheren_Lebensstandard_für_die_,2558,101323,103881,11,2+3+4+6+7+9+37+38+39+59,2,103881,108015,I,12,Armen_dadurch_zu_verr,False,False,False,2,False,False,False,2,2,False,False,False,2,2,2,False,für die höheren Lebensstandard,0.0,73.0
SG12,P11_T4,P11,7,1904,103881,108015,I,D,12,Armen_dadurch_zu_verr,7878,108015,115893,38,3+4+5+6+7+8+9+12+15+16+25+26+27+59,7,115893,125129,C,12+13+14+15+16+17,"[rre#######rudad]zu_erreichen_zu_verringen[n]rn,",True,True,True,1,True,False,False,1,2,True,True,False,1,1,2,False,Armen,1.0,100.0
SG12,P11_T4,P11,8,1904,128108,128108,I,D,17,_,9953,128108,138061,19,1+2+3+4+13+14+18+24,0,138061,139496,I,18,müssen_,False,False,False,2,False,False,False,2,2,False,False,False,2,2,2,False,",",,
SG12,P11_T4,P11,9,1904,138061,139496,I,D,18,müssen_,11092,139496,150588,24,1+2+3+4+15+16+23+27+37+38+39+79,0,150588,152226,I,23+24,nicht_notwe,False,False,False,2,False,False,False,2,2,False,False,False,2,2,2,False,müssen,1.0,100.0
SG12,P11_T4,P11,10,1904,150588,152226,I,D,23+24,nicht_notwe,3104,152226,155330,13,18+23+24,13,155330,160198,I,24+25,ndigerweise_den_,True,False,False,2,False,False,False,2,2,False,False,False,2,2,2,False,nicht notwendigerweise,1.0,100.0
SG12,P11_T4,P11,11,1904,155330,160198,I,D,24+25,ndigerweise_den_,1996,160198,162194,5,4+5+18+24,1,162194,171258,C,25+26+27+28,Wi[iW_ne]as_WIrtschaftswachstum_gefährden.,True,True,True,1,True,False,False,1,2,True,True,False,1,1,2,False,notwendigerweise das,1.0,87.0
SG12,P11_T4,P11,12,1904,192162,199463,I,D,19+20+21+22,Maßnahmen_gegen_den_Klimawandel_,3931,199463,203394,4,25+26+27,0,203394,203769,C,26,[I]i,False,False,False,2,False,False,False,2,2,False,False,False,2,2,2,False,Maßnahmen gegen den Klimawandel,1.0,100.0
SG12,P11_T4,P11,13,1904,203394,203769,C,D,26,[I]i,5007,203769,208776,25,4+5+6+13+14+15+16+18+23+24+27+28+40+44+61,0,208776,208776,I,28,_,False,False,False,2,False,False,False,2,2,False,False,False,2,2,2,False,Wirtschaftswachstum,,
SG12,P11_T4,P11,14,1904,208776,208776,I,D,28,_,17145,208776,225921,38,1+2+3+4+8+17+18+19+22+23+24+27+29+30,0,225921,241318,C,29+30+31+32+33+34+35+36+37,"Den_Entwicklungsländern_müssen_Anreize_geboten_werden_[_],_damit_sie_",False,False,False,2,False,False,False,2,2,False,False,False,2,2,2,False,.,,
SG12,P11_T4,P11,15,1904,225921,241318,C,D,29+30+31+32+33+34+35+36+37,"Den_Entwicklungsländern_müssen_Anreize_geboten_werden_[_],_damit_sie_",13697,241318,255015,35,3+4+5+15+16+23+25+26+27+34+36+43,3,255015,263424,I,37+40+41+42+43,und_saubere_technologien_einführen,True,False,False,2,False,False,False,2,2,True,False,False,1,2,2,False,"Den Entwicklungsländern müssen Anreize geboten werden , damit sie",1.0,98.0
SG12,P11_T4,P11,16,1904,255015,263424,I,D,37+40+41+42+43,und_saubere_technologien_einführen,6739,263424,270163,24,6+7+8+9+13+14+25+26+27+32+36+37+38+39+41+47,4,270163,273298,C,37+40,"[dn],[,u],",True,False,False,2,True,False,False,1,2,True,False,False,1,2,2,False,"sie , saubere Technologien einführen",1.0,91.0
SG12,P11_T4,P11,17,1904,270163,273298,C,D,37+40,"[dn],[,u],",3027,273298,276325,7,27+41+42+47,0,276325,279897,C,41+42+43,[t]T_i[i,False,False,False,2,False,False,False,2,2,False,False,False,2,2,2,False,"sie ,",,
SG12,P11_T4,P11,18,1904,276325,279897,C,D,41+42+43,[t]T_i[i,5351,279897,285248,17,7+8+9+13+14+25+26+29+30+49+50+51,0,285248,288602,I,44+45,und_außerdem_,False,False,False,2,False,False,False,2,2,False,False,False,2,2,2,False,saubere Technologien einführen,0.0,40.0
SG12,P11_T4,P11,19,1904,285248,288602,I,D,44+45,und_außerdem_,15959,288602,304561,71,1+4+5+6+13+14+15+16+25+26+27+29+30+31+32+33+34+36+37+38+39+43+45+46+49+50+51+79,7,304561,311799,C,48+49,die_Emm[mmE]durcj[j]h_Defo,False,False,False,2,False,False,False,2,2,False,False,False,2,2,2,False,und außerdem,1.0,100.0
SG12,P11_T4,P11,20,1904,304561,311799,C,D,48+49,die_Emm[mmE]durcj[j]h_Defo,3947,311799,315746,16,29+30+49+50+51+73+76,4,315746,316277,D,49,[ofeD,True,False,False,2,True,False,False,1,2,True,False,False,1,2,2,False,die durch,1.0,100.0
SG12,P11_T4,P11,21,1904,315746,316277,D,D,49,[ofeD,11029,316277,327306,30,19+29+30+31+32+42+45+49+50+51+58+72+76+90+91+92+93+94,3,327306,328928,I,50,Abholzung_,False,False,False,2,False,False,False,2,2,False,False,False,2,2,2,False,durch,0.0,20.0
SG12,P11_T4,P11,22,1904,327306,328928,I,D,50,Abholzung_,1935,328928,330863,9,49+50+51+70+73+74+76,2,330863,334498,C,50,hervorgg[ggrovreh,True,False,False,2,True,False,False,1,2,True,False,False,1,2,2,False,Abholzung,1.0,100.0
SG12,P11_T4,P11,23,1904,330863,334498,C,D,50,hervorgg[ggrovreh,9048,334498,343546,8,49+51,0,343546,350800,C,51+52,hervorgerufenen_Emm[m]issionen_,False,False,False,2,False,False,False,2,2,False,False,False,2,2,2,False,Abholzung,0.0,33.0
SG12,P11_T4,P11,24,1904,343546,350800,C,D,51+52,hervorgerufenen_Emm[m]issionen_,4087,350800,354887,18,32+33+34+44+48+52+58+71+76+79+97,6,354887,357726,I,52+54+55,zu_verringern._,True,False,False,2,False,False,False,2,2,True,False,False,1,2,2,False,hervorgerufenen Emissionen,1.0,100.0
SG12,P11_T4,P11,25,1904,354887,357726,I,D,52+54+55,zu_verringern._,54819,357726,412545,196,2+3+4+5+6+15+16+18+19+20+21+22+23+24+25+26+27+31+32+36+37+38+39+48+49+50+51+52+53+54+55+56+57+58+73+74+75+78+79+80+83+85+88+90+91+92+93+94+95+96+97+98+99+101,14,412545,419066,I,38+39,grüner_werden,False,False,False,2,False,False,False,2,2,True,False,False,1,2,2,False,Emissionen verringern .,1.0,86.0
SG12,P11_T4,P11,26,1904,412545,419066,I,D,38+39,grüner_werden,8985,419066,428051,44,29+30+31+32+36+37+38+39+41+42+47+48+49+50+51+52+53+54+55+56+88,4,428051,428395,D,52,[uz_,False,False,False,2,False,False,False,2,2,False,False,False,2,2,2,False,grüner werden,1.0,100.0
SG12,P11_T4,P11,27,1904,428051,428395,D,D,52,[uz_,4134,428395,432529,14,7+9+15+16+25+26+48+49+50+51+52,4,432529,433917,I,46+47,helfen_,False,False,False,2,False,False,False,2,2,False,False,False,2,2,2,False,Emissionen,0.0,0.0
SG12,P11_T4,P11,28,1904,432529,433917,I,D,46+47,helfen_,4181,433917,438098,8,45+46+47+48+49+50+51+52,2,438098,438098,I,47,",",True,False,False,2,False,False,False,2,2,False,False,False,2,2,2,False,"helfen ,",1.0,100.0
SG12,P11_T4,P11,29,1904,438098,438098,I,D,47,",",5132,438098,443230,19,36+37+38+39+45+47+48+49+50+51+52+53+54+55+56,1,443230,443558,I,53,zu_,False,False,False,2,False,False,False,2,2,False,False,False,2,2,2,False,",",,
SG12,P11_T4,P11,30,1904,443230,443558,I,D,53,zu_,10000,443558,453558,29,6+8+13+14+23+27+37+38+39+40+41+42+43+44+46+48+52+57+58+79,0,453558,462200,I,56+57+58+59+60+61,Einige_der_verletzlichsten_Länder_der_Welt,False,False,False,2,False,False,False,2,2,False,False,False,2,2,2,False,zu,1.0,100.0
SG12,P11_T4,P11,31,1904,453558,462200,I,D,56+57+58+59+60+61,Einige_der_verletzlichsten_Länder_der_Welt,2293,462200,464493,8,0+40+41+42+43,0,464493,464493,I,61,_,True,False,False,2,False,False,False,2,2,False,False,False,2,2,2,False,Einige der verwundbarsten Länder der Welt,1.0,80.0
SG12,P11_T4,P11,32,1904,464493,464493,I,D,61,_,2995,464493,467488,13,0+42+44+46+59+60+61+62+68+82,2,467488,469828,I,62+63+64,haben_bisher_am_,False,False,False,2,False,False,False,2,2,False,False,False,2,2,2,False,Welt,,
SG12,P11_T4,P11,33,1904,467488,469828,I,D,62+63+64,haben_bisher_am_,2418,469828,472246,10,41+49+50+51+56+57+59+60+62+63+64+65+68,2,472246,480109,I,65+66+67+68+69,"wenigsten_zum_Klimawandel_beigatragen,_",False,False,False,2,False,False,False,2,2,False,False,False,2,2,2,False,haben bisher am,1.0,100.0
SG12,P11_T4,P11,34,1904,472246,480109,I,D,65+66+67+68+69,"wenigsten_zum_Klimawandel_beigatragen,_",5242,480109,485351,16,50+55+56+57+58+63+64+65+67+68,7,485351,493275,I,70+71+72+73+74+75+76+77,müssen_aber_einen_Groißteil_der_Folgen_tragen._,False,False,False,2,False,False,False,2,2,False,False,False,2,2,2,False,"wenigsten zum Klimawandel beigatragen ,",1.0,97.0
SG12,P11_T4,P11,35,1904,485351,493275,I,D,70+71+72+73+74+75+76+77,müssen_aber_einen_Groißteil_der_Folgen_tragen._,4680,493275,497955,15,0+50+53+54+78+80+90+91+96+97+100+101,0,497955,504632,I,78+79,Besonders_Entwicklungsländer_,False,False,False,2,False,False,False,2,2,False,False,False,2,2,2,False,müssen aber einen Groißteil der Folgen tragen .,1.0,98.0
SG12,P11_T4,P11,36,1904,497955,504632,I,D,78+79,Besonders_Entwicklungsländer_,2356,504632,506988,9,78+80+81+83+84+85+86,1,506988,520326,I,80+81+82+83+84+85+86+87,müssen_sich_den_Auswirkungen_des_Klimawandels_anpassen._,False,False,False,2,False,False,False,2,2,False,False,False,2,2,2,False,Besonders Entwicklungsländer,1.0,100.0
SG12,P11_T4,P11,37,1904,506988,520326,I,D,80+81+82+83+84+85+86+87,müssen_sich_den_Auswirkungen_des_Klimawandels_anpassen._,42916,520326,563242,169,0+2+3+18+19+20+21+22+23+24+27+28+29+30+31+32+36+37+38+39+46+48+49+50+51+52+66+67+68+72+73+74+79+80+81+82+83+84+85+86+88+89+90+91+92+93+94+95+96+97+100,47,563242,569014,I,88+89,Anpassung_und_Miderung_der,False,False,False,2,False,False,False,2,2,False,False,False,2,2,2,False,müssen sich den Auswirkungen des Klimawandels anpassen .,1.0,98.0
SG12,P11_T4,P11,38,1904,563242,569014,I,D,88+89,Anpassung_und_Miderung_der,1919,569014,570933,4,70+72+74+79,0,570933,570933,I,89,_,True,False,False,2,False,False,False,2,2,False,False,False,2,2,2,False,Anpassung und,1.0,100.0
SG12,P11_T4,P11,39,1904,570933,570933,I,D,89,_,2652,570933,573585,12,3+32+70+83+84+88+89,1,573585,583210,C,100+101+90+94+95+96+97+98+99,Anstrengungen_müssen_daher_h[h]Hand_in_Hand_gehen._,False,False,False,2,False,False,False,2,2,False,False,False,2,2,2,False,und,,
SG12,P11_T4,P11,40,1904,573585,583210,C,D,100+101+90+94+95+96+97+98+99,Anstrengungen_müssen_daher_h[h]Hand_in_Hand_gehen._,32729,583210,615939,123,18+20+21+22+23+24+25+26+27+28+29+30+31+32+33+34+36+37+38+39+41+45+46+48+49+50+51+52+53+54+55+56+70+71+72+73+74+79+80+81+82+83+85+86+88+89+90+91+95+96+97+99+100+101,30,615939,615939,I,89,l,False,False,False,2,False,False,False,2,2,False,False,False,2,2,2,False,gehen . Anstrengungen Auswirkungen müssen daher Hand in Hand,0.0,74.0
SG12,P11_T6,P11,41,1138,93398,96721,I,D,1+2+3,Ein_Großteil_der_,44725,96721,141446,155,1+3+4+5+6+7+8+13+14+15+17+20+29+34+58+59+62+63+67+75+76+77+78+79+91+96+98+101+102+107+108+109+110+112+119+120,101,141446,149402,I,4+5+6+7,Jäger-_und_Sammlergesellschaften_,False,False,False,2,False,False,False,2,2,False,False,False,2,2,2,False,Ein Großteil der,1.0,100.0
SG12,P11_T6,P11,42,1138,141446,149402,I,D,4+5+6+7,Jäger-_und_Sammlergesellschaften_,1997,149402,151399,9,4+5+6+7+8+9,2,151399,154363,I,10+8+9,leben_nomadisch._,False,False,False,2,False,False,False,2,2,False,False,False,2,2,2,False,Jäger - und Sammlergesellschaften,1.0,97.0
SG12,P11_T6,P11,43,1138,151399,154363,I,D,10+8+9,leben_nomadisch._,8159,154363,162522,36,1+2+3+4+5+6+7+8+9+11+12+13+14+15+16+17+18+19+20+47+76+77+78+79,7,162522,168668,C,11+12+13,Es_ist_schwierfi[if]if_[_f]g_,False,False,False,2,False,False,False,2,2,False,False,False,2,2,2,False,. leben nomadisch,1.0,94.0
SG12,P11_T6,P11,44,1138,162522,168668,C,D,11+12+13,Es_ist_schwierfi[if]if_[_f]g_,4212,168668,172880,13,13+14+15+17,3,172880,184674,I,14+15+16+17+18+19+20,mit_so_einem_Lebenserhaltungssystem_sesshaft_zu_werden,False,False,False,2,False,False,False,2,2,False,False,False,2,2,2,False,Es ist schwierig,1.0,100.0
SG12,P11_T6,P11,45,1138,172880,184674,I,D,14+15+16+17+18+19+20,mit_so_einem_Lebenserhaltungssystem_sesshaft_zu_werden,1139,184674,185813,0,,0,185813,187903,I,21+22+23,",_da_die_",False,False,False,2,False,False,False,2,2,False,False,False,2,2,2,False,mit so einem Lebenserhaltungssystem sesshaft zu werden,1.0,100.0
SG12,P11_T6,P11,46,1138,185813,187903,I,D,21+22+23,",_da_die_",2060,187903,189963,8,1+4+5+6+7,0,189963,201366,I,24+25+26+27+28+29+30+31,Ressourcen_einer_region_schnell_erschöpft_sein_können._,False,False,False,2,False,False,False,2,2,False,False,False,2,2,2,False,", da die",1.0,100.0
SG12,P11_T6,P11,47,1138,189963,201366,I,D,24+25+26+27+28+29+30+31,Ressourcen_einer_region_schnell_erschöpft_sein_können._,2699,201366,204065,15,13+14+18+20+24+25+26+27+28+47+76+77+78+79,6,204065,212614,C,36+37+38+39,Jäger-_und_Sammlergesellschafz[z]ten,False,False,False,2,False,False,False,2,2,False,False,False,2,2,2,False,Ressourcen einer Region schnell erschöpft sein können .,1.0,98.0
SG12,P11_T6,P11,48,1138,204065,212614,C,D,36+37+38+39,Jäger-_und_Sammlergesellschafz[z]ten,3744,212614,216358,20,9+11+13+14+16+17+18+20+36+37+38+39,2,216358,216358,I,40,_,False,False,False,2,False,False,False,2,2,True,True,False,1,1,2,False,Jäger - und Sammlergesellschaften,1.0,97.0
SG12,P11_T6,P11,49,1138,216358,216358,I,D,40,_,13697,216358,230055,62,4+5+6+7+13+14+15+16+17+18+22+23+24+26+27+28+30+32+34+36+37+38+39+40+52+58+59+76+77+78+79+91+98+100+104,1,230055,232504,I,40,neigen_auc,True,False,False,2,False,False,False,2,2,True,True,False,1,1,2,False,auch,,
SG12,P11_T6,P11,50,1138,230055,232504,I,D,40,neigen_auc,2012,232504,234516,7,14+15+17+18,0,234516,244937,C,40+41+42+43+44,h_zu_sehr_niedrieg[ge]gen_Bevölkerungszahlen,True,False,False,2,True,False,False,1,2,True,True,False,1,1,2,False,auch,1.0,75.0
SG12,P11_T6,P11,51,1138,234516,244937,C,D,40+41+42+43+44,h_zu_sehr_niedrieg[ge]gen_Bevölkerungszahlen,3136,244937,248073,15,2+3+4+5+6+7+27+29+44+45,2,248073,248385,I,45,._,False,False,False,2,False,False,False,2,2,True,True,False,1,1,2,False,auch zu sehr niedrigen Bevölkerungszahlen,1.0,100.0
SG12,P11_T6,P11,52,1138,248073,248385,I,D,45,._,2980,248385,251365,10,28+29+30+36+37+38+39+43+46,0,251365,259617,I,32+33+34,Wegen_ihres_Lebenserhaltungssystem,False,False,False,2,False,False,False,2,2,False,False,False,2,2,2,False,.,,
SG12,P11_T6,P11,53,1138,251365,259617,I,D,32+33+34,Wegen_ihres_Lebenserhaltungssystem,1544,259617,261161,8,27+32+34+36+37+38+39,2,261161,264235,I,34+35,s_neigen_,True,False,False,2,False,False,False,2,2,False,False,False,2,2,2,False,Wegen ihres Lebenserhaltungssystems,1.0,100.0
SG12,P11_T6,P11,54,1138,261161,264235,I,D,34+35,s_neigen_,4102,264235,268337,10,40+44,0,268337,269929,C,39+40,[_neigen_]_,False,True,False,2,False,False,False,2,2,False,False,False,2,2,2,False,Lebenserhaltungssystems neigen,1.0,100.0
SG12,P11_T6,P11,55,1138,289554,295341,C,D,47,Lebenserhalö[ö]tungssytem_,15304,295341,310645,50,4+5+6+7+13+15+17+27+32+34+35+36+37+38+39+40+41+42+43+44+46+47+49+55+58+59+84+91+107,7,310645,317041,I,48+49+50+51+52+53,können_eine_60_bis_100_mal_,False,False,False,2,False,False,False,2,2,False,False,False,2,2,2,False,Lebenserhaltungssyteme,1.0,100.0
SG12,P11_T6,P11,56,1138,310645,317041,I,D,48+49+50+51+52+53,können_eine_60_bis_100_mal_,1544,317041,318585,0,,0,318585,320067,I,54,größere_,False,False,False,2,False,False,False,2,2,False,False,False,2,2,2,False,können eine 60 bis 100 mal,1.0,100.0
SG12,P11_T6,P11,57,1138,318585,320067,I,D,54,größere_,1716,320067,321783,8,54+57+58+59+60+84+91+120,1,321783,324903,I,55,Bevölkerungsdichte,False,False,False,2,False,False,False,2,2,False,False,False,2,2,2,False,größere,1.0,100.0
SG12,P11_T6,P11,58,1138,321783,324903,I,D,55,Bevölkerungsdichte,5429,324903,330332,27,14+15+17+18+19+24+25+33+34+36+37+38+39+46+49+55+56,3,330332,333452,I,55+56,_unterstützen,True,False,False,2,False,False,False,2,2,False,False,False,2,2,2,False,Bevölkerungsdichte,1.0,100.0
SG12,P11_T6,P11,59,1138,330332,333452,I,D,55+56,_unterstützen,4805,333452,338257,19,12+13+46+47+49+55+56+64+66+76+77+78+79+97,3,338257,341642,I,46,Landwirtschaftliche_,False,False,False,2,False,False,False,2,2,False,False,False,2,2,2,False,Bevölkerungsdichte unterstützen,1.0,100.0
SG12,P11_T6,P11,60,1138,338257,341642,I,D,46,Landwirtschaftliche_,1872,341642,343514,4,49+55+56,0,343514,349021,I,56+57+59+60,_als_unbebautes_Land,False,False,False,2,False,False,False,2,2,False,False,False,2,2,2,False,Landwirtschaftliche,1.0,100.0
SG12,P11_T6,P11,61,1138,343514,349021,I,D,56+57+59+60,_als_unbebautes_Land,20124,349021,369145,74,4+5+6+7+28+29+30+32+33+34+49+54+55+56+57+58+59+75+76+77+78+79+84+86+91+96+98+105+106+107+120,33,369145,371454,I,61+62+63,",_was_zu_",False,False,False,2,False,False,False,2,2,True,True,False,1,1,2,False,unterstützen als liegendes Land,0.0,63.0
SG12,P11_T6,P11,62,1138,369145,371454,I,D,61+62+63,",_was_zu_",4555,371454,376009,16,0+46+47+62+63+65+67+76+77+78+79+84+85+91+120,2,376009,383653,I,64+65+66+67+68,einer_höheren_bevölkerungsdichte_führt._,False,False,False,2,False,False,False,2,2,False,False,False,2,2,2,False,", was zu",1.0,100.0
SG12,P11_T6,P11,63,1138,376009,383653,I,D,64+65+66+67+68,einer_höheren_bevölkerungsdichte_führt._,56629,383653,440282,203,4+5+6+7+8+9+13+14+15+17+18+20+25+34+42+44+46+47+49+51+54+55+56+57+58+59+62+63+64+66+67+68+76+77+78+79+84+91+101+102+108+109+110+112+119+120,79,440282,445804,C,57+58+59,[etuabebnus]brach_liegendes,False,True,False,2,False,False,False,2,2,True,False,False,1,2,2,False,einer höheren Bevölkerungsdichte führt .,1.0,97.0
SG12,P11_T6,P11,64,1138,448877,449236,C,D,65+66,[b]B,12855,449236,462091,42,28+35+36+37+38+39+40+41+42+43+44+54+56+58+59+62+63+64+66+67+68+69+70+71+72+83+84+100,5,462091,469158,C,69+70+71+72,Jäger_[_]-_und_Sammlergesellschaften_,False,False,False,2,False,False,False,2,2,False,False,False,2,2,2,False,höheren Bevölkerungsdichte,,
SG12,P11_T6,P11,65,1138,462091,469158,C,D,69+70+71+72,Jäger_[_]-_und_Sammlergesellschaften_,6208,469158,475366,19,4+5+6+7+12+15+29+54+58+59+60+62+63+65+67+76+77+78+79+84+87+88+89+91+104,0,475366,476271,I,85,haben_,False,False,False,2,False,False,False,2,2,False,False,False,2,2,2,False,Jäger - und Sammlergesellschaften,1.0,97.0
SG12,P11_T6,P11,66,1138,475366,476271,I,D,85,haben_,2808,476271,479079,13,57+69+70+71+72+76+77+78+79+85+87+88+89+91+120,1,479079,480811,I,85,oft_keine_,True,False,False,2,False,False,False,2,2,True,False,False,1,2,2,False,.,,
SG12,P11_T6,P11,67,1138,479079,480811,I,D,85,oft_keine_,1279,480811,482090,2,28+60,0,482090,489032,I,85,hierarchischen_SOzielstrukturen,True,False,False,2,False,False,False,2,2,True,False,False,1,2,2,False,.,,
SG12,P11_T6,P11,68,1138,482090,489032,I,D,85,hierarchischen_SOzielstrukturen,3682,489032,492714,15,54+57+58+59+62+63+64+65+66+67+75+76+77+78+79+85,4,492714,492714,I,85,.,True,False,False,2,False,False,False,2,2,True,False,False,1,2,2,False,.,,
SG12,P11_T6,P11,69,1138,492714,492714,I,D,85,.,2293,492714,495007,3,65+85,1,495007,495631,C,85,[e]a,True,False,False,2,True,False,False,1,2,True,False,False,1,2,2,False,.,,
SG12,P11_T6,P11,70,1138,495007,495631,C,D,85,[e]a,1310,495631,496941,5,85,5,496941,497285,C,85,[O]o,True,False,False,2,True,False,False,1,2,True,False,False,1,2,2,False,.,,
SG12,P11_T6,P11,71,1138,496941,497285,C,D,85,[O]o,2620,497285,499905,6,85,6,499905,503010,I,85,",_wenn_auch_nciht_immer,",True,False,False,2,False,False,False,2,2,True,False,False,1,2,2,False,.,,
SG12,P11_T6,P11,72,1138,499905,503010,I,D,85,",_wenn_auch_nciht_immer,",6099,503010,509109,11,69+70+71+72+85,10,509109,510747,C,85,[thic]icht,True,False,False,2,True,False,False,1,2,True,False,False,1,2,2,False,.,,
SG12,P11_T6,P11,73,1138,509109,510747,C,D,85,[thic]icht,21794,510747,532541,58,28+58+59+69+70+71+72+76+77+78+79+84+85+86+87+88+89+98+120,35,532541,535037,I,85+86+87,_Wegen_ihres,True,False,False,2,False,False,False,2,2,True,False,False,1,2,2,False,.,,
SG12,P11_T6,P11,74,1138,532541,535037,I,D,85+86+87,_Wegen_ihres,1139,535037,536176,6,29+56+114,0,536176,536176,I,87,_,True,False,False,2,False,False,False,2,2,True,False,False,1,2,2,False,. Wegen ihres,1.0,100.0
SG12,P11_T6,P11,75,1138,536176,536176,I,D,87,_,4274,536176,540450,22,9+27+43+44+46+47+49+55+56+69+70+71+72+85+87+88+89,2,540450,545692,I,88+89,nomadischen_Lebensstils,False,False,False,2,False,False,False,2,2,False,False,False,2,2,2,False,ihres,,
SG12,P11_T6,P11,76,1138,540450,545692,I,D,88+89,nomadischen_Lebensstils,3276,545692,548968,13,4+5+6+7+76+77+78+79+83+84+86+87+88+89+91+95,3,548968,549404,I,90,",_",False,False,False,2,False,False,False,2,2,False,False,False,2,2,2,False,nomadischen Lebensstils,1.0,100.0
SG12,P11_T6,P11,77,1138,548968,549404,I,D,90,",_",4602,549404,554006,9,87+88+89+91+97+120,0,554006,556924,C,91+92,können_sie_im[mi,False,False,False,2,False,False,False,2,2,False,False,False,2,2,2,False,",",,
SG12,P11_T6,P11,78,1138,554006,556924,C,D,91+92,können_sie_im[mi,2901,556924,559825,8,87+88+89+90+91,3,559825,570714,I,93+94+95+96+97+98,im_Allgemeinen_keine_überschüssige_Nahrung_lagern,False,False,False,2,False,False,False,2,2,False,False,False,2,2,2,False,können sie,1.0,100.0
SG12,P11_T6,P11,79,1138,559825,570714,I,D,93+94+95+96+97+98,im_Allgemeinen_keine_überschüssige_Nahrung_lagern,4805,570714,575519,23,0+4+5+6+7+76+77+78+79+91+96+97+98+99+100+113+114,6,575519,578062,I,100+99,._Deshalb_,False,False,False,2,False,False,False,2,2,False,False,False,2,2,2,False,im Allgemeinen keine überschüssige Nahrung lagern,1.0,100.0
SG12,P11_T6,P11,80,1138,575519,578062,I,D,100+99,._Deshalb_,3338,578062,581400,13,100+101+102+103+108+109+110+112+113+115+116+118+119+120,2,581400,581400,I,100,w,True,False,False,2,False,False,False,2,2,True,False,False,1,2,2,False,Deshalb .,1.0,78.0
SG12,P11_T6,P11,81,1138,581400,581400,I,D,100,w,3931,581400,585331,13,0+49+55+100+101+102+104+105+106+107+108+109+110+112+113+114+116+119+120,1,585331,598077,C,100+101+102+103+104+105+106+107+108+109,[w]gibt_es_in_Jäger-_und_Sammlergesellschaften_meistens_keine,True,False,False,2,True,False,False,1,2,True,False,False,1,2,2,False,Deshalb,,
SG12,P11_T6,P11,82,1138,585331,598077,C,D,100+101+102+103+104+105+106+107+108+109,[w]gibt_es_in_Jäger-_und_Sammlergesellschaften_meistens_keine,1154,598077,599231,5,113+114+120,0,599231,599231,I,109,_,True,False,False,2,False,False,False,2,2,False,False,False,2,2,2,False,Deshalb gibt es in Jäger - und Sammlergesellschaften meistens keine,1.0,98.0
SG12,P11_T6,P11,83,1138,599231,599231,I,D,109,_,78110,599231,677341,223,0+4+5+6+7+24+25+26+28+30+44+49+53+55+56+58+59+60+69+70+71+72+75+76+77+78+79+83+84+87+88+89+91+92+93+94+96+97+98+100+101+102+103+104+105+106+107+108+109+110+112+113+114+115+116+117+119+120,18,677341,680586,I,109+111+112+113,"menschen,_die_nur_",True,False,False,2,False,False,False,2,2,False,False,False,2,2,2,False,keine,,
SG12,P11_T6,P11,84,1138,677341,680586,I,D,109+111+112+113,"menschen,_die_nur_",1154,680586,681740,1,30,0,681740,682458,I,114,Anfp,False,False,False,2,False,False,False,2,2,False,False,False,2,2,2,False,"keine , die nur",0.0,73.0
SG12,P11_T6,P11,85,1138,681740,682458,I,D,114,Anfp,1201,682458,683659,3,95+101+102+108+109+110+112+119,0,683659,690414,C,114+115+116+117,"[p]ührer,_Bürokraten_oder_",True,False,False,2,True,False,False,1,2,True,False,False,1,2,2,False,Anführer,1.0,75.0
SG12,P11_T6,P11,86,1138,683659,690414,C,D,114+115+116+117,"[p]ührer,_Bürokraten_oder_",12027,690414,702441,46,56+62+63+67+87+88+89+91+96+98+101+102+104+107+108+109+110+112+116+118+119+120,5,702441,706607,I,118+119+120,Kunsthandwerker_sind._,False,False,False,2,False,False,False,2,2,False,False,False,2,2,2,False,"Anführer , Bürokraten oder",1.0,95.0
SG12,P11_T6,P11,87,1138,702441,706607,I,D,118+119+120,Kunsthandwerker_sind._,75551,706607,782158,217,4+5+6+7+24+25+26+42+44+45+49+50+53+54+55+58+59+64+66+69+70+71+72+76+77+78+79+86+87+88+89+91+92+93+94+95+97+98+99+100+101+102+103+104+105+106+107+108+109+110+112+113+116+118+119+120,90,782158,783141,D,85,[haben############################,False,False,False,2,False,False,False,2,2,False,False,False,2,2,2,False,Kunsthandwerker sind .,1.0,95.0
SG12,P12_T2,P12,1,904,7347,8455,I,D,1,Familien_,16006,8455,24461,62,1+4+5+6+8+10+11+12+21+44+49+53+70+99+100+101+102+103+104+105+122+183,12,24461,25943,C,1,leide[ediel,True,False,False,2,True,False,False,1,2,True,False,False,1,2,2,False,Familien,1.0,100.0
SG12,P12_T2,P12,2,904,24461,25943,C,D,1,leide[ediel,10030,25943,35973,17,1+4+5+6+7+8,9,35973,37377,I,1,müssen_,True,False,False,2,False,False,False,2,2,True,False,False,1,2,2,False,Familien,0.0,38.0
SG12,P12_T2,P12,3,904,35973,37377,I,D,1,müssen_,2418,37377,39795,6,1+154+155+156+157+158+180+181+182,1,39795,40497,C,1,[#######n]n_,True,False,False,2,True,False,False,1,2,True,False,False,1,2,2,False,Familien,0.0,50.0
SG12,P12_T2,P12,4,904,39795,40497,C,D,1,[#######n]n_,92977,40497,133474,310,1+2+3+4+5+6+7+8+11+12+17+21+49+51+52+53+71+75+80+81+99+100+101+102+103+104+105+106+107+108+109+110+111+113+114+116+122+133+134+136+149+150+159+160+162+163+167+176+178+179+180+181+183,10,133474,134114,C,1,",[,",True,False,False,2,True,False,False,1,2,True,False,False,1,2,2,False,Familien,,
SG12,P12_T2,P12,5,904,133474,134114,C,D,1,",[,",67267,134114,201381,148,1+2+3+7+8+10+11+12+13+21+45+51+52+53+99+100+101+102+103+104+105+107+160+181+183,3,201381,204735,C,1+2+3,j[j]sv[v]chwer_getroffen_,True,False,False,2,True,False,False,1,2,True,False,False,1,2,2,False,Familien,0.0,0.0
SG12,P12_T2,P12,6,904,201381,204735,C,D,1+2+3,j[j]sv[v]chwer_getroffen_,1763,204735,206498,8,1+4+5+8+12+13+21+49,1,206498,209259,C,3+4+5,von_[_nov]durch_den_,True,True,True,1,True,False,False,1,2,True,True,False,1,1,2,False,Familien schwer getroffen,1.0,100.0
SG12,P12_T2,P12,7,904,212067,213518,I,D,6+7,Anstieg_der_,1311,213518,214829,3,7+8+108+109,1,214829,215328,I,8,Lebens,False,False,False,2,False,False,False,2,2,False,False,False,2,2,2,False,Anstieg der,1.0,100.0
SG12,P12_T2,P12,8,904,214829,215328,I,D,8,Lebens,2449,215328,217777,1,8,1,217777,218604,I,8,ko,True,False,False,2,False,False,False,2,2,True,True,False,1,1,2,False,Lebenshaltungskosten,1.0,100.0
SG12,P12_T2,P12,9,904,217777,218604,I,D,8,ko,1107,218604,219711,1,8,1,219711,219867,D,8,[ok,True,False,False,2,True,False,False,1,2,True,True,False,1,1,2,False,Lebenshaltungskosten,1.0,100.0
SG12,P12_T2,P12,10,904,219711,219867,D,D,8,[ok,1202,219867,221069,0,,0,221069,222176,I,8,kosten_,True,False,False,2,False,False,False,2,2,True,True,False,1,1,2,False,Lebenshaltungskosten,0.0,33.0
SG12,P12_T2,P12,11,904,221069,222176,I,D,8,kosten_,1435,222176,223611,7,2+3+4+5+6,0,223611,226778,I,10+9,Britische_Familien_,False,False,False,2,False,False,False,2,2,True,True,False,1,1,2,False,Lebenshaltungskosten,1.0,100.0
SG12,P12_T2,P12,12,904,223611,226778,I,D,10+9,Britische_Familien_,8424,226778,235202,32,2+3+4+5+6+8+10+11+13+14+15+17+18+19+20+23+26+27+28+29+30+31+32+33+34+35+38+39+51+183,1,235202,236060,I,11,müssen_,False,False,False,2,False,False,False,2,2,False,False,False,2,2,2,False,Familien Britische,0.0,50.0
SG12,P12_T2,P12,13,904,235202,236060,I,D,11,müssen_,1295,236060,237355,6,8,0,237355,237714,I,12,mit_,False,False,False,2,False,False,False,2,2,True,False,False,1,2,2,False,müssen,1.0,100.0
SG12,P12_T2,P12,14,904,237355,237714,I,D,12,mit_,998,237714,238712,3,6+13,0,238712,239180,I,13,einem_,False,False,False,2,False,False,False,2,2,True,True,False,1,1,2,False,mit,1.0,100.0
SG12,P12_T2,P12,15,904,238712,239180,I,D,13,einem_,4665,239180,243845,19,6+12+13+14+15+17+21+45+46+50+52+74+75+183,5,243845,250553,C,13+14+15+16+17,[###n]ner_zusa[a]ätzlichen_Belastung_von_23[3]3[#]1,True,False,False,2,True,False,False,1,2,True,False,False,1,2,2,False,einer,1.0,80.0
SG12,P12_T2,P12,16,904,243845,250553,C,D,13+14+15+16+17,[###n]ner_zusa[a]ätzlichen_Belastung_von_23[3]3[#]1,2683,250553,253236,11,14+15+17+45+52+110+111+153,5,253236,255904,C,17,_300_[_003_]._[_]300_,True,False,False,2,True,False,False,1,2,True,False,False,1,2,2,False,einer zusätzlichen Belastung von 31.300,1.0,97.0
SG12,P12_T2,P12,17,904,253236,255904,C,D,17,_300_[_003_]._[_]300_,5023,255904,260927,10,11+14+15+17+153,3,260927,263938,C,17,"§[§_]!""§§$[$§§""!]_",True,False,False,2,True,False,False,1,2,True,False,False,1,2,2,False,31.300,1.0,100.0
SG12,P12_T2,P12,18,904,260927,263938,C,D,17,"§[§_]!""§§$[$§§""!]_",6474,263938,270412,22,9+10+11+12+14+15+17+21+75+80+137+138,4,270412,270412,I,18,£,False,False,False,2,False,False,False,2,2,False,False,False,2,2,2,False,31.300,,
SG12,P12_T2,P12,19,904,270412,270412,I,D,18,£,4649,270412,275061,19,8+9+14+15+17+20+45+51+52+153,0,275061,275061,I,18,_,True,False,False,2,False,False,False,2,2,False,False,False,2,2,2,False,£,,
SG12,P12_T2,P12,20,904,275061,275061,I,D,18,_,2012,275061,277073,12,8+12+13+14+15+17+20+21+23,0,277073,280177,I,19+20+21,pro_Jahr_klarkommen,False,False,False,2,False,False,False,2,2,False,False,False,2,2,2,False,£,,
SG12,P12_T2,P12,21,904,277073,280177,I,D,19+20+21,pro_Jahr_klarkommen,7379,280177,287556,35,11+13+14+15+17+18+23+26+27+28+29+30+31+32+33+34+35+38+39+46+47+113+114+134+136,0,287556,289927,C,11+12,a[a]wegen_des_A,False,False,False,2,False,False,False,2,2,True,False,False,1,2,2,False,pro Jahr klarkommen,1.0,100.0
SG12,P12_T2,P12,22,904,287556,289927,C,D,11+12,a[a]wegen_des_A,3261,289927,293188,16,6+7+8+13+26+27+110+111,0,293188,293188,D,12,[A,True,False,False,2,True,False,False,1,2,True,True,False,1,1,2,False,müssen mit,0.0,30.0
SG12,P12_T2,P12,23,904,293188,293188,D,D,12,[A,2356,293188,295544,0,,0,295544,299475,C,12,[_s]r_massiven_Zna[an]unahme_,True,False,False,2,True,False,False,1,2,True,True,False,1,1,2,False,mit,0.0,0.0
SG12,P12_T2,P12,24,904,295544,299475,C,D,12,[_s]r_massiven_Zna[an]unahme_,1809,299475,301284,7,12+14+15+21+27+33+56+85,1,301284,301612,I,12,von_,True,False,False,2,False,False,False,2,2,True,True,False,1,1,2,False,mit,0.0,33.0
SG12,P12_T2,P12,25,904,301284,301612,I,D,12,von_,1763,301612,303375,7,8+12+14+15+21+47+138,1,303375,312969,C,12,Lebensmittel_und_Benzi[izneB]Treibstoff-[-]preisne[en]en_,True,True,True,1,True,False,False,1,2,True,True,False,1,1,2,False,mit,0.0,0.0
SG12,P12_T2,P12,26,904,319536,319536,I,D,12,-,6740,319536,326276,28,11+12+14+15+17+18+19+20+21+153,12,326276,326588,I,118+21,._,False,False,False,2,False,False,False,2,2,True,False,False,1,2,2,False,mit,,
SG12,P12_T2,P12,27,904,326276,326588,I,D,118+21,._,14773,326588,341361,67,9+11+12+14+15+17+19+20+21+24+25+26+27+28+29+30+31+32+33+34+35+38+39+138+183,27,341361,341361,D,12,[wegen_der_massiven_Zunahme_von_Lebensmittel-_und_Treibstoffpreisen_,False,False,False,2,False,False,False,2,2,True,True,False,1,1,2,False,von klarkommen,,
SG12,P12_T2,P12,28,904,341361,341361,D,D,12,[wegen_der_massiven_Zunahme_von_Lebensmittel-_und_Treibstoffpreisen_,4711,341361,346072,14,12+13+14+15+17+19+21,3,346072,346072,D,21,[.,False,False,False,2,False,False,False,2,2,False,False,False,2,2,2,False,mit,1.0,100.0
SG12,P12_T2,P12,29,904,346072,346072,D,D,21,[.,2855,346072,348927,19,13+14+15+17+20+23+24+25+26+27+28+29+30+31+32+33+34+35+38+39,0,348927,348974,I,22,",_",False,False,False,2,False,False,False,2,2,False,False,False,2,2,2,False,klarkommen,0.0,0.0
SG12,P12_T2,P12,30,904,348927,348974,I,D,22,",_",4430,348974,353404,17,8+12+19+20+21+26+27+28+29+30+31+32+33+34+35+38+39+55+84,0,353404,353779,I,23,da_,False,False,False,2,False,False,False,2,2,False,False,False,2,2,2,False,",",,
SG12,P12_T2,P12,31,904,353404,353779,I,D,23,da_,1762,353779,355541,7,8+12+21+24+25+113+114,0,355541,355931,I,24,sich_,False,False,False,2,False,False,False,2,2,False,False,False,2,2,2,False,da,1.0,100.0
SG12,P12_T2,P12,32,904,355541,355931,I,D,24,sich_,3682,355931,359613,10,8+12+21+24+25+26+46+47+142,1,359613,367304,C,24+25+26+27,L[L]Lebensmittel-[-]_[_]-_und_Treibstoff_[_]preise_,True,False,False,2,True,False,False,1,2,True,False,False,1,2,2,False,Lebensmittel,0.0,50.0
SG12,P12_T2,P12,33,904,359613,367304,C,D,24+25+26+27,L[L]Lebensmittel-[-]_[_]-_und_Treibstoff_[_]preise_,7145,367304,374449,18,4+5+11+27+28+29+30+31+32+33+34+35+38+39+55,1,374449,380564,C,28+29+30+31+32+33,so_schnell_in_die_S[S]Höhe_schie´ße[eß]ß[#]en_,False,False,False,2,False,False,False,2,2,True,False,False,1,2,2,False,Lebensmittel - und Treibstoffpreise,1.0,97.0
SG12,P12_T2,P12,34,904,374449,380564,C,D,28+29+30+31+32+33,so_schnell_in_die_S[S]Höhe_schie´ße[eß]ß[#]en_,1108,380564,381672,3,28+29+30+31+32+34+35+38+39,3,381672,392217,C,34+35+36+37+38+39+40,wie_seit_14_[_4]56[#]7[#]_Jahre_nich[hcin_]_n[n_]n_nichth[h]_mwhe[ehw]ehr._,False,True,False,2,False,False,False,2,2,False,False,False,2,2,2,False,so schnell in die Höhe schießen,1.0,97.0
SG12,P12_T2,P12,35,904,381672,392217,C,D,34+35+36+37+38+39+40,wie_seit_14_[_4]56[#]7[#]_Jahre_nich[hcin_]_n[n_]n_nichth[h]_mwhe[ehw]ehr._,7254,392217,399471,31,10+11+12+13+14+15+17+18+19+20+21+23+28+29+30+31+32+33+34+35+37+38+39+153,4,399471,399471,D,24,[sich_,False,False,False,2,False,False,False,2,2,False,False,False,2,2,2,False,wie seit 17 Jahren nicht mehr .,1.0,93.0
SG12,P12_T2,P12,36,904,399471,399471,D,D,24,[sich_,5944,399471,405415,32,10+11+12+14+15+17+18+20+21+23+24+25+27+28+29+30+31+32+34+35+36+37+38+39+183,1,405415,410501,C,41+42+43,Preis_[_]e_in_Supermörk[krö]ärkten,False,False,False,2,False,False,False,2,2,False,False,False,2,2,2,False,Lebensmittel,0.0,40.0
SG12,P12_T2,P12,37,904,405415,410501,C,D,41+42+43,Preis_[_]e_in_Supermörk[krö]ärkten,1310,410501,411811,7,43+44+53+73+137,1,411811,412513,I,43+44,_sind_,True,False,False,2,False,False,False,2,2,False,False,False,2,2,2,False,Preise in Supermärkten,1.0,100.0
SG12,P12_T2,P12,38,904,411811,412513,I,D,43+44,_sind_,920,412513,413433,4,28+29+30+31+32+33+34+35+38+39+137,0,413433,413839,I,44,ges,True,False,False,2,False,False,False,2,2,True,False,False,1,2,2,False,Supermärkten sind,1.0,100.0
SG12,P12_T2,P12,39,904,413433,413839,I,D,44,ges,1872,413839,415711,10,43+74+75+80+81+113+114+138,0,415711,415976,D,44,[seg,True,False,False,2,True,False,False,1,2,True,False,False,1,2,2,False,sind,0.0,33.0
SG12,P12_T2,P12,40,904,415711,415976,D,D,44,[seg,905,415976,416881,0,,0,416881,424650,C,118+49+50+51+52+53,auf_ein_alarmierendes_Niveau_angestei[ie]iegen_,False,False,False,2,False,False,False,2,2,False,False,False,2,2,2,False,sind,0.0,25.0
SG12,P12_T2,P12,41,904,416881,424650,C,D,118+49+50+51+52+53,auf_ein_alarmierendes_Niveau_angestei[ie]iegen_,5710,424650,430360,18,12+21+23+36+43+45+46+52+53+54+118+160,4,430360,435289,I,45+46+47+48,während_des_vergangenen_Jahres_,False,False,False,2,False,False,False,2,2,True,True,False,1,1,2,False,von auf ein alarmierendes Niveau angestiegen,1.0,100.0
SG12,P12_T2,P12,42,904,430360,435289,I,D,45+46+47+48,während_des_vergangenen_Jahres_,3448,435289,438737,14,37+51+53+79+85+138+163,0,438737,441872,C,53+54+55,-_[_-]-[-]._Analysten,False,False,False,2,False,False,False,2,2,False,False,False,2,2,2,False,während des vergangenen Jahres,1.0,100.0
SG12,P12_T2,P12,43,904,438737,441872,C,D,53+54+55,-_[_-]-[-]._Analysten,2028,441872,443900,11,28+29+30+31+32+33+34+35+38+39+55+56+85+139+140,1,443900,443900,I,55,_,True,False,False,2,False,False,False,2,2,True,True,False,1,1,2,False,angestiegen . Analysten,1.0,100.0
SG12,P12_T2,P12,44,904,443900,443900,I,D,55,_,999,443900,444899,1,55,1,444899,448253,C,55+56+57+58,"haben_[_nebah]warnten,_dass_",True,True,True,1,True,False,False,1,2,True,True,False,1,1,2,False,Analysten,,
SG12,P12_T2,P12,45,904,449329,450546,C,D,118,Preis_[_]e_,2091,450546,452637,12,28+29+30+31+32+34+35+36+38+39+43+44+45+53+58+63,0,452637,454758,C,118,auch_weiter_[_]hin_,True,False,False,2,True,False,False,1,2,True,True,False,1,1,2,False,von,0.0,0.0
SG12,P12_T2,P12,46,904,452637,454758,C,D,118,auch_weiter_[_]hin_,6505,454758,461263,14,55+56+58+118+153,2,461263,470920,C,118+59+60+61+62+63+64+65+66+67+68,"[#P###################]sich_der_Aufwärtstrend_der_Preise_auch_weiterhin_fortsez[z]tzen_wird,_",True,False,False,2,True,False,False,1,2,True,True,False,1,1,2,False,von,0.0,33.0
SG12,P12_T2,P12,47,904,461263,470920,C,D,118+59+60+61+62+63+64+65+66+67+68,"[#P###################]sich_der_Aufwärtstrend_der_Preise_auch_weiterhin_fortsez[z]tzen_wird,_",7379,470920,478299,37,0+43+44+45+46+47+48+49+51+52+53+55+56+58+60+61+62+63+85+91+92+99+100+101+102+103+104+105+116+118+163,3,478299,480732,I,69+70+71+72+73,was_es_für_die_B,False,False,False,2,False,False,False,2,2,True,True,False,1,1,2,False,"von sich der Aufwärtstrend der Preise auch weiterhin fortsetzen wird ,",1.0,98.0
SG12,P12_T2,P12,48,904,478299,480732,I,D,69+70+71+72+73,was_es_für_die_B,14867,480732,495599,42,6+45+51+52+69+70+71+72+73+77+106+107+118+133+160,16,495599,497814,I,73+74+75,ank_of_England,True,False,False,2,False,False,False,2,2,False,False,False,2,2,2,False,was es für die Bank,1.0,100.0
SG12,P12_T2,P12,49,904,495599,497814,I,D,73+74+75,ank_of_England,1701,497814,499515,10,72+73+79+81+99+100+101+102+103+104+105+106+107+133,1,499515,501746,I,75+76+77+78,"_schwer_macht,_",True,False,False,2,False,False,False,2,2,False,False,False,2,2,2,False,Bank of England,1.0,100.0
SG12,P12_T2,P12,50,904,499515,501746,I,D,75+76+77+78,"_schwer_macht,_",1825,501746,503571,4,79+81,0,503571,504850,I,79,Zinssätze_,False,False,False,2,False,False,False,2,2,False,False,False,2,2,2,False,"England schwer macht ,",1.0,92.0
SG12,P12_T2,P12,51,904,503571,504850,I,D,79,Zinssätze_,1685,504850,506535,6,79+80+81+108+109,2,506535,508781,C,80+81,zu_l[l]senken,False,False,False,2,False,False,False,2,2,False,False,False,2,2,2,False,Zinssätze,1.0,100.0
SG12,P12_T2,P12,52,904,506535,508781,C,D,80+81,zu_l[l]senken,2808,508781,511589,15,20+42+48+53+55+59+64+66+75+79+83+85+97+139+140,0,511589,511683,I,82,",_",False,False,False,2,False,False,False,2,2,False,False,False,2,2,2,False,zu senken,1.0,100.0
SG12,P12_T2,P12,53,904,511589,511683,I,D,82,",_",983,511683,512666,8,71+72+73+76+79+80,0,512666,513430,I,118+82,da_sie_,True,False,False,2,False,False,False,2,2,True,False,False,1,2,2,False,",",,
SG12,P12_T2,P12,54,904,512666,513430,I,D,118+82,da_sie_,6334,513430,519764,26,41+55+58+59+64+66+69+71+73+75+77+79+83+84+85+87+88+93+94+97,0,519764,521261,C,82+83,[d#####]während_,True,False,False,2,True,False,False,1,2,True,True,False,1,1,2,False,"von ,",0.0,20.0
SG12,P12_T2,P12,55,904,519764,521261,C,D,82+83,[d#####]während_,2262,521261,523523,10,17+28+29+30+31+32+34+35+38+39+54+55+59+64+66+113+114,0,523523,523757,I,84,sie_,False,False,False,2,False,False,False,2,2,False,False,False,2,2,2,False,", während",1.0,100.0
SG12,P12_T2,P12,56,904,523523,523757,I,D,84,sie_,1046,523757,524803,3,85+96,0,524803,525598,I,85,versucht,False,False,False,2,False,False,False,2,2,False,False,False,2,2,2,False,sie,1.0,100.0
SG12,P12_T2,P12,57,904,524803,525598,I,D,85,versucht,1077,525598,526675,4,81+83,0,526675,526768,I,86,",_",False,False,False,2,False,False,False,2,2,False,False,False,2,2,2,False,versucht,1.0,100.0
SG12,P12_T2,P12,58,904,526675,526768,I,D,86,",_",2356,526768,529124,12,70+76+79+80+84+85+87+88+93+94+96+97,0,529124,541042,C,87+88+89+90+91+92+93+94+95+96+97+98,die_Inflation_zu_bekm[m]ämpfen_und_die_wirtschaftlich_[_]e_Lage_stabil_zu_halten._,False,False,False,2,False,False,False,2,2,False,False,False,2,2,2,False,",",,
SG12,P12_T2,P12,59,904,529124,541042,C,D,87+88+89+90+91+92+93+94+95+96+97+98,die_Inflation_zu_bekm[m]ämpfen_und_die_wirtschaftlich_[_]e_Lage_stabil_zu_halten._,8705,541042,549747,37,4+5+28+29+30+31+32+33+34+35+36+37+38+39+51+53+55+70+71+72+95+96+99+100+101+102+103+104+105+106+107+108+109+110+111+112+113+114,2,549747,556861,C,100+101+102+103+104+105+99,Um_die_ganze_Lage_z[z]nc[c]och_zu_bver[rev]v[#]erschlimmern,False,False,False,2,False,False,False,2,2,False,False,False,2,2,2,False,die Inflation zu bekämpfen und die wirtschaftliche Lage stabil zu halten .,1.0,99.0
SG12,P12_T2,P12,60,904,549747,556861,C,D,100+101+102+103+104+105+99,Um_die_ganze_Lage_z[z]nc[c]och_zu_bver[rev]v[#]erschlimmern,1997,556861,558858,7,122+133+134+136+137+160+183,0,558858,558951,I,106,",_",False,False,False,2,False,False,False,2,2,False,False,False,2,2,2,False,die ganze Lage noch zu verschlimmern Um,1.0,90.0
SG12,P12_T2,P12,61,904,558858,558951,I,D,106,",_",6162,558951,565113,19,81+83+110+111+112+113+114+133+134+136+138+167,0,565113,566626,I,107+118,steigen_Preise_,False,False,False,2,False,False,False,2,2,False,False,False,2,2,2,False,",",,
SG12,P12_T2,P12,62,904,565113,566626,I,D,107+118,steigen_Preise_,1092,566626,567718,1,118,1,567718,568623,D,107,[esierP,True,False,False,2,True,False,False,1,2,True,True,False,1,1,2,False,steigen von,0.0,73.0
SG12,P12_T2,P12,63,904,567718,568623,D,D,107,[esierP,3838,568623,572461,5,83+99+100+101+102+103+104+105,0,572461,574988,I,108+109+110+111,die_Preise_viel_schneller_,False,False,False,2,False,False,False,2,2,False,False,False,2,2,2,False,steigen,0.0,43.0
SG12,P12_T2,P12,64,904,572461,574988,I,D,108+109+110+111,die_Preise_viel_schneller_,921,574988,575909,3,113+114,0,575909,576189,I,112,als_,False,False,False,2,False,False,False,2,2,False,False,False,2,2,2,False,die Preise viel schneller,1.0,100.0
SG12,P12_T2,P12,65,904,575909,576189,I,D,112,als_,983,576189,577172,3,92+113+114+178+179,0,577172,580885,C,112+113+114,Ge[eG]die_Geä[ä]hälter,True,False,False,2,True,False,False,1,2,True,False,False,1,2,2,False,als,1.0,100.0
SG12,P12_T2,P12,66,904,577172,580885,C,D,112+113+114,Ge[eG]die_Geä[ä]hälter,1342,580885,582227,6,139+140+143+144+145+147+183,0,582227,582289,I,115,",_",False,False,False,2,False,False,False,2,2,False,False,False,2,2,2,False,als die Gehälter,1.0,100.0
SG12,P12_T2,P12,67,904,582227,582289,I,D,115,",_",1092,582289,583381,4,93+94+116+143+147+164,0,583381,592086,C,116+117+118,insbeo[o]sondere_die_von_Krankenv[v]schwe[ewhcs]pfegern,False,True,False,2,False,False,False,2,2,False,False,False,2,2,2,False,",",,
SG12,P12_T2,P12,68,904,593303,594005,C,D,118,[n]Innen,1903,594005,595908,10,118+122+139+140+145+146+165+168+169+170,4,595908,597156,I,118,_und_anderen,True,False,False,2,False,False,False,2,2,True,True,False,1,1,2,False,von,0.0,33.0
SG12,P12_T2,P12,69,904,595908,597156,I,D,118,_und_anderen,2371,597156,599527,6,118+119,5,599527,603614,C,118+120,[##############################knarK]Pflegekä[ä]räöf[fö]ften,True,True,True,1,True,False,False,1,2,True,True,False,1,1,2,False,von,0.0,33.0
SG12,P12_T2,P12,70,904,605627,607904,C,D,120+121,_und_andere_[_]n_,2449,607904,610353,6,118+120,3,610353,612787,C,120,[Pflegekräften]Krankenschwestern,True,True,True,1,True,False,False,1,2,True,True,False,1,1,2,False,und anderen,1.0,100.0
SG12,P12_T2,P12,71,904,616048,616048,I,D,121,_,1154,616048,617202,3,119+121,2,617202,618122,C,121,ürp[prü,True,False,False,2,True,False,False,1,2,True,True,False,1,1,2,False,anderen,,
SG12,P12_T2,P12,72,904,617202,618122,C,D,121,ürp[prü,983,618122,619105,1,121,1,619105,620962,I,121,Pflegekräfte,True,False,False,2,False,False,False,2,2,True,True,False,1,1,2,False,anderen,0.0,14.0
SG12,P12_T2,P12,73,904,619105,620962,I,D,121,Pflegekräfte,1092,620962,622054,2,183,0,622054,623114,D,121,[etfärk,True,False,False,2,True,False,False,1,2,True,True,False,1,1,2,False,anderen,0.0,43.0
SG12,P12_T2,P12,74,904,622054,623114,D,D,121,[etfärk,19515,623114,642629,69,6+12+14+15+17+19+21+28+29+30+31+32+34+35+37+38+39+50+51+53+55+56+60+61+62+69+75+77+79+80+95+96+97+99+100+101+102+103+104+105+107+108+109+110+111+113+114+116+118+133+149+150+154+155+156+157+158+160+181,0,642629,646374,C,119,[Krankenschwestern_]Pflegelk[kl]kräften_,False,True,False,2,False,True,False,2,2,True,True,False,1,1,2,False,anderen,0.0,29.0
SG12,P12_T2,P12,75,904,642629,646374,C,D,119,[Krankenschwestern_]Pflegelk[kl]kräften_,3744,646374,650118,6,119+120+121,3,650118,660055,C,121+123+124+125+126+127+128,"[Pflege_]_[_],_die_im_Gesundheitswesen_beschäftogt_[_tg]i[#]ggt[t]t[tg]t_sind._",False,True,False,2,False,False,False,2,2,False,False,False,2,2,2,False,Pflegekräften,1.0,100.0
SG12,P12_T2,P12,76,904,662505,664486,I,D,121+122,_Arbeitnehmern,13931,664486,678417,78,33+70+71+93+94+110+111+112+113+114+115+116+119+120+121+122+124+125+126+127+128+133+134+136+138+139+140+149+150+159+160+161+163+165+166+167+168+169+170+172+173+174+178+179+181+183,4,678417,680804,I,128,Denn_gerade_sie_,False,False,False,2,False,False,False,2,2,False,False,False,2,2,2,False,anderen Arbeitnehmern,1.0,100.0
SG12,P12_T2,P12,77,904,678417,680804,I,D,128,Denn_gerade_sie_,9609,680804,690413,48,93+94+110+111+113+114+115+116+117+119+120+121+122+124+125+126+127+128+160+161+162+165+167+168+169+170+172+178+179+183,4,690413,691443,I,128,leiden_und,True,False,False,2,False,False,False,2,2,True,True,False,1,1,2,False,sind,0.0,50.0
SG12,P12_T2,P12,78,904,690413,691443,I,D,128,leiden_und,8377,691443,699820,39,76+93+94+95+97+98+99+100+101+102+103+104+105+110+111+112+113+114+116+117+119+120+121+122+160+162+163+178+179+183,0,699820,699820,D,128,[a#################,True,False,False,2,True,False,False,1,2,True,True,False,1,1,2,False,sind,0.0,50.0
SG12,P12_T2,P12,79,904,699820,699820,D,D,128,[a#################,3276,699820,703096,12,14+15+107+124+125+126+127+128+133+160+181+183,2,703096,705233,C,128,[#######D_.]_und_unter_,True,False,False,2,True,False,False,1,2,True,True,False,1,1,2,False,sind,0.0,0.0
SG12,P12_T2,P12,80,904,703096,705233,C,D,128,[#######D_.]_und_unter_,1030,705233,706263,4,124+125+126+127+128+163+183,2,706263,706497,I,128,den_,True,False,False,2,False,False,False,2,2,True,True,False,1,1,2,False,sind,0.0,50.0
SG12,P12_T2,P12,81,904,706263,706497,I,D,128,den_,1576,706497,708073,8,165+166+167+168+169+170+172+183,0,708073,713252,I,128,Sparmaßen_der_Regierung_zu_leiden_haben,True,False,False,2,False,False,False,2,2,True,True,False,1,1,2,False,sind,0.0,33.0
SG12,P12_T2,P12,82,904,708073,713252,I,D,128,Sparmaßen_der_Regierung_zu_leiden_haben,5163,713252,718415,33,53+76+99+100+101+102+103+104+105+112+113+114+116+124+125+126+127+128+149+150+154+155+156+157+158+165+167+168+169+170+173,5,718415,718525,I,128,._,True,False,False,2,False,False,False,2,2,True,True,False,1,1,2,False,sind,0.0,50.0
SG12,P12_T2,P12,83,904,718415,718525,I,D,128,._,18345,718525,736870,83,79+96+97+116+119+121+122+124+125+126+127+128+133+134+136+137+138+139+140+142+143+144+146+147+149+150+153+154+155+156+157+158+159+160+161+162+163+165+166+167+168+169+170+172+173+183,6,736870,736870,D,128,[Sparmaßen_der_Regierung_zu_leiden_haben._,True,False,False,2,True,False,False,1,2,True,True,False,1,1,2,False,sind,,
SG12,P12_T2,P12,84,904,736870,736870,D,D,128,[Sparmaßen_der_Regierung_zu_leiden_haben._,29875,736870,766745,108,0+28+29+30+31+32+33+34+35+38+39+72+73+75+93+94+113+114+115+116+117+118+119+120+121+122+124+125+126+127+128+132+133+134+136+137+138+139+140+142+143+144+145+146+147+149+150+154+155+156+157+158+160+161+162+163+164+167+183,15,766745,780473,C,128+129+130+131+132+133+134+135+136+137+138+139+140+141+143,"[##############_]-[-]._Denn_gerade_sie_leiden_unter_[_retnu]darunter,_dass_die_G[G]Regierung_[_]_darauf_besteht,_dass_",True,True,True,1,True,False,False,1,2,True,True,False,1,1,2,False,sind,0.0,50.0
SG12,P12_T2,P12,85,904,781955,782204,I,D,143,die_,2949,782204,785153,13,117+119+121+124+125+126+127+128+133+138+153+165+168+169+170,0,785153,790176,C,144+145+146+147,im_öl[l]ffentlichen_Sektor_Tätigen_,False,False,False,2,False,False,False,2,2,False,False,False,2,2,2,False,die,1.0,100.0
SG12,P12_T2,P12,86,904,785153,790176,C,D,144+145+146+147,im_öl[l]ffentlichen_Sektor_Tätigen_,3900,790176,794076,21,12+21+55+115+122+132+133+138+145+146+153+165+168+169+170+183,4,794076,800644,C,147+148+149+150,eine[eni]n[ne]nur_eine_Gehaltserhöhung_,True,False,False,2,True,False,False,1,2,True,False,False,1,2,2,False,im öffentlichen Sektor Tätigen,1.0,100.0
SG12,P12_T2,P12,87,904,794076,800644,C,D,147+148+149+150,eine[eni]n[ne]nur_eine_Gehaltserhöhung_,1450,800644,802094,3,149+150+151,1,802094,804637,I,151+153+154+155+156,"erhalten,_die_unter_der_",False,False,False,2,False,False,False,2,2,False,False,False,2,2,2,False,Tätigen nur eine Gehaltserhöhung,1.0,100.0
SG12,P12_T2,P12,88,904,802094,804637,I,D,151+153+154+155+156,"erhalten,_die_unter_der_",2013,804637,806650,11,33+74+97+119+149+150+154+155+156+157+158,4,806650,808974,I,157+158+159+165,Inflationsrate_liegt._,False,False,False,2,False,False,False,2,2,True,False,False,1,2,2,False,"erhalten , die unter der",1.0,96.0
SG12,P12_T2,P12,89,904,806650,808974,I,D,157+158+159+165,Inflationsrate_liegt._,5678,808974,814652,24,33+95+113+114+115+116+118+119+133+134+136+149+150+151+160+162+183,0,814652,817133,C,151,_spöö[ööps_,False,False,False,2,False,False,False,2,2,True,True,False,1,1,2,False,Inflationsrate liegt . schießen,1.0,95.0
SG12,P12_T2,P12,90,904,814652,817133,C,D,151,_spöö[ööps_,1029,817133,818162,3,151+154+155+156+157+158,2,818162,818771,C,151,_s[s_,True,False,False,2,True,False,False,1,2,True,False,False,1,2,2,False,erhalten,0.0,0.0
SG12,P12_T2,P12,91,904,818162,818771,C,D,151,_s[s_,5351,818771,824122,27,14+15+36+113+114+116+117+118+119+133+134+136+137+138+139+140+142+144+145+146+149+150+154+155+156+157+158+160,0,824122,828084,C,151+152,_spö[öp]p[p]olö[ö]len,True,False,False,2,True,False,False,1,2,True,False,False,1,2,2,False,erhalten,0.0,0.0
SG12,P12_T2,P12,92,904,824122,828084,C,D,151+152,_spö[öp]p[p]olö[ö]len,12714,828084,840798,59,99+100+101+102+103+104+105+113+114+115+116+118+119+121+122+124+125+126+127+128+133+134+136+137+138+139+140+143+146+147+149+150+153+160,0,840798,840798,I,159,_,False,False,False,2,False,False,False,2,2,False,False,False,2,2,2,False,erhalten sollen,1.0,100.0
SG12,P12_T2,P12,93,904,840798,840798,I,D,159,_,3105,840798,843903,12,28+29+30+31+32+34+35+38+39+133+134+136+137+138+139+140+160+161,0,843903,849565,C,160+161+162+163,Nenen_[_nen]ben_Treibstoff_und_Nahrung,False,True,False,2,False,False,False,2,2,False,False,False,2,2,2,False,.,,
SG12,P12_T2,P12,94,904,843903,849565,C,D,160+161+162+163,Nenen_[_nen]ben_Treibstoff_und_Nahrung,3323,849565,852888,13,163+164+165+166+167+168+169+170+183,1,852888,852966,I,164,",_",False,False,False,2,False,False,False,2,2,False,False,False,2,2,2,False,Neben Treibstoff und Nahrung,1.0,100.0
SG12,P12_T2,P12,95,904,852888,852966,I,D,164,",_",11310,852966,864276,32,51+54+93+94+112+143+147+164+165+167+168+169+170+183,1,864276,866055,I,165,schießen_,False,False,False,2,False,False,False,2,2,False,False,False,2,2,2,False,",",,
SG12,P12_T2,P12,96,904,864276,866055,I,D,165,schießen_,1170,866055,867225,3,165+168+169+170,3,867225,868442,I,165,auch_Strom,True,False,False,2,False,False,False,2,2,True,True,False,1,1,2,False,schießen,1.0,100.0
SG12,P12_T2,P12,97,904,867225,868442,I,D,165,auch_Strom,2355,868442,870797,5,165+168+169+170,5,870797,872123,I,165,rechnugen,True,False,False,2,False,False,False,2,2,True,True,False,1,1,2,False,schießen,0.0,25.0
SG12,P12_T2,P12,98,904,870797,872123,I,D,165,rechnugen,1108,872123,873231,1,165+168+169+170,1,873231,873231,D,165,[n,True,False,False,2,True,False,False,1,2,True,True,False,1,1,2,False,schießen,0.0,50.0
SG12,P12_T2,P12,99,904,873231,873231,D,D,165,[n,1560,873231,874791,4,165+168+169+170+183,3,874791,881920,C,165+183,[####################neßei]nellen_auch_Stromrechnungen_nach_oben._,True,True,True,1,True,False,False,1,2,True,True,False,1,1,2,False,schießen,0.0,50.0
SG12,P12_T2,P12,100,904,885305,886007,D,D,165,[##################################llen,7988,886007,893995,16,37+91+93+94+143+147+153+163+164+165+167+168+169+170,4,893995,895461,I,165+166,ießen_auch_die_,True,False,False,2,False,False,False,2,2,False,False,False,2,2,2,False,schießen,0.0,25.0
SG12,P12_T2,P12,101,904,893995,895461,I,D,165+166,ießen_auch_die_,5819,895461,901280,13,54+93+94+116+149+150+165+167+168+169+170+183,1,901280,906506,C,166+167+168+169+170+171,S[S_eid]Stromrechnn[n]ungen_in_die_Höhe._,True,True,True,1,True,False,False,1,2,True,True,False,1,1,2,False,schießen auch,1.0,77.0
SG12,P12_T2,P12,102,904,911389,912949,I,D,172,Fünf_von_se,967,912949,913916,8,97+119+134+136+152+172,4,913916,919423,C,172+173+174+175+176+177,[###nov]der_sechs_größten_Anbieter_haben_,True,False,False,2,True,False,False,1,2,True,False,False,1,2,2,False,Fünf,1.0,100.0
SG12,P12_T2,P12,103,904,913916,919423,C,D,172+173+174+175+176+177,[###nov]der_sechs_größten_Anbieter_haben_,2215,919423,921638,8,59+64+66+149+150+178+179+180+181+182,0,921638,928221,C,178+179+180+181+182+183,di_e[#]_Rechnunger_[_r]n_ihrer_Kunden_erhöht._,False,False,False,2,False,False,False,2,2,False,False,False,2,2,2,False,Fünf der sechs größten Anbieter haben,1.0,100.0
SG12,P12_T2,P12,104,904,921638,928221,C,D,178+179+180+181+182+183,di_e[#]_Rechnunger_[_r]n_ihrer_Kunden_erhöht._,11356,928221,939577,34,4+5+6+7+8+9+10+11+13+180+182,4,939577,942979,C,8,[Lebenskosten]Lbee[eeb]ebenshaltungskosten,False,True,False,2,False,False,False,2,2,False,False,False,2,2,2,False,die Rechnungen ihrer Kunden erhöht .,1.0,97.0
SG12,P12_T6,P12,105,1499,23650,27253,I,D,1+2+3,Die_Mehrzahl_der_,3885,27253,31138,11,1+3+4+10+115+116+117+123,8,31138,34882,C,4+5+6+8,Jäger_[_]-_und_S,False,False,False,2,False,False,False,2,2,False,False,False,2,2,2,False,Die Mehrzahl der,1.0,100.0
SG12,P12_T6,P12,106,1499,31138,34882,C,D,4+5+6+8,Jäger_[_]-_und_S,3728,34882,38610,10,8+10+33+50+71+72+73+74,6,38610,49936,C,10+11+12+13+14+15+16+8,ammlergesellschaften_sidn_[_nd]nd_Noa[a]maden._Es_ist_schwierig,True,True,True,1,True,False,False,1,2,True,True,False,1,1,2,False,Jäger - und Sammler,1.0,92.0
SG12,P12_T6,P12,107,1499,134972,135908,C,D,16+17,"m_[_m],_",106315,135908,242223,337,0+8+10+11+12+13+14+15+16+18+19+20+21+23+24+40+42+43+44+45+51+53+58+59+96+97+99+100+104+105+106+107+108+124+145+146,75,242223,251941,C,18+19+20+21+22+23+24+25+26,"in_einem_solchen_Unterhaltssystem_u[u]zu_leben,_da_",False,False,False,2,False,False,False,2,2,False,False,False,2,2,2,False,"schwierig ,",,
SG12,P12_T6,P12,108,1499,242223,251941,C,D,18+19+20+21+22+23+24+25+26,"in_einem_solchen_Unterhaltssystem_u[u]zu_leben,_da_",9298,251941,261239,30,2+3+4+8+10+11+15+16+20+21+22+30+48+87+124,13,261239,262768,I,18,_dauerhaft,True,False,False,2,False,False,False,2,2,True,False,False,1,2,2,False,"dauerhaft in einem solchen Unterhaltssystem zu leben , da",1.0,98.0
SG12,P12_T6,P12,109,1499,261239,262768,I,D,18,_dauerhaft,3151,262768,265919,12,4+5+6+7+8+11+31+50+71+72+73+74+91+92,0,265919,269835,I,29+30+31+54,eine_Gegend_schnell_,False,False,False,2,False,False,False,2,2,True,False,False,1,2,2,False,dauerhaft,1.0,100.0
SG12,P12_T6,P12,110,1499,265919,269835,I,D,29+30+31+54,eine_Gegend_schnell_,5741,269835,275576,19,28+29+30+31+32+34+50+131+136,12,275576,277557,I,27+28,die_Ressourcen_,False,False,False,2,False,False,False,2,2,False,False,False,2,2,2,False,einer Gegend schnell .,1.0,95.0
SG12,P12_T6,P12,111,1499,275576,277557,I,D,27+28,die_Ressourcen_,1591,277557,279148,2,30,0,279148,279148,I,29,r,False,False,False,2,False,False,False,2,2,False,False,False,2,2,2,False,die Ressourcen,1.0,100.0
SG12,P12_T6,P12,112,1499,279148,279148,I,D,29,r,2215,279148,281363,8,30+31+71+72+73+74+91+92,0,281363,281363,I,31,_,False,False,False,2,False,False,False,2,2,False,False,False,2,2,2,False,einer,,
SG12,P12_T6,P12,113,1499,281363,281363,I,D,31,_,3635,281363,284998,14,30+31+32+34,7,284998,290583,C,32+33+34+35,erschöpüft[tfü]t[t]ft_sein_können._,False,False,False,2,False,False,False,2,2,False,False,False,2,2,2,False,schnell,,
SG12,P12_T6,P12,114,1499,284998,290583,C,D,32+33+34+35,erschöpüft[tfü]t[t]ft_sein_können._,2855,290583,293438,15,0+1+8+10+16+28+36+58+94+130,0,293438,296620,C,36+37+38+40,Jäger_n[n_]-_und_Sammler,False,False,False,2,False,False,False,2,2,False,False,False,2,2,2,False,erschöpft sein können .,1.0,95.0
SG12,P12_T6,P12,115,1499,293438,296620,C,D,36+37+38+40,Jäger_n[n_]-_und_Sammler,80278,296620,376898,300,0+4+5+6+7+8+10+11+12+13+14+15+18+23+24+27+28+29+30+31+32+33+34+37+38+39+48+50+53+55+56+57+58+60+71+72+73+74+76+89+90+91+92+93+98+100+115+116+117+123+125+127+128+134+135+136+147,1,376898,378115,D,5+8,[__,False,False,False,2,False,False,False,2,2,True,False,False,1,2,2,False,Jäger - und Sammler,1.0,94.0
SG12,P12_T6,P12,116,1499,376898,378115,D,D,5+8,[__,1716,378115,379831,1,10,0,379831,382327,C,10+8+9,[g]G[G]-G,True,False,False,2,True,False,False,1,2,True,False,False,1,2,2,False,- Sammler,,
SG12,P12_T6,P12,117,1499,379831,382327,C,D,10+8+9,[g]G[G]-G,6646,382327,388973,30,10+11+12+15+18+23+24+27+28+29+30+31+32+33+34+35+36,1,388973,388973,D,38,[_,False,False,False,2,False,False,False,2,2,False,False,False,2,2,2,False,Gesellschaften Sammler -,0.0,50.0
SG12,P12_T6,P12,118,1499,388973,388973,D,D,38,[_,3213,388973,392186,3,8+10+28,0,392186,392186,I,7,-,False,False,False,2,False,False,False,2,2,True,False,False,1,2,2,False,und,,
SG12,P12_T6,P12,119,1499,392186,392186,I,D,7,-,10608,392186,402794,40,3+4+5+6+7+8+10+11+12+13+16+18+20+23+24+32+34+35+36+58+76+104+105+106+107+108,2,402794,403450,C,38+39,[_]-,False,False,False,2,False,False,False,2,2,False,False,False,2,2,2,False,-,,
SG12,P12_T6,P12,120,1499,402794,403450,C,D,38+39,[_]-,1716,403450,405166,3,36+37+38+39,2,405166,406928,I,41+42,-Gesellschaften,False,False,False,2,False,False,False,2,2,False,False,False,2,2,2,False,und -,,
SG12,P12_T6,P12,121,1499,405166,406928,I,D,41+42,-Gesellschaften,4649,406928,411577,25,2+4+16+18+19+21+22+23+24+29+31+32+50+55+56+57+89,0,411577,415633,I,42+43+44+45+46,"_neigen_auch_dazu,_",True,False,False,2,False,False,False,2,2,False,False,False,2,2,2,False,- Gesellschaften,1.0,93.0
SG12,P12_T6,P12,122,1499,411577,415633,I,D,42+43+44+45+46,"_neigen_auch_dazu,_",1841,415633,417474,7,13+22,0,417474,423933,C,51,eingi[ig]ige_geringe_Besi[iseB]Ve[eV]B,False,False,False,2,False,False,False,2,2,False,False,False,2,2,2,False,"Gesellschaften neigen auch dazu ,",1.0,94.0
SG12,P12_T6,P12,123,1499,417474,423933,C,D,51,eingi[ig]ige_geringe_Besi[iseB]Ve[eV]B,2995,423933,426928,10,12+15+22+29+31+51+52+60+80,1,426928,431670,C,51+52+53,[B]Popiu[ui]ulationsdichte_aufzuweisen,True,False,False,2,True,False,False,1,2,True,False,False,1,2,2,False,geringe,1.0,100.0
SG12,P12_T6,P12,124,1499,426928,431670,C,D,51+52+53,[B]Popiu[ui]ulationsdichte_aufzuweisen,6521,431670,438191,26,4+12+29+30+32+33+34+43+45+47+48+49+50+51+52+53+70+125,6,438191,438191,I,54,.,False,False,False,2,False,False,False,2,2,False,False,False,2,2,2,False,geringe Populationsdichte aufzuweisen,1.0,100.0
SG12,P12_T6,P12,125,1499,438191,438191,I,D,54,.,5070,438191,443261,13,10+28+30+50+51+89+90+124,0,443261,444899,I,47+48,als_Folge_,False,False,False,2,False,False,False,2,2,False,False,False,2,2,2,False,.,,
SG12,P12_T6,P12,126,1499,443261,444899,I,D,47+48,als_Folge_,2200,444899,447099,12,49+50+51+71+72+73+74+136,0,447099,447754,I,49,ihres_,False,False,False,2,False,False,False,2,2,False,False,False,2,2,2,False,als Folge,1.0,100.0
SG12,P12_T6,P12,127,1499,447099,447754,I,D,49,ihres_,14602,447754,462356,48,29+30+31+32+34+36+43+44+45+48+49+50+71+72+73+74+90+91+92+115+116+117+123+128+136,4,462356,462512,I,51,Un,False,False,False,2,False,False,False,2,2,False,False,False,2,2,2,False,ihres,1.0,100.0
SG12,P12_T6,P12,128,1499,462356,462512,I,D,51,Un,127671,462512,590183,453,0+8+10+12+13+15+16+28+29+30+31+32+33+34+35+36+40+42+43+44+45+47+48+49+50+51+52+53+54+55+56+57+58+59+63+68+69+70+71+72+73+74+89+91+92+94+95+100+115+116+117+123+124+125+126+127+128+136+147,23,590183,593178,C,55,Auf_A[A]A,False,False,False,2,False,False,False,2,2,False,False,False,2,2,2,False,geringe,0.0,50.0
SG12,P12_T6,P12,129,1499,590183,593178,C,D,55,Auf_A[A]A,1622,593178,594800,3,55+56+57,3,594800,598903,C,55+56+57,[A]Landwirtschaft_beruhende_,True,False,False,2,True,False,False,1,2,True,False,False,1,2,2,False,Auf,1.0,100.0
SG12,P12_T6,P12,130,1499,594800,598903,C,D,55+56+57,[A]Landwirtschaft_beruhende_,1529,598903,600432,9,0+10+44+58+97,0,600432,602819,I,58,Unterhaltssysteme,False,False,False,2,False,False,False,2,2,False,False,False,2,2,2,False,Auf Landwirtschaft beruhende,1.0,100.0
SG12,P12_T6,P12,131,1499,600432,602819,I,D,58,Unterhaltssysteme,1825,602819,604644,7,10+16+18+19+21+23+24+43+45+58,1,604644,604644,I,58,_,True,False,False,2,False,False,False,2,2,True,False,False,1,2,2,False,Unterhaltssysteme,1.0,100.0
SG12,P12_T6,P12,132,1499,604644,604644,I,D,58,_,5507,604644,610151,28,12+28+29+30+31+32+33+34+36+42+43+44+45+51+53+59,0,610151,617733,C,58+59,l[l]lk[kl]lä[äl]l[l]käö[öä]ä[ä]ä[ä]önnen_,True,False,False,2,True,False,False,1,2,True,False,False,1,2,2,False,Unterhaltssysteme,,
SG12,P12_T6,P12,133,1499,610151,617733,C,D,58+59,l[l]lk[kl]lä[äl]l[l]käö[öä]ä[ä]ä[ä]önnen_,7456,617733,625189,22,12+20+21+22+28+31+50+51+58+59+60+61+76+104+105+106+107+108+130,3,625189,626547,I,59,Bevölk,True,False,False,2,False,False,False,2,2,True,True,False,1,1,2,False,Unterhaltssysteme können,1.0,100.0
SG12,P12_T6,P12,134,1499,625189,626547,I,D,59,Bevölk,2761,626547,629308,11,28+29+30+31+36+51+59,1,629308,634191,C,59+60,[#löveB]Bevölkerungsdiche[e]ten_,True,True,True,1,True,False,False,1,2,True,True,False,1,1,2,False,können,0.0,17.0
SG12,P12_T6,P12,135,1499,670227,680648,C,D,61+62+63+64+65+66+67+68,"aufrechtzuerhalten,_de_[_]i[#]e_50[0]6[#]0_oder_100_mal_größer_",3338,680648,683986,1,65,1,683986,685078,C,66+67,[m];[;]M,True,False,False,2,True,False,False,1,2,True,False,False,1,2,2,False,"aufrechterhalten , die 60 oder 100 Mal größer",1.0,91.0
SG12,P12_T6,P12,136,1499,683986,685078,C,D,66+67,[m];[;]M,2278,685078,687356,2,65+66,1,687356,688027,I,68+69,_sind,False,False,False,2,False,False,False,2,2,False,False,False,2,2,2,False,100 Mal,,
SG12,P12_T6,P12,137,1499,687356,688027,I,D,68+69,_sind,22058,688027,710085,98,10+16+33+36+37+38+39+40+42+43+44+45+48+49+50+51+52+53+54+55+56+57+58+59+60+61+67,0,710085,710725,I,69+70,_als_,True,False,False,2,False,False,False,2,2,False,False,False,2,2,2,False,größer sind,1.0,100.0
SG12,P12_T6,P12,138,1499,710085,710725,I,D,69+70,_als_,3775,710725,714500,12,60+61+63+65+66+67+68+69,4,714500,719086,I,71,bei_unkultiviertem_,False,False,False,2,False,False,False,2,2,False,False,False,2,2,2,False,sind als,1.0,100.0
SG12,P12_T6,P12,139,1499,714500,719086,I,D,71,bei_unkultiviertem_,8877,719086,727963,26,58+60+61+63+65+66+68+69+71+72+73+74,1,727963,728790,D,71,[########tluknu,True,False,False,2,True,False,False,1,2,True,False,False,1,2,2,False,bei,1.0,100.0
SG12,P12_T6,P12,140,1499,727963,728790,D,D,71,[########tluknu,1685,728790,730475,8,58+61+64+65+67,0,730475,736013,C,72+73+74+75,Gesellschaften_un[nu]ohne_Ackerbau._,False,False,False,2,False,False,False,2,2,False,False,False,2,2,2,False,bei,0.0,0.0
SG12,P12_T6,P12,141,1499,730475,736013,C,D,72+73+74+75,Gesellschaften_un[nu]ohne_Ackerbau._,22167,736013,758180,99,0+8+10+11+12+18+20+23+24+29+30+31+32+33+34+35+36+37+38+39+40+42+43+44+45+49+50+51+54+55+56+57+58+59+60+70+71+72+73+74+75+76+80+82+89+91+92+93+94+96+98+104+105+106+107+108+115+116+117+123+128+129+134+135,6,758180,769584,C,75+76+77+78+79+80+81+82,S[S]Jäger-_[_]undä[ä]_[_]-Sammlr[r]we-[-ew]er.-[-.]-Gesellschaften,True,False,False,2,True,False,False,1,2,True,False,False,1,2,2,False,Gesellschaften ohne Ackerbau .,1.0,97.0
SG12,P12_T6,P12,142,1499,758180,769584,C,D,75+76+77+78+79+80+81+82,S[S]Jäger-_[_]undä[ä]_[_]-Sammlr[r]we-[-ew]er.-[-.]-Gesellschaften,3338,769584,772922,17,0+63+68+69+71+72+73+74+76+80+82+83+84+85+86+104+105+106+107+108+139+140+141+142,7,772922,772922,I,82,_,True,False,False,2,False,False,False,2,2,False,False,False,2,2,2,False,. Jäger - und - Sammler - Gesellschaften,1.0,84.0
SG12,P12_T6,P12,143,1499,772922,772922,I,D,82,_,9189,772922,782111,23,0+50+60+63+68+69+70+71+72+73+74+80+82+83+84+85+86+89+101+102+103+109+110+113+136+142,6,782111,786198,I,83+84,charakterisieren_sich_,False,False,False,2,False,False,False,2,2,False,False,False,2,2,2,False,Gesellschaften,,
SG12,P12_T6,P12,144,1499,782111,786198,I,D,83+84,charakterisieren_sich_,2356,786198,788554,12,58+60+63+68+69+71+72+73+74+82+83+84+85+86+143,1,788554,791767,I,85+86+87,eher_durch_nicht,False,False,False,2,False,False,False,2,2,False,False,False,2,2,2,False,charakterisieren sich,1.0,100.0
SG12,P12_T6,P12,145,1499,788554,791767,I,D,85+86+87,eher_durch_nicht,2699,791767,794466,5,83+84+85+86+129,4,794466,796385,I,87,hierarchische,True,False,False,2,False,False,False,2,2,True,False,False,1,2,2,False,eher durch nichthierarchische,1.0,100.0
SG12,P12_T6,P12,146,1499,794466,796385,I,D,87,hierarchische,1825,796385,798210,10,87+88+89+147,2,798210,800644,C,87+88,_sozual[lau]iale_,True,False,False,2,True,False,False,1,2,True,False,False,1,2,2,False,nichthierarchische,1.0,100.0
SG12,P12_T6,P12,147,1499,798210,800644,C,D,87+88,_sozual[lau]iale_,3619,800644,804263,9,58+71+72+73+74+82+83+84+85+86,0,804263,807399,C,89,Strutkuren[nerukt]kturen.,False,True,False,2,False,False,False,2,2,False,False,False,2,2,2,False,nichthierarchische soziale,1.0,100.0
SG12,P12_T6,P12,148,1499,804263,807399,C,D,89,Strutkuren[nerukt]kturen.,2511,807399,809910,14,71+72+73+74+89+91+92+93+94+95+96+98+128+134+135,1,809910,817804,C,89+90+91+92+93+94+95+96+97+98+99,",_a[a_,.],_auch_wenn_dies_nicht_immer_der_Fall_d[d]ist._",True,False,False,2,True,False,False,1,2,True,False,False,1,2,2,False,Strukturen,1.0,100.0
SG12,P12_T6,P12,149,1499,809910,817804,C,D,89+90+91+92+93+94+95+96+97+98+99,",_a[a_,.],_auch_wenn_dies_nicht_immer_der_Fall_d[d]ist._",24648,817804,842452,120,0+42+43+45+48+50+51+53+55+56+57+58+59+60+61+71+72+73+74+75+76+77+78+79+80+82+83+84+85+86+87+89+91+92+93+95+96+97+98+99+100+101+102+103+104+105+106+107+108+109+110+113+115+116+117+123+125+126+128+134+135+136+147,11,842452,842826,I,100+103,Da_,False,False,False,2,False,False,False,2,2,False,False,False,2,2,2,False,"Strukturen , auch wenn dies nicht immer der Fall ist .",1.0,98.0
SG12,P12_T6,P12,150,1499,842452,842826,I,D,100+103,Da_,2559,842826,845385,8,75+76+77+78+79+80+94+95+97+100,1,845385,853700,C,104+105+106+107+108,Jäger-Sammler-Gesellscahf[fha]af[fa]haften,False,False,False,2,False,False,False,2,2,True,False,False,1,2,2,False,Da bei,1.0,100.0
SG12,P12_T6,P12,151,1499,845385,853700,C,D,104+105+106+107+108,Jäger-Sammler-Gesellscahf[fha]af[fa]haften,3915,853700,857615,10,59+60+61+63+68+69+83+84+85+86,0,857615,857615,I,108,_,True,False,False,2,False,False,False,2,2,False,False,False,2,2,2,False,Jäger - Sammler - Gesellschaften,1.0,86.0
SG12,P12_T6,P12,152,1499,857615,857615,I,D,108,_,32215,857615,889830,107,0+14+28+30+32+52+53+54+58+60+61+63+64+68+69+80+82+83+84+85+86+87+91+92+93+94+95+96+97+98+100+101+102+103+104+105+106+107+108+109+110+113+115+116+117+123+127+128+131+136+142+144+147,25,889830,891436,I,109,in_der_Regel_,False,False,False,2,False,False,False,2,2,False,False,False,2,2,2,False,Gesellschaften,,
SG12,P12_T6,P12,153,1499,889830,891436,I,D,109,in_der_Regel_,2013,891436,893449,9,83+84+85+86+142+144+147,0,893449,894806,I,114,umherzie,False,False,False,2,False,False,False,2,2,True,True,False,1,1,2,False,oftmals,0.0,14.0
SG12,P12_T6,P12,154,1499,893449,894806,I,D,114,umherzie,14711,894806,909517,37,0+34+35+63+66+67+68+69+83+84+85+86+87+101+102+103+109+110+113+144+147,0,909517,909751,I,114,he,True,False,False,2,False,False,False,2,2,True,True,False,1,1,2,False,",",,
SG12,P12_T6,P12,155,1499,909517,909751,I,D,114,he,6115,909751,915866,26,83+84+85+86+87+88+89+91+92+93+95+97+98+101+102+103+109+110+111+112+113+125+126+144+147,0,915866,915866,I,114,n,True,False,False,2,False,False,False,2,2,True,True,False,1,1,2,False,",",,
SG12,P12_T6,P12,156,1499,915866,915866,I,D,114,n,2543,915866,918409,4,83+84+85+86+87,0,918409,918503,I,114,",_",True,False,False,2,False,False,False,2,2,True,True,False,1,1,2,False,",",,
SG12,P12_T6,P12,157,1499,918409,918503,I,D,114,",_",16458,918503,934961,48,29+52+61+83+84+85+86+87+88+89+91+92+100+111+112+145+147,0,934961,936271,D,109,[in_der_Regel,False,False,False,2,False,False,False,2,2,True,True,False,1,1,2,False,",",,
SG12,P12_T6,P12,158,1499,934961,936271,D,D,109,[in_der_Regel,8331,936271,944602,20,80+83+84+85+86+104+105+106+107+108+144+147,0,944602,946536,C,109,ofm[m]tmals,True,False,False,2,True,False,False,1,2,True,True,False,1,1,2,False,oftmals,0.0,14.0
SG12,P12_T6,P12,159,1499,944602,946536,C,D,109,ofm[m]tmals,10608,946536,957144,26,82+83+84+85+86,0,957144,964336,C,100+101+102+103,_es_sich_e[e]nei[ien]nb[bn]ne[en]bei,False,False,False,2,False,False,False,2,2,True,True,False,1,1,2,False,oftmals,1.0,100.0
SG12,P12_T6,P12,160,1499,957144,964336,C,D,100+101+102+103,_es_sich_e[e]nei[ien]nb[bn]ne[en]bei,3618,964336,967954,9,83+84+85+86+89+90+91+92+98,0,967954,985318,C,109+110+111+112+113,"[umherziehen]i,_i,jer[rej,i_,i]um_umherziedh[hd]hende_Gu[u]ruppe_h[h_]_[_]m[m]n_a[a]had[d]mdelt[tledm]mde[edm]ndeöt[t]ö[#]t[tö]lt",False,True,False,2,False,False,False,2,2,False,False,False,2,2,2,False,Da es sich bei,1.0,100.0
SG12,P12_T6,P12,161,1499,988344,990263,C,D,114,_ost[tso,2948,990263,993211,13,114+115+116+117+123+134+135+147,1,993211,994272,C,114,lä[äl]k,True,False,False,2,True,False,False,1,2,True,True,False,1,1,2,False,",",,
SG12,P12_T6,P12,162,1499,993211,994272,C,D,114,lä[äl]k,12215,994272,1006487,43,76+83+84+85+86+89+91+92+93+94+97+99+114+115+116+117+122+123+125+126+128+132+134+135+136+147,4,1006487,1015988,C,114,[k]lö[öl]neo[oen]n[n]bietet_sic_[s##_teteib_]_,True,True,True,1,True,False,False,1,2,True,True,False,1,1,2,False,",",,
SG12,P12_T6,P12,163,1499,1022368,1022883,I,D,115,ist_,1841,1022883,1024724,7,125+126+147,0,1024724,1029201,C,116+117+118+122+123+124,"es_für_sie_nicht_mögi[i]lich,_",False,False,False,2,False,False,False,2,2,False,False,False,2,2,2,False,ist,1.0,100.0
SG12,P12_T6,P12,164,1499,1024724,1029201,C,D,116+117+118+122+123+124,"es_für_sie_nicht_mögi[i]lich,_",6193,1029201,1035394,15,80+95+96+97+115+116+117+119+120+121+122+123+125+128,6,1035394,1037079,I,119+120+121,in_der_Regel_,False,False,False,2,False,False,False,2,2,False,False,False,2,2,2,False,"es für sie nicht möglich ,",1.0,96.0
SG12,P12_T6,P12,165,1499,1035394,1037079,I,D,119+120+121,in_der_Regel_,3994,1037079,1041073,15,115+116+117+119+120+121+123+131+132+134+135+136+147,1,1041073,1041073,I,124,_,False,False,False,2,False,False,False,2,2,False,False,False,2,2,2,False,in der Regel,1.0,100.0
SG12,P12_T6,P12,166,1499,1041073,1041073,I,D,124,_,8689,1041073,1049762,21,95+97+98+99+100+101+102+103+104+105+106+107+108+109+110+113+125+126+127+134+135+147,0,1049762,1054582,C,125+126,überschüssige_Nach[hc]hrung_,False,False,False,2,False,False,False,2,2,False,False,False,2,2,2,False,",",,
SG12,P12_T6,P12,167,1499,1049762,1054582,C,D,125+126,überschüssige_Nach[hc]hrung_,7707,1054582,1062289,21,125+126+128+129+147,13,1062289,1064379,I,127+128+129,zu_lagern._,False,False,False,2,False,False,False,2,2,False,False,False,2,2,2,False,überschüssige Nahrung,1.0,100.0
SG12,P12_T6,P12,168,1499,1062289,1064379,I,D,127+128+129,zu_lagern._,13806,1064379,1078185,57,0+83+84+85+86+104+105+106+107+108+115+116+117+123+125+126+128+130+139+140+141+142+143+144+146+147,2,1078185,1082631,C,129,Daraus_lä[äl,True,False,False,2,True,False,False,1,2,True,False,False,1,2,2,False,zu lagern .,1.0,90.0
SG12,P12_T6,P12,169,1499,1078185,1082631,C,D,129,Daraus_lä[äl,4446,1082631,1087077,9,83+84+85+86+87+127,0,1087077,1087654,D,129,[##araD,True,False,False,2,True,False,False,1,2,True,False,False,1,2,2,False,.,,
SG12,P12_T6,P12,170,1499,1087077,1087654,D,D,129,[##araD,3011,1087654,1090665,8,0+83+84+85+86+130+139+140+141+142,0,1090665,1091274,I,130,Daher_,False,False,False,2,False,False,False,2,2,False,False,False,2,2,2,False,.,,
SG12,P12_T6,P12,171,1499,1090665,1091274,I,D,130,Daher_,3993,1091274,1095267,19,0+126+129+131+132+133+134+135+136+139+140+141+142+144+146+147,0,1095267,1096624,I,142,werden_,False,False,False,2,False,False,False,2,2,False,False,False,2,2,2,False,Daher,1.0,100.0
SG12,P12_T6,P12,172,1499,1095267,1096624,I,D,142,werden_,24883,1096624,1121507,65,0+61+87+126+127+128+129+130+139+140+141+142+143+144+146+147,6,1121507,1122365,C,142,ö[ö,True,False,False,2,True,False,False,1,2,True,False,False,1,2,2,False,Anführer,0.0,33.0
SG12,P12_T6,P12,173,1499,1121507,1122365,C,D,142,ö[ö,17425,1122365,1139790,44,115+116+117+123+125+127+128+129+130+139+140+141+142+144+146+147,5,1139790,1140445,C,142,A[A,True,False,False,2,True,False,False,1,2,True,False,False,1,2,2,False,Anführer,0.0,0.0
SG12,P12_T6,P12,174,1499,1139790,1140445,C,D,142,A[A,2964,1140445,1143409,6,83+84+85+86+126+139+140+141+147,0,1143409,1150133,C,142,langr[rg]gr[r]fristige_Anf+h[h+]üü[ü]hrer,True,False,False,2,True,False,False,1,2,True,False,False,1,2,2,False,Anführer,0.0,33.0
SG12,P12_T6,P12,175,1499,1143409,1150133,C,D,142,langr[rg]gr[r]fristige_Anf+h[h+]üü[ü]hrer,2511,1150133,1152644,12,126+130+139+140+141+142+147,1,1152644,1165593,C,142+143+144+145+146,"._B[B_],_[_,.],_Nü[üN]Bürpl[lp]okraten_oder_Ja[aJ]Had[d]ndwerler[rel]ker",True,False,False,2,True,False,False,1,2,True,False,False,1,2,2,False,Anführer,1.0,100.0
SG12,P12_T6,P12,176,1499,1152644,1165593,C,D,142+143+144+145+146,"._B[B_],_[_,.],_Nü[üN]Bürpl[lp]okraten_oder_Ja[aJ]Had[d]ndwerler[rel]ker",1606,1165593,1167199,9,115+116+117+122+123+130+144+146+147,3,1167199,1169087,C,146,_selte_[_]n_,True,False,False,2,True,False,False,1,2,True,True,False,1,1,2,False,"Anführer , Bürokraten oder Handwerker",1.0,100.0
SG12,P12_T6,P12,177,1499,1167199,1169087,C,D,146,_selte_[_]n_,3713,1169087,1172800,14,104+105+106+107+108+115+116+117+119+120+121+123+126+127+144+145+147,0,1172800,1175109,C,146,mir_[_rim]nur_,True,True,True,1,True,False,False,1,2,True,True,False,1,1,2,False,Handwerker,0.0,33.0
SG12,P12_T6,P12,178,1499,1177854,1178587,I,D,146,_von_,3183,1178587,1181770,12,131+134+135+136+146,3,1181770,1187433,C,146,JägerS[S]--[-]Sammler-Gesellschaften_,True,False,False,2,True,False,False,1,2,True,True,False,1,1,2,False,Handwerker,0.0,33.0
SG12,P12_T6,P12,179,1499,1181770,1187433,C,D,146,JägerS[S]--[-]Sammler-Gesellschaften_,3900,1187433,1191333,13,80+98+104+105+106+107+108+125+136+146+147,5,1191333,1192549,I,146,geduldet.,True,False,False,2,False,False,False,2,2,True,True,False,1,1,2,False,Handwerker,0.0,40.0
SG12,P12_T6,P12,180,1499,1191333,1192549,I,D,146,geduldet.,34039,1192549,1226588,103,28+30+31+32+52+53+54+60+61+63+68+69+80+82+83+84+85+86+87+95+100+104+105+106+107+108+115+116+117+123+126+130+131+136+137+138+144+146+147,12,1226588,1228243,C,146,[geduldet]gre[#]tragen,True,True,True,1,True,False,False,1,2,True,True,False,1,1,2,False,Handwerker,0.0,22.0
SG12,P12_T6,P12,181,1499,1265480,1265480,D,D,18,[in_,1763,1265480,1267243,3,18+23+24,3,1267243,1267867,I,18+19,_in,True,False,False,2,False,False,False,2,2,False,False,False,2,2,2,False,dauerhaft,0.0,0.0
SG12,P12_T6,P12,182,1499,1267243,1267867,I,D,18+19,_in,23118,1267867,1290985,101,0+2+3+4+5+6+7+8+10+11+12+14+16+18+19+20+21+22+23+24+29+31+32+33+36+40+43+45+47+48+49+50+51+52+53+54+55+56+57+64+71+72+73+74+94+104+105+106+107+108+147,8,1290985,1293794,C,50,[Uneinige_]Unterhaltssystems_,False,True,False,2,False,True,False,2,2,False,False,False,2,2,2,False,dauerhaft in,1.0,100.0
SG12,P12_T6,P12,183,1499,1290985,1293794,C,D,50,[Uneinige_]Unterhaltssystems_,9313,1293794,1303107,41,48+49+50+52+54+58+60+61+63+65+67+68+69,4,1303107,1303575,D,61,[zu,False,False,False,2,False,False,False,2,2,False,False,False,2,2,2,False,Unterhaltssystems,1.0,100.0
SG12,P12_T6,P12,184,1499,1303107,1303575,D,D,61,[zu,148685,1303575,1452260,517,32+34+36+37+38+39+49+50+51+52+55+56+57+58+59+60+61+63+64+65+66+67+68+69+71+72+73+74+75+76+77+78+79+80+82+83+84+85+86+87+89+91+92+93+94+95+96+97+98+99+100+101+102+103+104+105+106+107+108+109+110+111+112+113+114+115+116+117+118+119+120+121+122+123+124+125+126+127+130+131+134+135+136+137+138+139+140+141+142+144+145+146+147,23,1452260,1460887,C,131+132+133+134+135+136,unterhalten_Jäger_-[-_]-Sammler-Gesellschaften_,False,False,False,2,False,False,False,2,2,False,False,False,2,2,2,False,aufrechterhalten,0.0,33.0
SG12,P12_T6,P12,185,1499,1452260,1460887,C,D,131+132+133+134+135+136,unterhalten_Jäger_-[-_]-Sammler-Gesellschaften_,2574,1460887,1463461,13,115+116+117+122+123+146,0,1463461,1471744,C,136+137+138+142,m[m]mn[nm]m[m]mn[nm]nur_slten[netl]elten_[###den_,True,False,False,2,True,False,False,1,2,True,False,False,1,2,2,False,unterhalten Jäger - Sammler - Gesellschaften,1.0,90.0
SG12,P12_T6,P12,186,1499,1463461,1471744,C,D,136+137+138+142,m[m]mn[nm]m[m]mn[nm]nur_slten[netl]elten_[###den_,3869,1471744,1475613,21,132+136+143+144+146+147,1,1475613,1475613,D,146,[_,False,False,False,2,False,False,False,2,2,True,True,True,1,1,1,False,Gesellschaften nur selten Anführer,0.0,67.0
SG12,P12_T6,P12,187,1499,1475613,1475613,D,D,146,[_,2434,1475613,1478047,6,146+147,5,1478047,1481027,C,146+147,[#####################################################]-[-]-[-].,True,False,False,2,True,False,False,1,2,True,False,False,1,2,2,False,Handwerker,,
SG12,P12_T6,P12,188,1499,1478047,1481027,C,D,146+147,[#####################################################]-[-]-[-].,57906,1481027,1538933,159,1+28+31+49+51+52+60+61+75+76+77+78+79+80+82+83+84+85+86+89+91+92+93+94+95+96+97+98+99+100+101+102+103+104+105+106+107+108+109+110+111+112+113+115+116+117+118+119+120+121+123+125+127+128+130+136+147,3,1538933,1539870,C,138,[langfristige_]V[V,False,True,False,2,False,True,False,2,2,False,False,False,2,2,2,False,Handwerker .,,
SG12,P13_T1,P13,1,1556,19172,19172,I,D,5,_,9345,19172,28517,49,1+2+3+4+6+112+142,0,28517,32698,I,5+6,Krankenschwester_,True,False,False,2,False,False,False,2,2,True,False,False,1,2,2,False,lebenslänglich,,
SG12,P13_T1,P13,2,1556,28517,32698,I,D,5+6,Krankenschwester_,8486,32698,41184,46,1+2+3+4+48+53+77+119+120+121+138+140+141,0,41184,45193,I,7+8,Colin_Norris_,False,False,False,2,False,False,False,2,2,True,False,False,1,2,2,False,lebenslänglich Krankenpfleger,0.0,62.0
SG12,P13_T1,P13,3,1556,41184,45193,I,D,7+8,Colin_Norris_,7832,45193,53025,21,1+5,0,53025,53883,I,9,wurde_,False,False,False,2,False,False,False,2,2,False,False,False,2,2,2,False,Colin Norris,1.0,100.0
SG12,P13_T1,P13,4,1556,53025,53883,I,D,9,wurde_,1762,53883,55645,10,1+5+10,0,55645,56285,I,16,heute_,False,False,False,2,False,False,False,2,2,False,False,False,2,2,2,False,wurde,1.0,100.0
SG12,P13_T1,P13,5,1556,55645,56285,I,D,16,heute_,9937,56285,66222,90,1+5+6+10+12+16+17+18+19+20+38+98,5,66222,74475,I,17+18+19+20,zu_lebenslanger_Haft_verurteilt,False,False,False,2,False,False,False,2,2,False,False,False,2,2,2,False,heute,1.0,100.0
SG12,P13_T1,P13,6,1556,66222,74475,I,D,17+18+19+20,zu_lebenslanger_Haft_verurteilt,10249,74475,84724,61,0+5+6+9+10+12+13+14+16+17+19+20+61+84+88+89+123+124+125+129+144,1,84724,87360,I,10+11,aufgrund_der_,False,False,False,2,False,False,False,2,2,False,False,False,2,2,2,False,zu lebenslanger Haft verurteilt,1.0,100.0
SG12,P13_T1,P13,7,1556,84724,87360,I,D,10+11,aufgrund_der_,2013,87360,89373,20,10+11+12+13+14+15+87,4,89373,90792,I,12,Tötung_,False,False,False,2,False,False,False,2,2,False,False,False,2,2,2,False,aufgrund der,1.0,100.0
SG12,P13_T1,P13,8,1556,89373,90792,I,D,12,Tötung_,1748,90792,92540,10,12+89+125+127+129,1,92540,94084,C,12,v[v,True,False,False,2,True,False,False,1,2,True,False,False,1,2,2,False,Tötung,1.0,100.0
SG12,P13_T1,P13,9,1556,92540,94084,C,D,12,v[v,2356,94084,96440,16,1+6+12+13+41+61+127,6,96440,96923,I,14,vier,False,False,False,2,False,False,False,2,2,False,False,False,2,2,2,False,Tötung,0.0,0.0
SG12,P13_T1,P13,10,1556,96440,96923,I,D,14,vier,5024,96923,101947,20,13+14+124+125+127+144,1,101947,102461,I,13,von_,False,False,False,2,False,False,False,2,2,False,False,False,2,2,2,False,vier,1.0,100.0
SG12,P13_T1,P13,11,1556,101947,102461,I,D,13,von_,1623,102461,104084,8,17+19+20,0,104084,105956,I,14+15,_Patienten_,False,False,False,2,False,False,False,2,2,False,False,False,2,2,2,False,von,1.0,100.0
SG12,P13_T1,P13,12,1556,104084,105956,I,D,14+15,_Patienten_,2558,105956,108514,20,6+16+132+133+135+136+143,0,108514,109762,I,21,._,False,False,False,2,False,False,False,2,2,False,False,False,2,2,2,False,vier Patienten,1.0,100.0
SG12,P13_T1,P13,13,1556,108514,109762,I,D,21,._,16365,109762,126127,156,0+1+2+3+4+5+6+10+11+12+13+14+15+16+17+18+19+20+21+22+23+24+27+28+29,10,126127,134036,C,23+26+27+28+29,"Norris,_32_Jahre_als[s]r_[_r]t",False,False,False,2,False,False,False,2,2,False,False,False,2,2,2,False,.,,
SG12,P13_T1,P13,14,1556,126127,134036,C,D,23+26+27+28+29,"Norris,_32_Jahre_als[s]r_[_r]t",5990,134036,140026,41,1+2+5+6+7+12+16+21+27+31+84+88,5,140026,140229,I,30,",_",False,False,False,2,False,False,False,2,2,True,False,False,1,2,2,False,"Norris , 32 Jahre alt",1.0,95.0
SG12,P13_T1,P13,15,1556,140026,140229,I,D,30,",_",10483,140229,150712,106,5+6+7+8+9+10+11+16+22+23+27+132+134+135+136+137+142+143+144,0,150712,151742,I,22,Colin_,False,False,False,2,False,False,False,2,2,False,False,False,2,2,2,False,",",,
SG12,P13_T1,P13,16,1556,150712,151742,I,D,22,Colin_,3370,151742,155112,34,0+5+16+21+22+23+27+28+111,1,155112,160603,C,23+24+25,_aus_Glos[so]asgow,False,False,False,2,False,False,False,2,2,False,False,False,2,2,2,False,Colin,1.0,100.0
SG12,P13_T1,P13,17,1556,155112,160603,C,D,23+24+25,_aus_Glos[so]asgow,4758,160603,165361,33,1+2+6+7+8+9,0,165361,174378,C,31+32+33+34,tötete_2002_die_vier_Frauen_[_,False,False,False,2,False,False,False,2,2,False,False,False,2,2,2,False,Norris aus Glasgow,1.0,100.0
SG12,P13_T1,P13,18,1556,165361,174378,C,D,31+32+33+34,tötete_2002_die_vier_Frauen_[_,5600,174378,179978,45,1+5+6+10+12+13+14+16+17+19+20+33+34+37+38+39+40+43+58+100+101,3,179978,181070,I,35+36,",_indem_",False,False,False,2,False,False,False,2,2,True,False,False,1,2,2,False,tötete 2002 vier Frauen,1.0,83.0
SG12,P13_T1,P13,19,1556,179978,181070,I,D,35+36,",_indem_",1623,181070,182693,1,36,1,182693,192458,C,37+38+39+40+41+42,sie_ihnen_eine_Überdoso[o]is_an_Schlafmit,False,False,False,2,False,False,False,2,2,False,False,False,2,2,2,False,", indem",1.0,100.0
SG12,P13_T1,P13,20,1556,182693,192458,C,D,37+38+39+40+41+42,sie_ihnen_eine_Überdoso[o]is_an_Schlafmit,1825,192458,194283,21,39+40+42,21,194283,197856,I,42+43,tel_verabreichte,True,False,False,2,False,False,False,2,2,True,False,False,1,2,2,False,er ihnen eine Überdosis an Schlafmittel,1.0,95.0
SG12,P13_T1,P13,21,1556,194283,197856,I,D,42+43,tel_verabreichte,2543,197856,200399,30,22+23+37+42+43,6,200399,200399,I,44,.,False,False,False,2,False,False,False,2,2,False,False,False,2,2,2,False,Schlafmittel verabreichte,1.0,100.0
SG12,P13_T1,P13,22,1556,200399,200399,I,D,44,.,10233,200399,210632,106,5+6+7+8+9+12+15+16+17+19+20+25+27+28+31+32+36+37+38+39+40+41+42+43+44+102+103,5,210632,210632,D,5,[Krankenschwester,False,False,False,2,False,False,False,2,2,False,False,False,2,2,2,False,.,,
SG12,P13_T1,P13,23,1556,210632,210632,D,D,5,[Krankenschwester,1888,210632,212520,12,6+22+23+28+112+113+119+120+121,0,212520,215843,I,6,Krankenpfleger,False,False,False,2,False,False,False,2,2,True,False,False,1,2,2,False,lebenslänglich,0.0,36.0
SG12,P13_T1,P13,24,1556,212520,215843,I,D,6,Krankenpfleger,13291,215843,229134,105,1+2+5+6+7+9+10+11+12+15+16+17+19+20+25+27+31+32+33+34+36+37+39+40+42+43+44+49+102+103+128,14,229134,229134,D,32,[_die,False,False,False,2,False,False,False,2,2,False,False,False,2,2,2,False,Krankenpfleger,1.0,100.0
SG12,P13_T1,P13,25,1556,229134,229134,D,D,32,[_die,8423,229134,237557,63,32+33+34+36+37+38+43+128,6,237557,237652,C,37,[sie]er,False,False,False,2,False,False,False,2,2,False,False,False,2,2,2,False,2002,0.0,0.0
SG12,P13_T1,P13,26,1556,237557,237652,C,D,37,[sie]er,18018,237652,255670,135,0+1+2+5+6+7+8+10+11+12+15+16+17+18+19+20+21+22+23+28+32+33+34+37+38+39+40+41+42+43+44+79+84+88+98+129+144,5,255670,255670,I,44,_,False,False,False,2,False,False,False,2,2,False,False,False,2,2,2,False,er,1.0,100.0
SG12,P13_T1,P13,27,1556,255670,255670,I,D,44,_,7909,255670,263579,74,5+6+7+8+13+15+17+19+20+21+22+23+24+25+27+28+29+33+34,0,263579,267386,I,45+46+47,Gestern_wurde_er_,False,False,False,2,False,False,False,2,2,False,False,False,2,2,2,False,.,,
SG12,P13_T1,P13,28,1556,263579,267386,I,D,45+46+47,Gestern_wurde_er_,2917,267386,270303,23,5+8+17+19+20+31+32+33+34,0,270303,275903,C,48+49+50,nach_langer_Verhandu[u]lung_,False,False,False,2,False,False,False,2,2,False,False,False,2,2,2,False,Gestern wurde er,1.0,100.0
SG12,P13_T1,P13,29,1556,270303,275903,C,D,48+49+50,nach_langer_Verhandu[u]lung_,6973,275903,282876,55,1+2+5+6+8+14+15+17+19+20+22+23+24+25+31+32+33+34+36+50+74+138,3,282876,283048,I,51,zu,False,False,False,2,False,False,False,2,2,False,False,False,2,2,2,False,nach langem Prozess,0.0,63.0
SG12,P13_T1,P13,30,1556,282876,283048,I,D,51,zu,8253,283048,291301,81,0+6+7+8+9+10+22+23+24+31+32+37+39+40+42+43+45+46+47+48+49+50+51+116+119+120+121+144,5,291301,300583,C,51+52+53+54+55+56,[u]u_vierfachen_Mord_schuldig_befunden._,True,False,False,2,True,False,False,1,2,True,False,False,1,2,2,False,des,0.0,0.0
SG12,P13_T1,P13,31,1556,291301,300583,C,D,51+52+53+54+55+56,[u]u_vierfachen_Mord_schuldig_befunden._,7425,300583,308008,75,6+7+8+9+10+11+12+13+14+16+21+22+23+32+34+37+38+39+40+41+42+43+109+114+131,0,308008,318086,C,57+58+59+60+61,Er_erhielt_vier_Mal_le[el]Lebenslänglich,False,False,False,2,False,False,False,2,2,False,False,False,2,2,2,False,des vierfachen Mordes schuldig befunden .,1.0,94.0
SG12,P13_T1,P13,32,1556,308008,318086,C,D,57+58+59+60+61,Er_erhielt_vier_Mal_le[el]Lebenslänglich,37596,318086,355682,290,1+5+6+7+8+9+10+11+12+15+16+22+23+24+29+32+36+41+42+48+49+50+51+52+53+58+59+60+61+80+83+98+100+101+110+118+122+123+124+125+127+129+140+141+144,25,355682,355854,C,60+61,[L]l,True,False,False,2,True,False,False,1,2,True,False,False,1,2,2,False,Er erhielt vier Mal lebenslänglich,1.0,100.0
SG12,P13_T1,P13,33,1556,355682,355854,C,D,60+61,[L]l,9953,355854,365807,99,1+2+6+31+32+33+34+37+38+39+40+42+43+51+54+55+58+59+60+61+62+65+68+71+85+87+111+132,29,365807,372343,I,62+63+64,",_ein_Mal_für_jeden_",False,False,False,2,False,False,False,2,2,False,False,False,2,2,2,False,Mal lebenslänglich,,
SG12,P13_T1,P13,34,1556,365807,372343,I,D,62+63+64,",_ein_Mal_für_jeden_",4898,372343,377241,43,6+7+8+9+11+12+22+23+24+27+28+45+46+50+62,2,377241,379191,C,64+65,[_n]_Tat,True,False,False,2,True,False,False,1,2,True,False,False,1,2,2,False,", für jede",1.0,90.0
SG12,P13_T1,P13,35,1556,377241,379191,C,D,64+65,[_n]_Tat,5492,379191,384683,50,48+49+53+65+70+72+73+74+75+77+80+83+86+87+91+93+94,3,384683,384870,I,68,._,False,False,False,2,False,False,False,2,2,False,False,False,2,2,2,False,jede Tat,1.0,100.0
SG12,P13_T1,P13,36,1556,384683,384870,I,D,68,._,2465,384870,387335,6,6+22+23+25+49+128,0,387335,404120,C,68+69+70+71+72+73+74+75+76,Er_m[m_rE]Davon_muss_er_mide[ed]ndestens_40[04]30_Jahre_absitzen._,True,True,True,1,True,False,False,1,2,True,True,False,1,1,2,False,.,,
SG12,P13_T1,P13,37,1556,437567,445164,I,D,77+78+79,Polizeibeamter_Chris_Gregg_,10749,445164,455913,52,6+12+13+14+15+16+58+75+77+80+81+82+83+84+85+86+87+88+89+98+99+122+123,2,455913,458206,I,80+81+82,"sagte,_dass_",False,False,False,2,False,False,False,2,2,False,False,False,2,2,2,False,Polizeibeamter Chris Gregg,1.0,100.0
SG12,P13_T1,P13,38,1556,455913,458206,I,D,80+81+82,"sagte,_dass_",2028,458206,460234,11,83+87+89+109+114+130,0,460234,466084,I,83+84+85+86,Norris_sich_im_Krankenhaus_,False,False,False,2,False,False,False,2,2,False,False,False,2,2,2,False,"sagte , dass",1.0,91.0
SG12,P13_T1,P13,39,1556,460234,466084,I,D,83+84+85+86,Norris_sich_im_Krankenhaus_,2964,466084,469048,32,37+43+59+60+61+62+64+84+87+88,3,469048,475678,I,87+88+89+90,auffällig_verhalten_hatte._,False,False,False,2,False,False,False,2,2,False,False,False,2,2,2,False,Norris sich im Krankenhaus,1.0,100.0
SG12,P13_T1,P13,40,1556,469048,475678,I,D,87+88+89+90,auffällig_verhalten_hatte._,27487,475678,503165,173,0+6+8+9+10+12+14+15+16+17+18+19+20+21+37+38+42+43+45+50+54+55+63+68+70+71+72+73+74+76+77+83+84+85+88+89+90+93+94+95+96+97+98+99+100+101+102+103+104+105+109+114+117+124+127+130+132+140+141+142+144,16,503165,510061,C,91+92+93+94+95,Nur_durch_du[u]ie_Wachsamkeit_anderer_,False,False,False,2,False,False,False,2,2,False,False,False,2,2,2,False,auffällig verhalten hatte .,1.0,96.0
SG12,P13_T1,P13,41,1556,503165,510061,C,D,91+92+93+94+95,Nur_durch_du[u]ie_Wachsamkeit_anderer_,1919,510061,511980,9,54+74+77+78+96+98+102+103+116,0,511980,517050,I,96,Krankenhausmitarbeiter_,False,False,False,2,False,False,False,2,2,False,False,False,2,2,2,False,Nur durch die Wachsamkeit anderer,1.0,100.0
SG12,P13_T1,P13,42,1556,511980,517050,I,D,96,Krankenhausmitarbeiter_,3884,517050,520934,22,38+39+40+80+96+97+98+99+100+101+102+103+104+105+118,1,520934,533102,I,100+101+102+103+104+105+106+97+98+99,konnte_ihm_und_sein_Treiben_ein_Ende_gesetzt_werden._,False,False,False,2,False,False,False,2,2,False,False,False,2,2,2,False,Krankenhausmitarbeiter,1.0,100.0
SG12,P13_T1,P13,43,1556,520934,533102,I,D,100+101+102+103+104+105+106+97+98+99,konnte_ihm_und_sein_Treiben_ein_Ende_gesetzt_werden._,7473,533102,540575,52,0+97+99+100+101+104+105+106+108+109+110+111+113+114+116+118+119+120+121+124+125+127+129+130+131+132+134+135,5,540575,548921,C,107+108+109+110+111,Die_Polizri[ir]ei_hat_als_Motivb_[_b]_,False,False,False,2,False,False,False,2,2,False,False,False,2,2,2,False,sein Treiben ein Ende gesetzt werden . konnte ihm und,0.0,71.0
SG12,P13_T1,P13,44,1556,540575,548921,C,D,107+108+109+110+111,Die_Polizri[ir]ei_hat_als_Motivb_[_b]_,12043,548921,560964,105,6+9+11+16+32+33+51+74+85+86+90+91+93+94+109+110+111+112+113+114+116+124+125+128+131+132+134+142,48,560964,571541,C,112+113+114+115+116+117,"Norris_ab[ba]Abneigung_befunden,_miz_[_z]t_älteren_",False,False,False,2,False,False,False,2,2,False,False,False,2,2,2,False,Die Polizei hat als Motiv,1.0,100.0
SG12,P13_T1,P13,45,1556,560964,571541,C,D,112+113+114+115+116+117,"Norris_ab[ba]Abneigung_befunden,_miz_[_z]t_älteren_",3229,571541,574770,27,48+49+50+74+76+77+78+80+81+82+95+96+100+101+117+124+138,1,574770,579450,I,118+119+122,Menschen_zu_arbeiten._,False,False,False,2,False,False,False,2,2,False,False,False,2,2,2,False,"Norris Abneigung befunden , mit älteren",1.0,97.0
SG12,P13_T1,P13,46,1556,574770,579450,I,D,118+119+122,Menschen_zu_arbeiten._,5772,579450,585222,20,96+98+102+103+113+117+119+120+121+123+124+125+126+129+130,1,585222,594473,C,122+123+124+125+126+127,A[A]Seine_Opfer_waren_aöö[öö]lle_ältere_,True,False,False,2,True,False,False,1,2,True,False,False,1,2,2,False,Menschen arbeiten .,1.0,84.0
SG12,P13_T1,P13,47,1556,585222,594473,C,D,122+123+124+125+126+127,A[A]Seine_Opfer_waren_aöö[öö]lle_ältere_,4087,594473,598560,23,74+77+96+102+103+107+108+113+117+118+123+125+129+130+132,2,598560,603147,C,127+128+129+130,"[_],_schwache_Frauen_",True,False,False,2,True,False,False,1,2,True,False,False,1,2,2,False,. Seine Opfer waren alle ältere,1.0,100.0
SG12,P13_T1,P13,48,1556,598560,603147,C,D,127+128+129+130,"[_],_schwache_Frauen_",1653,603147,604800,17,100+101+107+109+110+111+114,0,604800,605393,I,131,mit_,False,False,False,2,False,False,False,2,2,False,False,False,2,2,2,False,"ältere , schwache Frauen",1.0,100.0
SG12,P13_T1,P13,49,1556,604800,605393,I,D,131,mit_,22589,605393,627982,144,8+9+10+12+13+16+17+19+20+31+32+33+50+73+74+75+80+83+89+93+96+97+99+100+101+104+105+106+107+108+109+110+111+112+114+123+124+126+127+129+130+131+132+133+134+135+136+138+144,1,627982,630478,I,132,Herproblemen,False,False,False,2,False,False,False,2,2,False,False,False,2,2,2,False,mit,1.0,100.0
SG12,P13_T1,P13,50,1556,627982,630478,I,D,132,Herproblemen,7831,630478,638309,66,7+8+11+12+13+37+43+62+63+64+86+94+106+107+113+124+126+127+131+132+134+135+136+137+138+139+140+141+142+143+144,1,638309,642162,I,133,._Sie_hätten_,False,False,False,2,False,False,False,2,2,False,False,False,2,2,2,False,Herzproblemen,1.0,92.0
SG12,P13_T1,P13,51,1556,638309,642162,I,D,133,._Sie_hätten_,2153,642162,644315,34,12+13+33+34+42+59+60+76+77,0,644315,649089,C,133+134+135+136,[#######_eiS]Alle_vier_hätten_,True,True,True,1,True,False,False,1,2,True,True,False,1,1,2,False,.,,
SG12,P13_T1,P13,52,1556,651585,656998,I,D,137+138+139+140+141,als_Last_für_das_Krankenhaus,6894,656998,663892,64,6+8+9+10+11+12+15+16+17+19+20+31+38+39+40+41+42+50+52+53+54+55+57+58+59+60+61+78,0,663892,664003,C,140,[as]ie,True,False,False,2,True,False,False,1,2,True,False,False,1,2,2,False,als Last für die Krankenhausmitarbeiter,1.0,93.0
SG12,P13_T1,P13,53,1556,663892,664003,C,D,140,[as]ie,1716,664003,665719,12,79+81+82+96+97+104+105+117+118,0,665719,670508,I,141+142+143+144,mitarbeiter_gelten_können.,False,False,False,2,False,False,False,2,2,False,False,False,2,2,2,False,die,1.0,100.0
SG12,P13_T1,P13,54,1556,665719,670508,I,D,141+142+143+144,mitarbeiter_gelten_können.,6677,670508,677185,55,1+2+3+4+5+6+15+22+23+24+74+96+98+100+101+124+125,0,677185,689290,C,1+2+3+4+5,Mörderpfleger_erjh[hj]hält_vier_Mal_lebensl,False,False,False,2,False,False,False,2,2,False,False,False,2,2,2,False,Krankenhausmitarbeiter gelten können .,1.0,96.0
SG12,P13_T3,P13,55,1705,6833,7020,I,D,8,__,3650,7020,10670,7,2+3+9,0,10670,10670,D,8,[_,True,False,False,2,True,False,False,1,2,True,False,False,1,2,2,False,Darfur,,
SG12,P13_T3,P13,56,1705,10670,10670,D,D,8,[_,107235,10670,117905,635,1+2+3+4+5+6+7+8+9+10+11+13+15+16+17+18+20+21+22+23+24+25+26+27+28+29+30+31+32+33+34+35+36+37+38+39+40+41+42+43+44+45+46+47+49+50+52+53+54+55+56+57+58+59+62+63+64+65+66+67+69+70+71+78+79+80+81+84+85+86+88+89+90+91+92+94+95+96+97+98+99+100+101+102+103+104+107+108+109+110+111+112+113+114+115+116+117+118+119+120+121+122+123+124+125+126+127+128+129+130+132+133+134+135+137+138+140+141+142+143+144+145+146+147+149+150+152+153+154+155+159+160+161+162,16,117905,124364,C,10+11+12+13+9,"Mit_einer_Geste.[.],_die_",False,False,False,2,False,False,False,2,2,False,False,False,2,2,2,False,Darfur,,
SG12,P13_T3,P13,57,1705,117905,124364,C,D,10+11+12+13+9,"Mit_einer_Geste.[.],_die_",4399,124364,128763,18,1+4+6+7+8+9+11+13,7,128763,134363,C,14+15+16,die_chinesische_Red[d]gierung_,False,False,False,2,False,False,False,2,2,False,False,False,2,2,2,False,"einer Geste , die Mit",1.0,80.0
SG12,P13_T3,P13,58,1705,128763,134363,C,D,14+15+16,die_chinesische_Red[d]gierung_,21794,134363,156157,174,2+10+11+13+15+16+17+18+36+37+38+39+56+62+86+108+109+130+149+150+152+161,22,156157,161632,I,17+18+19,"durchrütteln_sollte,_",False,False,False,2,False,False,False,2,2,False,False,False,2,2,2,False,die chinesische Regierung,1.0,100.0
SG12,P13_T3,P13,59,1705,156157,161632,I,D,17+18+19,"durchrütteln_sollte,_",12027,161632,173659,66,15+16+17+149+150+151+152+153+154+159+160+162,53,173659,174222,C,17,[durchr]ersch,True,True,True,1,True,False,False,1,2,True,True,False,1,1,2,False,"erschüttern soll ,",1.0,78.0
SG12,P13_T3,P13,60,1705,176763,176764,C,D,17,[l]r,25709,176764,202473,207,1+9+14+15+16+17+19+20+21+22+23+24+25+26+27+28+29+30+31+40+41+44+90+107+109+119+127+128+147+149+150+152+153+154+159+160+162+163,106,202473,203597,I,20+21,ist_S,False,False,False,2,False,False,False,2,2,False,False,False,2,2,2,False,erschüttern,,
SG12,P13_T3,P13,61,1705,202473,203597,I,D,20+21,ist_S,3244,203597,206841,18,1+8+9+11+13+17+20+21+29,5,206841,208246,I,21+22,teven_Sp,True,False,False,2,False,False,False,2,2,False,False,False,2,2,2,False,ist Steven,1.0,100.0
SG12,P13_T3,P13,62,1705,206841,208246,I,D,21+22,teven_Sp,1903,208246,210149,13,20+22+29+157+159+160+162,7,210149,213924,I,22+23+24,ielberg_aus_den_,True,False,False,2,False,False,False,2,2,False,False,False,2,2,2,False,Steven Spielberg,1.0,100.0
SG12,P13_T3,P13,63,1705,210149,213924,I,D,22+23+24,ielberg_aus_den_,2387,213924,216311,25,22+24+25+26+27+28,6,216311,225593,C,25+26+27+28+29,Olymo[o]pischen_Spielen_in_Peking_ausgetreten,False,False,False,2,False,False,False,2,2,False,False,False,2,2,2,False,Spielberg aus den,1.0,100.0
SG12,P13_T3,P13,64,1705,216311,225593,C,D,25+26+27+28+29,Olymo[o]pischen_Spielen_in_Peking_ausgetreten,5865,225593,231458,55,1+7+8+11+13+15+16+17+20+22+25+26+29+30+31+32+34+35+36+40+41,5,231458,233736,I,30+31+32+33,",_um_gegen_die_",False,False,False,2,False,False,False,2,2,False,False,False,2,2,2,False,Olympischen Spielen in Peking ausgetreten,1.0,100.0
SG12,P13_T3,P13,65,1705,231458,233736,I,D,30+31+32+33,",_um_gegen_die_",14086,233736,247822,77,1+2+3+8+9+11+13+14+15+16+17+20+29+33+38+56+62+63+64+65+69+70+71+79+80+85+109+125+126+128,1,247822,251863,C,33+34,[die_]Chinas_Unterstützung_,True,True,True,1,True,False,False,1,2,True,True,False,1,1,2,False,", um gegen Chinas",1.0,86.0
SG12,P13_T3,P13,66,1705,254562,255061,I,D,35,der_,2231,255061,257292,6,3+14+17+35,1,257292,260225,I,36,sudansischen_,False,False,False,2,False,False,False,2,2,False,False,False,2,2,2,False,der,1.0,100.0
SG12,P13_T3,P13,67,1705,257292,260225,I,D,36,sudansischen_,3416,260225,263641,22,4+6+15+16+17+20+21+22+29+39+89+110+135,0,263641,264858,I,37,Politik_,False,False,False,2,False,False,False,2,2,True,False,False,1,2,2,False,sudanesischen,1.0,92.0
SG12,P13_T3,P13,68,1705,263641,264858,I,D,37,Politik_,1747,264858,266605,13,9+22+37+38+39,2,266605,272627,I,38+39+40+41+42,in_Darfur_zu_protestieren._,False,False,False,2,False,False,False,2,2,False,False,False,2,2,2,False,Politik,1.0,100.0
SG12,P13_T3,P13,69,1705,266605,272627,I,D,38+39+40+41+42,in_Darfur_zu_protestieren._,17472,272627,290099,71,20+27+28+29+30+31+32+33+34+35+36+37+38+39+40+41+43+145+146+148,15,290099,290099,D,36,[s,False,False,False,2,False,False,False,2,2,False,False,False,2,2,2,False,in Darfur zu protestieren .,1.0,96.0
SG12,P13_T3,P13,70,1705,290099,290099,D,D,36,[s,40139,290099,330238,237,15+16+17+21+22+25+26+30+31+32+33+35+36+37+38+40+41+43+44+45+46+47+48+49+50+51+52+53+54+61+63+64+65+67+68+69+70+71+79+80+90+109+110+111+112+113+128+129+130+132+148+149+150+151+155,8,330238,336728,I,43+44+45+46+47+48,Sein_Rückzug_ist_eine_Folge_der_,False,False,False,2,False,False,False,2,2,True,False,False,1,2,2,False,sudanesischen,0.0,50.0
SG12,P13_T3,P13,71,1705,330238,336728,I,D,43+44+45+46+47+48,Sein_Rückzug_ist_eine_Folge_der_,28501,336728,365229,240,9+15+16+20+21+23+24+25+26+27+28+29+30+31+32+33+34+35+36+37+40+41+46+47+48+50+51+63+64+65+66+69+70+71+73+74+75+76+77+79+80+88+94+100+101+109+110+128+129+135,10,365229,367616,C,49,erneun[n]t_,False,False,False,2,False,False,False,2,2,False,False,False,2,2,2,False,Sein Rückzug ist eine Folge der,1.0,100.0
SG12,P13_T3,P13,72,1705,365229,367616,C,D,49,erneun[n]t_,5507,367616,373123,63,9+14+15+24+25+26+27+28+30+31+32+40+41+46+47+149,0,373123,373263,I,49,au,True,False,False,2,False,False,False,2,2,True,False,False,1,2,2,False,erneut,1.0,100.0
SG12,P13_T3,P13,73,1705,373123,373263,I,D,49,au,8222,373263,381485,97,16+20+29+32+33+34+35+36+49,3,381485,383466,C,49+50,[ua]er,True,False,False,2,True,False,False,1,2,True,False,False,1,2,2,False,erneut,0.0,50.0
SG12,P13_T3,P13,74,1705,381485,383466,C,D,49+50,[ua]er,2870,383466,386336,29,30+31+32+33+35+36+40+50+103+146+148+149,2,386336,392311,C,50+51+52,[r]ntbrennenden_Kämpfe_in_,True,False,False,2,True,False,False,1,2,True,True,False,1,1,2,False,erneut entbrannten,1.0,100.0
SG12,P13_T3,P13,75,1705,386336,392311,C,D,50+51+52,[r]ntbrennenden_Kämpfe_in_,2917,392311,395228,20,22+25+26+32+41+45,0,395228,396071,I,53,Darfur,False,False,False,2,False,False,False,2,2,True,True,False,1,1,2,False,entbrannten Kämpfe in,1.0,81.0
SG12,P13_T3,P13,76,1705,395228,396071,I,D,53,Darfur,7222,396071,403293,44,30+31+36+40+44+46+47+48+49+50+51+52+148+149+155,0,403293,404791,C,50,[ennenden]annten,False,True,False,2,False,False,False,2,2,False,False,False,2,2,2,False,Darfur,1.0,100.0
SG12,P13_T3,P13,77,1705,414104,414104,I,D,53,_,3666,414104,417770,26,33+34+36+46+47+48+50+51+53+54+55,1,417770,418160,I,54,und_,False,False,False,2,False,False,False,2,2,False,False,False,2,2,2,False,Darfur,,
SG12,P13_T3,P13,78,1705,417770,418160,I,D,54,und_,1748,418160,419908,5,55+57+58+59,0,419908,422107,I,55+56,soll_China_,False,False,False,2,False,False,False,2,2,False,False,False,2,2,2,False,und,1.0,100.0
SG12,P13_T3,P13,79,1705,419908,422107,I,D,55+56,soll_China_,26006,422107,448113,181,9+10+11+13+15+16+17+18+20+29+33+34+35+36+37+38+39+41+43+44+54+55+56+60+61+62+66+85+86+91+92+109+110+111+112+150+155,13,448113,452387,I,57+58+59,in_Verlegenhiet_bringen,False,False,False,2,False,False,False,2,2,False,False,False,2,2,2,False,soll China,1.0,100.0
SG12,P13_T3,P13,80,1705,448113,452387,I,D,57+58+59,in_Verlegenhiet_bringen,49576,452387,501963,338,7+9+15+16+17+21+22+25+26+32+33+36+37+38+39+41+42+43+44+45+46+47+48+51+52+53+54+55+56+57+58+59+60+61+62+63+64+65+66+67+68+69+70+71+73+74+79+80+86+87+88+90+110+111+112+114+132+145+149+150+152+153+154+155,113,501963,502073,C,58,[ie]ei,True,False,False,2,True,False,False,1,2,True,False,False,1,2,2,False,in Verlegenheit bringen,1.0,96.0
SG12,P13_T3,P13,81,1705,501963,502073,C,D,58,[ie]ei,3105,502073,505178,23,30+31+36+39+40+53+55+56+57+58+59+60+62+152+158+161,6,505178,524335,C,60+62+64+66+67+68+69+70+71,",_dessen_Regierung_sich_durch_die_nbe[eb]egativen_Vorfäkle_n[n_elk]lle_nicht_davon_abbringen_",False,True,False,2,False,False,False,2,2,False,False,False,2,2,2,False,Verlegenheit,1.0,100.0
SG12,P13_T3,P13,82,1705,505178,524335,C,D,60+62+64+66+67+68+69+70+71,",_dessen_Regierung_sich_durch_die_nbe[eb]egativen_Vorfäkle_n[n_elk]lle_nicht_davon_abbringen_",3026,524335,527361,34,25+26+27+28+32+41+44+46+47+48+49+50+51+52+54,0,527361,529296,I,71+72,"lässt,_",True,False,False,2,False,False,False,2,2,True,True,True,1,1,1,False,", China sich der negativen Vorfälle nicht davon abbringen",1.0,86.0
SG12,P13_T3,P13,83,1705,527361,529296,I,D,71+72,"lässt,_",3588,529296,532884,30,9+16+17+21+22+25+26+30+31+32+40+41+63+64+65+69+70+71+79+80+150+151,1,532884,535536,I,73+74,enge_Bindungen_,False,False,False,2,False,False,False,2,2,True,True,False,1,1,2,False,"abbringen ,",0.0,17.0
SG12,P13_T3,P13,84,1705,532884,535536,I,D,73+74,enge_Bindungen_,4273,535536,539809,32,33+35+36+56+62,0,539809,553710,C,74+75+76+78+79+80,[Bindungen_]Bündnisse_mitz[z]_der_Regierung_ion[noi]des_Sudans_zu_pfelgen,True,True,True,1,True,True,True,1,1,True,True,True,1,1,1,False,enge Bündnisse,0.0,71.0
SG12,P13_T3,P13,85,1705,570229,570230,C,D,36,[i]e,1763,570230,571993,10,57+58+59+152+161,0,571993,572133,I,36,si,True,False,False,2,False,False,False,2,2,False,False,False,2,2,2,False,sudanesischen,,
SG12,P13_T3,P13,86,1705,571993,572133,I,D,36,si,3713,572133,575846,28,22+24+36+41+42+43+44+57+58+59,4,575846,578311,I,77,sudaniesischen_,False,False,False,2,False,False,False,2,2,False,False,False,2,2,2,False,sudanesischen,1.0,100.0
SG12,P13_T3,P13,87,1705,575846,578311,I,D,77,sudaniesischen_,4072,578311,582383,55,33+41+42+43+44+48+51+55+57+58+59+60+63+64+65+67+69+70+71+74+78+79+80+81,0,582383,582383,D,78,[_des_Sudans,False,False,False,2,False,False,False,2,2,False,False,False,2,2,2,False,sudaniesischen,1.0,100.0
SG12,P13_T3,P13,88,1705,582383,582383,D,D,78,[_des_Sudans,19609,582383,601992,163,20+27+28+29+30+31+32+33+36+40+41+42+44+48+49+50+51+52+53+54+55+56+57+58+59+60+61+62+63+64+65+67+68+69+70+71+79+80+81,0,601992,608294,C,60+61+62+63,[dessen_Regierung]denn_Chinalän[n]sst_,False,True,False,2,False,True,False,2,2,False,False,False,2,2,2,False,Regierung,0.0,33.0
SG12,P13_T3,P13,89,1705,634019,634846,I,D,82,China_,11404,634846,646250,96,25+26+57+58+59+61+63+64+65+66+67+69+70+71+79+80+82+83+84+85+86+88+90+91+92+94+96+101+106+107+108+109+110+111+112+114+115+116+117+118+119+120+121+123+124+127+128+163,18,646250,647560,C,82+83+84,"[_],_das_",True,False,False,2,True,False,False,1,2,True,False,False,1,2,2,False,China,1.0,100.0
SG12,P13_T3,P13,90,1705,646250,647560,C,D,82+83+84,"[_],_das_",2168,647560,649728,6,137+138+140+141+142+143+144,0,649728,658605,C,84+85+86+87+88+89,viele_Ins[s]vestitionen_in_die_sudanesiische_,True,False,False,2,True,False,False,1,2,True,False,False,1,2,2,False,"China , das",1.0,100.0
SG12,P13_T3,P13,91,1705,649728,658605,C,D,84+85+86+87+88+89,viele_Ins[s]vestitionen_in_die_sudanesiische_,1872,658605,660477,13,9+48+51+63+64+65+66+67+68+69+70+71+74+79+80,0,660477,664034,C,89+90,O[O]Ölindustrie_,True,False,False,2,True,False,False,1,2,True,False,False,1,2,2,False,das große Investitionen in die sudanesiische,1.0,90.0
SG12,P13_T3,P13,92,1705,660477,664034,C,D,89+90,O[O]Ölindustrie_,11606,664034,675640,110,9+11+13+14+15+16+17+18+30+31+32+33+37+40+42+43+44+45+46+47+48+50+51+56+61+62+63+64+65+66+67+68+69+70+71+74+79+80+84+86+88+89+90+91+92+128,22,675640,680102,I,91+92+93,"getätigt_hat,_",False,False,False,2,False,False,False,2,2,False,False,False,2,2,2,False,sudanesiische Ölindustrie,1.0,100.0
SG12,P13_T3,P13,93,1705,675640,680102,I,D,91+92+93,"getätigt_hat,_",3432,680102,683534,27,74+76+84+86+89+90+94+95+96+97+101+152,0,683534,685983,I,94+95,behält_seine_,False,False,False,2,False,False,False,2,2,False,False,False,2,2,2,False,"getätigt hat ,",1.0,92.0
SG12,P13_T3,P13,94,1705,683534,685983,I,D,94+95,behält_seine_,1778,685983,687761,17,9+14+16+21+22+158+159+160+161+162,0,687761,691677,I,96+97+98,enge_Verbindung_mit_,False,False,False,2,False,False,False,2,2,False,False,False,2,2,2,False,behält seine,1.0,100.0
SG12,P13_T3,P13,95,1705,687761,691677,I,D,96+97+98,enge_Verbindung_mit_,5912,691677,697589,63,24+25+26+61+63+64+65+66+67+69+70+71+73+74+76+77+78+79+80+85+86+87+90+95+96+97+98+99+100+102+104+123+124+146,5,697589,700366,I,100+101+99,der_regierung_bei,False,False,False,2,False,False,False,2,2,False,False,False,2,2,2,False,enge Verbindung mit,1.0,100.0
SG12,P13_T3,P13,96,1705,697589,700366,I,D,100+101+99,der_regierung_bei,3400,700366,703766,43,25+26+41+61+63+64+65+69+70+71+77+78+79+80+81+82+83+84+100+125+126+130+138+146,1,703766,703767,C,100,[r]R,True,False,False,2,True,False,False,1,2,True,False,False,1,2,2,False,Regierung bei der,1.0,76.0
SG12,P13_T3,P13,97,1705,703766,703767,C,D,100,[r]R,10561,703767,714328,93,82+83+84+94+95+96+97+98+99+100+101+104+106+107+108+109+111+112+113+114+115+119+121+122,13,714328,716918,C,102+103+104,",_in_dem_[_m]r_",False,False,False,2,False,False,False,2,2,False,False,False,2,2,2,False,Regierung,,
SG12,P13_T3,P13,98,1705,714328,716918,C,D,102+103+104,",_in_dem_[_m]r_",5366,716918,722284,32,67+85+86+87+88+89+90+96+100+103+106+107+110+114+117+138+163,1,722284,726169,I,106+107,ein_Minister_von_,False,False,False,2,False,False,False,2,2,False,False,False,2,2,2,False,", in der",1.0,100.0
SG12,P13_T3,P13,99,1705,722284,726169,I,D,106+107,ein_Minister_von_,3026,726169,729195,27,86+107+109+110+111+112+119+128+147,5,729195,741176,C,107+108+109+110+111+112,[_nov]wegen_Verbrechen_d[d]gegen_die_Menschlichkiet[tei]eit_,True,True,True,1,True,False,False,1,2,True,True,False,1,1,2,False,ein Minister,1.0,100.0
SG12,P13_T3,P13,100,1705,743126,753219,I,D,113+114+115+116+117+118,vom_Internationalen_Gerichtshof_in_Den_Haag,83633,753219,836852,552,9+15+16+17+20+22+24+25+26+29+30+31+32+33+34+35+36+37+39+40+41+42+48+50+51+52+53+54+56+57+58+59+60+61+62+63+64+65+68+69+70+71+73+77+78+79+80+81+83+84+86+87+88+89+90+91+92+93+94+95+96+97+98+99+100+101+103+106+108+109+110+111+112+113+114+115+117+118+120+121+130+131+133+134+137+138+140+141+142+143+146+149+150+151+152+153+154+155+157+158+161+163,39,836852,839394,C,114+115,[G]Strafg,True,False,False,2,True,False,False,1,2,True,False,False,1,2,2,False,vom Internationalen Strafgerichtshof in Den Haag,1.0,88.0
SG12,P13_T3,P13,101,1705,836852,839394,C,D,114+115,[G]Strafg,13198,839394,852592,140,19+36+57+58+59+60+61+63+64+65+69+70+71+74+77+78+79+80+86+89+90+91+92+93+94+95+96+97+100+101+104+106+107+109+110+111+112+113+114+115+117+163,12,852592,857163,C,118+119+120+121,_verurteilt_wurf[f]de._,False,False,False,2,False,False,False,2,2,False,False,False,2,2,2,False,Internationalen Strafgerichtshof,1.0,100.0
SG12,P13_T3,P13,102,1705,852592,857163,C,D,118+119+120+121,_verurteilt_wurf[f]de._,51745,857163,908908,378,9+15+16+17+32+33+35+36+48+50+51+52+53+56+62+63+64+65+69+70+71+73+77+78+79+80+84+86+89+90+91+92+100+102+103+104+106+107+108+109+111+112+114+115+118+119+120+121+122+123+124+125+126+127+128+129+130+131+132+133+134+135+137+138+140+141+144+145+146+147+148+149+150+151+152+153+154+155+156+157+158+159+160+161+162+163,29,908908,913698,I,122+126+127,Auch_wenn_Khart,False,False,False,2,False,False,False,2,2,False,False,False,2,2,2,False,Haag verurteilt wurde .,1.0,94.0
SG12,P13_T3,P13,103,1705,908908,913698,I,D,122+126+127,Auch_wenn_Khart,2870,913698,916568,24,48+51+53+55+63+64+65+69+70+71+73+79+80+88+90+111+112+127+146+147,5,916568,916958,I,127,um_,True,False,False,2,False,False,False,2,2,True,True,True,1,1,1,False,Obwohl dass Khartum,0.0,47.0
SG12,P13_T3,P13,104,1705,916568,916958,I,D,127,um_,5054,916958,922012,31,11+13+14+20+29+50+63+64+65+69+70+71+79+80+85+91+92+108+109+110+119+125+126+128+156,0,922012,928253,C,129+130+131+132,die_Verantwoor[ro]rtung_für_die_,False,False,False,2,False,False,False,2,2,False,False,False,2,2,2,False,Khartum,1.0,100.0
SG12,P13_T3,P13,105,1705,922012,928253,C,D,129+130+131+132,die_Verantwoor[ro]rtung_für_die_,48547,928253,976800,361,14+15+16+17+19+20+21+29+33+34+35+36+44+48+51+52+53+54+56+57+58+59+62+63+64+65+67+68+69+70+71+73+74+77+79+80+86+87+88+89+95+97+100+103+104+106+107+108+109+110+111+112+116+118+119+120+122+123+124+125+126+127+128+129+130+131+132+133+134+135+137+138+140+141+142+143+146+148+149+150+152+153+154+157+158+159+160+161+162+163,10,976800,979967,C,134,Grei[i]ueltaten_,False,False,False,2,False,False,False,2,2,False,False,False,2,2,2,False,die Verantwortung für die,1.0,100.0
SG12,P13_T3,P13,106,1705,976800,979967,C,D,134,Grei[i]ueltaten_,9344,979967,989311,85,20+27+28+29+46+47+48+49+50+51+56+62+63+64+65+67+68+69+70+71+73+74+75+76+79+80+82+86+89+98+108+109+110+114+127+129+156,0,989311,991854,I,122+123+124,_betont_wird,False,False,False,2,False,False,False,2,2,False,False,False,2,2,2,False,Greueltaten,1.0,100.0
SG12,P13_T3,P13,107,1705,989311,991854,I,D,122+123+124,_betont_wird,3930,991854,995784,53,48+49+50+51+67+68+86+145,0,995784,996909,C,122,[Auch_wenn]Obwohl,True,True,True,1,True,True,True,1,1,True,True,True,1,1,1,False,Obwohl betont wird,1.0,100.0
SG12,P13_T3,P13,108,1705,999576,1000403,I,D,125+126,",_dass",3713,1000403,1004116,42,16+33+48+50+51+63+64+65+69+70+71+79+80+89+90+91+92+109+110+111+112,0,1004116,1005333,I,128,allein_,False,False,False,2,False,False,False,2,2,False,False,False,2,2,2,False,", dass",1.0,100.0
SG12,P13_T3,P13,109,1705,1004116,1005333,I,D,128,allein_,3213,1005333,1008546,25,74+75+76+77+78+86+130+133+134+135,0,1008546,1010013,I,135,trägt,False,False,False,2,False,False,False,2,2,False,False,False,2,2,2,False,allein,1.0,100.0
SG12,P13_T3,P13,110,1705,1008546,1010013,I,D,135,trägt,4477,1010013,1014490,25,22+25+26+36+57+58+59+60+114+158,0,1014490,1016143,I,133,derzeitigen_,False,False,False,2,False,False,False,2,2,False,False,False,2,2,2,False,trägt,1.0,100.0
SG12,P13_T3,P13,111,1705,1014490,1016143,I,D,133,derzeitigen_,9080,1016143,1025223,67,78+115+117+118+120+123+124+127+130+132+133+134+136+137+138+140+141+142+143+144+149+151+152+153+154+157+159+160+161+162+163,2,1025223,1025426,I,136,",_",False,False,False,2,False,False,False,2,2,False,False,False,2,2,2,False,derzeitigen,1.0,100.0
SG12,P13_T3,P13,112,1705,1025223,1025426,I,D,136,",_",14430,1025426,1039856,77,9+16+20+21+29+36+38+39+48+49+51+56+57+58+59+60+61+62+63+64+65+66+68+69+70+71+76+79+80+86+88+89+98+123+124+152+163,0,1039856,1044426,I,137+138+139,erhält_Spielberg_siene_,False,False,False,2,False,False,False,2,2,False,False,False,2,2,2,False,",",,
SG12,P13_T3,P13,113,1705,1039856,1044426,I,D,137+138+139,erhält_Spielberg_siene_,2964,1044426,1047390,30,84+85+104+106+119+122+137+138+140+141+156,12,1047390,1053490,C,139+140+141+142+143,"[ei]eiMeinung_aufrecht,_dass_",True,False,False,2,True,False,False,1,2,True,False,False,1,2,2,False,erhält Spielberg seine,1.0,95.0
SG12,P13_T3,P13,114,1705,1047390,1053490,C,D,139+140+141+142+143,"[ei]eiMeinung_aufrecht,_dass_",1919,1053490,1055409,18,123+124+125+126+127+128+133+142+143+144+145+149,4,1055409,1076251,C,144+145+146+147+148+149+150+151+152,"die_internationale_Gemeinschaftt[t]_[_],_und_insbesondere_VC[CV]Chjin[nij]ina,.[.]_mehr_",False,False,False,2,False,False,False,2,2,False,False,False,2,2,2,False,"seine Meinung aufrecht , dass",1.0,92.0
SG12,P13_T3,P13,115,1705,1055409,1076251,C,D,144+145+146+147+148+149+150+151+152,"die_internationale_Gemeinschaftt[t]_[_],_und_insbesondere_VC[CV]Chjin[nij]ina,.[.]_mehr_",1981,1076251,1078232,0,,0,1078232,1090088,I,153+154+155+156+157+158+159+160+161+162+163,"dazu_betragen_sollte,_dem_Leiden_ein_Ende_zu_bereiten.",False,False,False,2,False,False,False,2,2,False,False,False,2,2,2,False,"die internationale Gemeinschaft , und insbesondere China , mehr",1.0,97.0
SG12,P13_T3,P13,116,1705,1078232,1090088,I,D,153+154+155+156+157+158+159+160+161+162+163,"dazu_betragen_sollte,_dem_Leiden_ein_Ende_zu_bereiten.",7129,1090088,1097217,68,1+3+4+5+6+7+8+9+10+11+13+20+29+50+63+64+65+69+70+71+79+80+87+88+89+91+92+107+123+124+145+156,1,1097217,1109276,C,1+2+3+4+5+6,Spielberg_zeig[giez]gibt_Peking_die_rote_Karte_,False,False,False,2,False,False,False,2,2,False,False,False,2,2,2,False,"dazu betragen sollte , dem Leiden ein Ende zu bereiten .",1.0,98.0
SG12,P14_T3,P14,1,1122,34461,41106,I,D,1+2+3+4+6,Spielberg_zeigt_Peking_die_gelbe_Karte_,1139,41106,42245,5,7+8,0,42245,44008,I,7+8,für_Darfur_,False,False,False,2,False,False,False,2,2,False,False,False,2,2,2,False,Spielberg zeigt Peking die Karte,1.0,88.0
SG12,P14_T3,P14,2,1122,42245,44008,I,D,7+8,für_Darfur_,1123,44008,45131,3,10+17,0,45131,45131,I,8,_,True,False,False,2,False,False,False,2,2,False,False,False,2,2,2,False,für Darfur,1.0,100.0
SG12,P14_T3,P14,3,1122,45131,45131,I,D,8,_,64132,45131,109263,461,1+2+3+4+6+7+8+9+10+11+13+14+15+16+17+18+19+20+21+22+23+24+25+26+27+28+29+30+31+32+33+34+35+36+38+39+41+42+43+50+51+52+53+54+55+56+57+61+62+63+65+67+68+75+78+82+83+84+85+86+87+88+89+96+100+102+103+105+106+107+111+113+114+121+122+127+129+136+137,79,109263,110261,I,10+9,Mit_einer,False,False,False,2,False,False,False,2,2,False,False,False,2,2,2,False,Darfur,,
SG12,P14_T3,P14,4,1122,109263,110261,I,D,10+9,Mit_einer,1482,110261,111743,11,1+2+10,5,111743,111743,I,10,_,True,False,False,2,False,False,False,2,2,False,False,False,2,2,2,False,einer Mit,0.0,56.0
SG12,P14_T3,P14,5,1122,111743,111743,I,D,10,_,2528,111743,114271,12,10+11+13+17,4,114271,115503,I,11+12+13,"Aktion,_die",False,False,False,2,False,False,False,2,2,False,False,False,2,2,2,False,einer,,
SG12,P14_T3,P14,6,1122,114271,115503,I,D,11+12+13,"Aktion,_die",1373,115503,116876,15,3+4+5+6+8+9+11+13+15+18,2,116876,127500,C,13+14+15+16+17+18,_die_Chine[Chine]cjin[nij]hinesische_Regierung_sicher_[_]lich_verärgern_,True,True,True,1,True,False,False,1,2,True,True,False,1,1,2,False,"Aktion , die",1.0,91.0
SG12,P14_T3,P14,7,1122,128982,129216,I,D,18,wir,1326,129216,130542,20,121+122+123+124,0,130542,132429,C,18+19,"[wir_n]r,[,r]t,_",True,True,True,1,True,False,False,1,2,True,True,False,1,1,2,False,verärgert,0.0,33.0
SG12,P14_T3,P14,8,1122,133552,137156,I,D,20+21+22,hat_Steven_Spielberg,2652,137156,139808,12,20+23+24+25+26+27+28+29+30+31+32+42+43+50,3,139808,139808,I,22,_,True,False,False,2,False,False,False,2,2,False,False,False,2,2,2,False,hat Steven Spielberg,1.0,100.0
SG12,P14_T3,P14,9,1122,139808,139808,I,D,22,_,1170,139808,140978,11,9+18+20+22+23+30+36+43+78,4,140978,142008,I,23+24+25,sich_von_den_,False,False,False,2,False,False,False,2,2,False,False,False,2,2,2,False,Spielberg,,
SG12,P14_T3,P14,10,1122,140978,142008,I,D,23+24+25,sich_von_den_,9531,142008,151539,53,1+3+5+8+9+20+23+24+25+26+27+28+29+30+41+44+46+51+55+57+59+60+63+87+108,16,151539,157296,I,26+27+28+29+30,Olympischen_Spielen_in_Peking_zurückgezogen,False,False,False,2,False,False,False,2,2,False,False,False,2,2,2,False,sich von den,1.0,100.0
SG12,P14_T3,P14,11,1122,151539,157296,I,D,26+27+28+29+30,Olympischen_Spielen_in_Peking_zurückgezogen,1279,157296,158575,18,8+15+16+17+21+28+29+31+32+33+42+43,2,158575,161851,C,31+32+33,",_um_gen[n]gen_",False,False,False,2,False,False,False,2,2,False,False,False,2,2,2,False,Olympischen Spielen in Peking zurückgezogen,1.0,100.0
SG12,P14_T3,P14,12,1122,158575,161851,C,D,31+32+33,",_um_gen[n]gen_",1217,161851,163068,8,16+38+136+139,0,163068,163707,I,34,die_,False,False,False,2,False,False,False,2,2,False,False,False,2,2,2,False,", um gegen",1.0,100.0
SG12,P14_T3,P14,13,1122,163068,163707,I,D,34,die_,1514,163707,165221,15,4+6+7+8+9+14+16+64+103,0,165221,166905,I,35,Unterstü,False,False,False,2,False,False,False,2,2,False,False,False,2,2,2,False,die,1.0,100.0
SG12,P14_T3,P14,14,1122,165221,166905,I,D,35,Unterstü,1170,166905,168075,20,0+139+140+143,0,168075,170540,C,35,z[z]tzung,True,False,False,2,True,False,False,1,2,True,False,False,1,2,2,False,Unterstützung,1.0,100.0
SG12,P14_T3,P14,15,1122,168075,170540,C,D,35,z[z]tzung,2886,170540,173426,27,7+8+11+13+15+16+17+26+27+33+43,0,173426,173426,I,35,_,True,False,False,2,False,False,False,2,2,False,False,False,2,2,2,False,Unterstützung,1.0,100.0
SG12,P14_T3,P14,16,1122,173426,173426,I,D,35,_,1186,173426,174612,8,8+34+35+38+39+50,3,174612,177108,C,36,Chinas_fr[r,False,False,False,2,False,False,False,2,2,False,False,False,2,2,2,False,Unterstützung,,
SG12,P14_T3,P14,17,1122,174612,177108,C,D,36,Chinas_fr[r,1981,177108,179089,26,33+34+35+36+83+103+121+122+139+140+141+142,1,179089,180587,C,36+37,[f]der_,True,False,False,2,True,False,False,1,2,True,False,False,1,2,2,False,Chinas,1.0,100.0
SG12,P14_T3,P14,18,1122,179089,180587,C,D,36+37,[f]der_,2605,180587,183192,9,62+78+82+100+104+144+145+148,0,183192,189245,C,38+39+40,sudanei[i]sischen_Politik_i,False,False,False,2,False,False,False,2,2,False,False,False,2,2,2,False,Chinas der,1.0,100.0
SG12,P14_T3,P14,19,1122,183192,189245,C,D,38+39+40,sudanei[i]sischen_Politik_i,1435,189245,190680,21,15+16+25+26+27+40+41+43+53+75+139,4,190680,196670,C,40+41+42+43+44,n_Darfur_zu_demonstir[ri]rieren._,True,False,False,2,True,False,False,1,2,True,False,False,1,2,2,False,sudanesischen Politik in,1.0,100.0
SG12,P14_T3,P14,20,1122,190680,196670,C,D,40+41+42+43+44,n_Darfur_zu_demonstir[ri]rieren._,52729,196670,249399,330,1+2+3+4+6+7+8+9+14+15+17+18+20+22+23+24+25+26+27+28+29+30+33+34+35+36+38+44+45+46+47+48+50+51+52+53+54+55+56+57+58+59+60+61+62+63+65+67+68+69+70+71+72+78+82+83+84+88+89+98+99+100+101+103+113+114,1,249399,252924,I,45+46,Sein_Rückbezug,False,False,False,2,False,False,False,2,2,False,False,False,2,2,2,False,in Darfur zu demonstrieren .,1.0,96.0
SG12,P14_T3,P14,21,1122,249399,252924,I,D,45+46,Sein_Rückbezug,2340,252924,255264,13,46+59+60,13,255264,257417,I,46+47,_erklärte,True,False,False,2,False,False,False,2,2,False,False,False,2,2,2,False,Seinen Rückbezug,1.0,86.0
SG12,P14_T3,P14,22,1122,255264,257417,I,D,46+47,_erklärte,2184,257417,259601,19,11+13+20+23+30+31+32+34+35+41+42+43+44+45+46+47+48+59+60+80,6,259601,264110,I,45+47+48+49+50,"en_er,_nachdem_in_",True,False,False,2,False,False,False,2,2,False,False,False,2,2,2,False,Rückbezug erklärte,1.0,100.0
SG12,P14_T3,P14,23,1122,259601,264110,I,D,45+47+48+49+50,"en_er,_nachdem_in_",2480,264110,266590,16,4+6+7+46+50+51+55+56+57+59+60+150,3,266590,267464,C,50+51+52,[in_]es_in,True,True,True,1,True,False,False,1,2,True,True,False,1,1,2,False,"Seinen erklärte er , nachdem",1.0,76.0
SG12,P14_T3,P14,24,1122,268587,268587,I,D,52,_,1123,268587,269710,18,16+33+34+35+53,0,269710,273126,I,53+54+55,Darfur_erneut_zu_,False,False,False,2,False,False,False,2,2,False,False,False,2,2,2,False,in,,
SG12,P14_T3,P14,25,1122,269710,273126,I,D,53+54+55,Darfur_erneut_zu_,2777,273126,275903,25,1+8+15+16+20+23+24+25+26+27+28+29+30,0,275903,280973,I,56+57+58,Kämpfen_kam_und_soll_,False,False,False,2,False,False,False,2,2,False,False,False,2,2,2,False,Darfur erneut zu,1.0,100.0
SG12,P14_T3,P14,26,1122,275903,280973,I,D,56+57+58,Kämpfen_kam_und_soll_,1592,280973,282565,23,7+8+15+16+17+21+34+35+38+58+85+146,4,282565,287806,C,58+59+60+61+62+63,[soll_]der_Rückzug_soll_China_bloßstellen,True,True,True,1,True,False,False,1,2,True,True,False,1,1,2,False,Kämpfen kam und,1.0,100.0
SG12,P14_T3,P14,27,1122,293781,293781,I,D,63,_,52682,293781,346463,445,1+2+3+4+5+6+7+8+15+16+17+24+31+32+34+35+36+37+38+39+40+41+42+44+45+46+47+48+50+51+52+53+54+55+57+59+60+61+62+63+64+65+66+67+68+69+77+78+81+82+83+85+86+88+89+98+99+100+101+102+103+104+105+106+107+108+113+114+118+120+121+122+127+128+129+133+137+139+140+142+143+150,16,346463,347383,C,63+64,"[_],_",True,False,False,2,True,False,False,1,2,True,False,False,1,2,2,False,bloßstellen,,
SG12,P14_T3,P14,28,1122,346463,347383,C,D,63+64,"[_],_",30186,347383,377569,229,2+3+4+6+7+8+11+13+16+22+34+35+38+39+40+41+43+44+45+46+47+48+50+51+53+55+56+57+58+59+60+62+63+64+65+66+67+68+70+72+77+78+81+82+118+120+121+122+127+128+129+133+144+145+147+148+149+150,27,377569,378583,I,65,das,False,False,False,2,False,False,False,2,2,False,False,False,2,2,2,False,"bloßstellen ,",,
SG12,P14_T3,P14,29,1122,377569,378583,I,D,65,das,1170,378583,379753,14,65+77+78,6,379753,379753,I,65,_,True,False,False,2,False,False,False,2,2,False,False,False,2,2,2,False,das,1.0,100.0
SG12,P14_T3,P14,30,1122,379753,379753,I,D,65,_,1919,379753,381672,2,8+44,0,381672,385354,C,66+67+68,die_negativen_Kopn[np]nse,False,False,False,2,False,False,False,2,2,False,False,False,2,2,2,False,das,,
SG12,P14_T3,P14,31,1122,381672,385354,C,D,66+67+68,die_negativen_Kopn[np]nse,1747,385354,387101,19,56+67+68+69+78,13,387101,398068,C,68+69+70+71+72+73+74+75,quenzen_durch_die_engl[l]en_Verbindungen_mit_dem_Sudanesischen,True,False,False,2,True,False,False,1,2,True,False,False,1,2,2,False,die negativen Konsequenzen,1.0,100.0
SG12,P14_T3,P14,32,1122,387101,398068,C,D,68+69+70+71+72+73+74+75,quenzen_durch_die_engl[l]en_Verbindungen_mit_dem_Sudanesischen,1560,398068,399628,2,75+124,1,399628,400392,C,74,r[rm]r,True,False,False,2,True,False,False,1,2,True,False,False,1,2,2,False,Konsequenzen durch die engen Verbindungen mit der Sudanesischen,1.0,98.0
SG12,P14_T3,P14,33,1122,399628,400392,C,D,74,r[rm]r,1482,400392,401874,9,46+51+55+56+57+59+60+121+122+123+124,0,401874,405150,I,75+76,_Regierung,False,False,False,2,False,False,False,2,2,False,False,False,2,2,2,False,der,,
SG12,P14_T3,P14,34,1122,401874,405150,I,D,75+76,_Regierung,7129,405150,412279,86,2+3+8+16+17+26+27+31+32+33+36+39+41+42+45+46+47+48+50+51+53+54+55+56+57+59+60+63+64+70+71+72+76+124+125+126+142+143+147,3,412279,412279,I,76,_,True,False,False,2,False,False,False,2,2,False,False,False,2,2,2,False,Sudanesischen Regierung,1.0,100.0
SG12,P14_T3,P14,35,1122,412279,412279,I,D,76,_,2075,412279,414354,9,20+23+30+76+124+125+144+145+146+148,2,414354,417911,C,77+78+79,verringern_mö_cht[thc_]chte.,False,True,False,2,False,False,False,2,2,False,False,False,2,2,2,False,Regierung,,
SG12,P14_T3,P14,36,1122,414354,417911,C,D,77+78+79,verringern_mö_cht[thc_]chte.,2137,417911,420048,24,80+81+83+85+86+87+88+89,0,420048,421452,I,79+80,_Chin,True,False,False,2,False,False,False,2,2,False,False,False,2,2,2,False,verringern möchte .,1.0,94.0
SG12,P14_T3,P14,37,1122,420048,421452,I,D,79+80,_Chin,1170,421452,422622,8,51+52+55+56+57+63+80,3,422622,423667,I,80+81,"a,_",True,False,False,2,False,False,False,2,2,False,False,False,2,2,2,False,. China,1.0,100.0
SG12,P14_T3,P14,38,1122,422622,423667,I,D,80+81,"a,_",1280,423667,424947,18,61+63+66+67+77+78+104+117+132,0,424947,426007,I,82,das,False,False,False,2,False,False,False,2,2,False,False,False,2,2,2,False,"China ,",0.0,50.0
SG12,P14_T3,P14,39,1122,424947,426007,I,D,82,das,1810,426007,427817,17,80+81+82,11,427817,427817,I,82,_,True,False,False,2,False,False,False,2,2,True,False,False,1,2,2,False,das,1.0,100.0
SG12,P14_T3,P14,40,1122,427817,427817,I,D,82,_,3884,427817,431701,24,80+82+83+88+89,9,431701,431857,I,82,in,True,False,False,2,False,False,False,2,2,True,False,False,1,2,2,False,das,,
SG12,P14_T3,P14,41,1122,431701,431857,I,D,82,in,2278,431857,434135,30,67+83+88+103+123+126,0,434135,434650,I,82,tens,True,False,False,2,False,False,False,2,2,True,False,False,1,2,2,False,das,0.0,0.0
SG12,P14_T3,P14,42,1122,434135,434650,I,D,82,tens,2231,434650,436881,21,62+67+68+80+82+88,12,436881,436881,D,82,[intens,True,False,False,2,True,False,False,1,2,True,False,False,1,2,2,False,das,0.0,33.0
SG12,P14_T3,P14,43,1122,436881,436881,D,D,82,[intens,3011,436881,439892,22,20+23+30+66+67+77+78+80,0,439892,455601,C,83+84+85+86+87+88+89+90+91,"enorm_in_die_sudanesische_Ölindeustri[irtsue]ustrie_investiert_hat,_behält",False,True,False,2,False,False,False,2,2,False,False,False,2,2,2,False,das,0.0,33.0
SG12,P14_T3,P14,44,1122,439892,455601,C,D,83+84+85+86+87+88+89+90+91,"enorm_in_die_sudanesische_Ölindeustri[irtsue]ustrie_investiert_hat,_behält",1373,455601,456974,0,,0,456974,465460,C,91+92+93+94+95+96,[be]_engl[l]e_Veri[i]bindung_mit_der_Regierung,True,False,False,2,True,False,False,1,2,True,False,False,1,2,2,False,"enorm in die sudanesische Ölindustrie investiert hat , hält",1.0,97.0
SG12,P14_T3,P14,45,1122,456974,465460,C,D,91+92+93+94+95+96,[be]_engl[l]e_Veri[i]bindung_mit_der_Regierung,1888,465460,467348,22,25+96+98+99+100+101+104,5,467348,467488,I,97,",_",False,False,False,2,False,False,False,2,2,False,False,False,2,2,2,False,hält enge Verbindung mit der Regierung,1.0,100.0
SG12,P14_T3,P14,46,1122,467348,467488,I,D,97,",_",8549,467488,476037,83,74+75+76+80+82+83+84+85+86+91+93+94+96+97+98+99+100+101+102+103+104+105+106+108+109+110+111+113+114+125+130+146,6,476037,480904,C,100+101+98+99,von_der_eine_[_e]_Minister_,False,False,False,2,False,False,False,2,2,False,False,False,2,2,2,False,",",,
SG12,P14_T3,P14,47,1122,476037,480904,C,D,100+101+98+99,von_der_eine_[_e]_Minister_,2013,480904,482917,15,101+102+103+104+113+114,6,482917,484040,I,102,wegen,False,False,False,2,False,False,False,2,2,False,False,False,2,2,2,False,ein Minister von der,0.0,60.0
SG12,P14_T3,P14,48,1122,482917,484040,I,D,102,wegen,1997,484040,486037,18,82+104+105+106+107+109+111,0,486037,501621,C,102+103+104+105+106+107+108+109+110+111+112+113,_Verbrechen_gegne[en]en_die_Menschlichkeit_vom_Internationalen_Gerichtshof_in_Den_Haag_an,True,False,False,2,True,False,False,1,2,True,False,False,1,2,2,False,wegen,1.0,100.0
SG12,P14_T3,P14,49,1122,486037,501621,C,D,102+103+104+105+106+107+108+109+110+111+112+113,_Verbrechen_gegne[en]en_die_Menschlichkeit_vom_Internationalen_Gerichtshof_in_Den_Haag_an,3183,501621,504804,0,,0,504804,511075,C,113+114+115,geklagt_wrud[du]ur[rur]urde._,True,False,False,2,True,False,False,1,2,True,False,False,1,2,2,False,wegen Verbrechen gegen die Menschlichkeit vom Internationalen Gerichtshof in Den Haag angeklagt,1.0,100.0
SG12,P14_T3,P14,50,1122,504804,511075,C,D,113+114+115,geklagt_wrud[du]ur[rur]urde._,11934,511075,523009,94,87+93+96+98+99+104+105+106+107+112+113+114+116+117+118+120+121+122+123+124+125+126+127+128+129+132+136+137+138+139+149,1,523009,536082,C,115+116+117+118+119+120+121+122,"B[B]Pbwoh[Pbwoh]Obwohl_Speil[lie]ielberg_betont,_dass_Khartoum_die",True,True,True,1,True,False,False,1,2,True,True,False,1,1,2,False,angeklagt wurde .,1.0,93.0
SG12,P14_T3,P14,51,1122,537501,543741,I,D,121+122+123+124,_Hauptverantwortung_für_diese,1170,543741,544911,1,125,0,544911,544911,I,124,_,True,False,False,2,False,False,False,2,2,True,False,False,1,2,2,False,die Hauptverantwortung für diese,1.0,100.0
SG12,P14_T3,P14,52,1122,544911,544911,I,D,124,_,12668,544911,557579,84,1+7+8+9+11+13+19+22+34+35+36+38+63+78+82+83+84+86+88+92+93+121+122,0,557579,558811,I,125,aktuellen_,False,False,False,2,False,False,False,2,2,False,False,False,2,2,2,False,diese,,
SG12,P14_T3,P14,53,1122,557579,558811,I,D,125,aktuellen_,3245,558811,562056,34,74+103+109+121+122+125+128+139+141+143,6,562056,562805,C,125,R[R,True,False,False,2,True,False,False,1,2,True,False,False,1,2,2,False,aktuellen,1.0,100.0
SG12,P14_T3,P14,54,1122,562056,562805,C,D,125,R[R,1154,562805,563959,13,139+140+142+143,0,563959,566564,I,126,Grausamkeiten,False,False,False,2,False,False,False,2,2,False,False,False,2,2,2,False,aktuellen,0.0,0.0
SG12,P14_T3,P14,55,1122,563959,566564,I,D,126,Grausamkeiten,9345,566564,575909,65,69+86+87+88+90+91+103+104+105+106+108+109+118+121+122+136,0,575909,575909,D,121,[Khartoum_,False,False,False,2,False,False,False,2,2,False,False,False,2,2,2,False,Grausamkeiten,1.0,100.0
SG12,P14_T3,P14,56,1122,575909,575909,D,D,121,[Khartoum_,1310,575909,577219,23,108+121+122+124+125+126+127+129,3,577219,577812,I,126+127,_bei_,False,False,False,2,False,False,False,2,2,False,False,False,2,2,2,False,die,0.0,0.0
SG12,P14_T3,P14,57,1122,577219,577812,I,D,126+127,_bei_,1170,577812,578982,12,126+128,10,578982,578982,I,128,Khartoum_,False,False,False,2,False,False,False,2,2,False,False,False,2,2,2,False,Grausamkeiten bei,1.0,100.0
SG12,P14_T3,P14,58,1122,578982,578982,I,D,128,Khartoum_,2980,578982,581962,50,87+91+92+93+94+121+122+124+125+126,0,581962,583865,I,129,liegt,False,False,False,2,False,False,False,2,2,False,False,False,2,2,2,False,Khartoum,1.0,100.0
SG12,P14_T3,P14,59,1122,581962,583865,I,D,129,liegt,2199,583865,586064,11,98+99+113+114+121+122+125+128+131,0,586064,586064,I,130,",",False,False,False,2,False,False,False,2,2,False,False,False,2,2,2,False,liegt,1.0,100.0
SG12,P14_T3,P14,60,1122,586064,586064,I,D,130,",",3635,586064,589699,18,76+80+81+83+88+130,1,589699,589699,I,130,_,True,False,False,2,False,False,False,2,2,False,False,False,2,2,2,False,",",,
SG12,P14_T3,P14,61,1122,589699,589699,I,D,130,_,1919,589699,591618,2,121+122,0,591618,592258,I,131,erklärt,False,False,False,2,False,False,False,2,2,False,False,False,2,2,2,False,",",,
SG12,P14_T3,P14,62,1122,591618,592258,I,D,131,erklärt,1497,592258,593755,6,116+131,5,593755,613411,C,131+132+133+134+135+136+137+138+139+140+141+142+143+144,"_er,_dass_die_internationale_Geschmeint[tnieGeschm]#G[G#]Gemeinschaft_und_besonders_China_mehr_tun_sollte,_",True,True,True,1,True,False,False,1,2,True,True,False,1,1,2,False,erklärt,1.0,100.0
SG12,P14_T3,P14,63,1122,615346,616500,I,D,145+146,um_das,2387,616500,618887,15,136+137+139+140+141+142+143+146,4,618887,622615,C,146+147+148+149+150,_Leider[r]n_zu_beenden.,True,False,False,2,True,False,False,1,2,True,False,False,1,2,2,False,um das,1.0,100.0
SG12,P14_T3,P14,64,1122,618887,622615,C,D,146+147+148+149+150,_Leider[r]n_zu_beenden.,4789,622615,627404,33,4+6+7+8+15+98+99+100+101+113+114+118+120+127+128+129,0,627404,628263,C,5,[gelbe_]rote_,False,True,False,2,False,False,False,2,2,False,False,False,2,2,2,False,das Leiden zu beenden .,1.0,94.0
SG12,P14_T5,P14,65,1157,5523,6474,I,D,1,Soziol,1233,6474,7707,7,1+26+47,4,7707,19890,C,1+2+3+4+5+6+7+8,ogie_ist_eine_ral[la]elta[at]ativ_neue_wissenschaftliche_Diszipling[g]._,True,False,False,2,True,False,False,1,2,True,False,False,1,2,2,False,Soziologie,1.0,100.0
SG12,P14_T5,P14,66,1157,7707,19890,C,D,1+2+3+4+5+6+7+8,ogie_ist_eine_ral[la]elta[at]ativ_neue_wissenschaftliche_Diszipling[g]._,8908,19890,28798,49,1+3+4+5+6+7+10+11+13+15+18+21+74+91+105+109+131+133+134+135,29,28798,34305,C,10+11+12+13+9,Sie_entwicklet[tel]elte_sich_im_frühen,False,False,False,2,False,False,False,2,2,False,False,False,2,2,2,False,Soziologie ist eine relativ neue wissenschaftliche Disziplin .,1.0,98.0
SG12,P14_T5,P14,67,1157,28798,34305,C,D,10+11+12+13+9,Sie_entwicklet[tel]elte_sich_im_frühen,2714,34305,37019,8,1+6+13+14+15+40+53,1,37019,42916,I,13+14+15+16+17+18+19+20,_19._Jahrhundert_als_Antwort_auf_die_,True,False,False,2,False,False,False,2,2,False,False,False,2,2,2,False,entwickelte sich im frühen Sie,1.0,87.0
SG12,P14_T5,P14,68,1157,37019,42916,I,D,13+14+15+16+17+18+19+20,_19._Jahrhundert_als_Antwort_auf_die_,1435,42916,44351,16,4+5+6+13+18+19+21+23+26+30,4,44351,48922,I,21+22+23+24,Veränderungen_der_Moderne._,False,False,False,2,False,False,False,2,2,False,False,False,2,2,2,False,frühen 19 . Jahrhundert als Antwort auf die,1.0,97.0
SG12,P14_T5,P14,69,1157,44351,48922,I,D,21+22+23+24,Veränderungen_der_Moderne._,46785,48922,95707,432,0+4+6+7+10+11+13+16+17+18+20+21+22+23+24+25+26+27+28+29+30+31+32+33+34+35+37+38+39+40+41+42+43+44+45+46+48+51+66+82+85+88+90+91+92+93+95+96+105+108+111+112+113+114+115+133+135+137+138+139+140+141+143,36,95707,96128,I,25,Der,False,False,False,2,False,False,False,2,2,False,False,False,2,2,2,False,Veränderungen der Moderne .,1.0,96.0
SG12,P14_T5,P14,70,1157,95707,96128,I,D,25,Der,1451,96128,97579,8,25+27+28+137,4,97579,103070,I,25+26+27+28,_steigende_Fortschritt_in,True,False,False,2,False,False,False,2,2,False,False,False,2,2,2,False,Der,1.0,100.0
SG12,P14_T5,P14,71,1157,97579,103070,I,D,25+26+27+28,_steigende_Fortschritt_in,8627,103070,111697,69,2+3+4+5+6+7+8+9+25+26+27+28+30+32+33+138+139+142+143,10,111697,116876,C,28+29+30+31+32,_der_Beg[g]weglichkeit_und_d,True,False,False,2,True,False,False,1,2,True,False,False,1,2,2,False,Der steigende Fortschritt in,1.0,100.0
SG12,P14_T5,P14,72,1157,111697,116876,C,D,28+29+30+31+32,_der_Beg[g]weglichkeit_und_d,3822,116876,120698,36,6+7+8+10+11+12+13+51+53+90+148,0,120698,120698,I,32,e,True,False,False,2,False,False,False,2,2,False,False,False,2,2,2,False,in der Beweglichkeit und der,1.0,100.0
SG12,P14_T5,P14,73,1157,120698,120698,I,D,32,e,1950,120698,122648,22,10+11+13+25+27+28+32+33+44+51+66+74+110+111+115+116+117+148,1,122648,125020,I,32+33,r_Technik_,True,False,False,2,False,False,False,2,2,False,False,False,2,2,2,False,der,,
SG12,P14_T5,P14,74,1157,122648,125020,I,D,32+33,r_Technik_,1606,125020,126626,16,14+15+16+29+35+37+38+39+40+148,0,126626,127843,I,34,führte_zu,False,False,False,2,False,False,False,2,2,False,False,False,2,2,2,False,der Technik,1.0,100.0
SG12,P14_T5,P14,75,1157,126626,127843,I,D,34,führte_zu,1326,127843,129169,17,34+38+39+40+41+42+48+120+122,10,129169,129169,I,34,_,True,False,False,2,False,False,False,2,2,True,True,False,1,1,2,False,führte,1.0,100.0
SG12,P14_T5,P14,76,1157,129169,129169,I,D,34,_,2543,129169,131712,20,16+19+21+34+43,10,131712,142804,C,34+35+36+37+38+39+42,"[zu_]dazu,_dass_id[di]die_Men_sch[hcs_]schen_mehr_Kontak_z[z_]t_zu_",True,True,True,1,True,False,False,1,2,True,True,False,1,1,2,False,führte,,
SG12,P14_T5,P14,77,1157,144052,144301,I,D,42,fre,1248,144301,145549,12,21+22+23+24+25+27+28+108,0,145549,159168,C,42+43+44+45+46+47+49,[frezu_]mit_fren[n]mden_Kü[ü]ulturen_ung[g]d_Gesellschaften_bekamen._,True,True,True,1,True,False,False,1,2,True,True,False,1,1,2,False,Kontakt,0.0,0.0
SG12,P14_T5,P14,78,1157,168341,170104,I,D,50+51,Das_Ausmaß,1170,170104,171274,13,32+33+73+74+148,0,171274,171274,I,51,_,True,False,False,2,False,False,False,2,2,False,False,False,2,2,2,False,Das Ausmaß,1.0,100.0
SG12,P14_T5,P14,79,1157,171274,171274,I,D,51,_,1388,171274,172662,10,44+73+74+98+106+107+111+112,0,172662,180182,C,52+53+54+55+56,"dise[es]eses[s]r_Kontakte_variierte,_doch",False,False,False,2,False,False,False,2,2,False,False,False,2,2,2,False,Ausmaß,,
SG12,P14_T5,P14,80,1157,172662,180182,C,D,52+53+54+55+56,"dise[es]eses[s]r_Kontakte_variierte,_doch",3900,180182,184082,27,54+55+56+58+59+60+63+68+69+70+71+74+78+80+81+82+83+90+99+119,10,184082,197950,C,56+57+58+59+60+61+62+63,_einige_Menschen_brachen_dadurch_mt_[_t]oit[tio]iot_[_to]t_ihren_traditionellen_,True,True,True,1,True,False,False,1,2,True,True,False,1,1,2,False,"dieser Kontakte variierte , doch",1.0,97.0
SG12,P14_T5,P14,81,1157,199806,199806,I,D,63,W,1389,199806,201195,19,140+141+143,0,201195,205766,C,63+64+65+66,[W]Site[e]ten_und_Bräuchen_,True,False,False,2,True,False,False,1,2,True,False,False,1,2,2,False,traditionellen,,
SG12,P14_T5,P14,82,1157,201195,205766,C,D,63+64+65+66,[W]Site[e]ten_und_Bräuchen_,37097,205766,242863,286,1+2+3+4+5+6+7+9+10+11+12+13+22+23+25+26+27+28+29+40+43+44+45+46+51+57+59+60+61+62+63+64+65+68+69+70+71+73+74+75+76+77+78+82+88+90+91+92+93+94+104+105+106+107+110+111+123+135+139+140+141,18,242863,244080,I,67,und_,False,False,False,2,False,False,False,2,2,False,False,False,2,2,2,False,traditionellen Sitten und Bräuchen,1.0,100.0
SG12,P14_T5,P14,83,1157,242863,244080,I,D,67,und_,18423,244080,262503,118,6+10+11+12+13+21+25+27+28+29+30+32+33+44+47+50+51+52+53+54+55+56+57+59+60+62+63+64+66+67+68+69+70+71+72+73+74+76+77+78+86+90+93+115+119,1,262503,267090,I,69+70+71+72,sahen_für_sich_selber_ei,False,False,False,2,False,False,False,2,2,False,False,False,2,2,2,False,und,1.0,100.0
SG12,P14_T5,P14,84,1157,262503,267090,I,D,69+70+71+72,sahen_für_sich_selber_ei,1747,267090,268837,13,72+91+92+93+117,8,268837,268837,I,72,n,True,False,False,2,False,False,False,2,2,False,False,False,2,2,2,False,für sich selber ein,1.0,95.0
SG12,P14_T5,P14,85,1157,268837,268837,I,D,72,n,13666,268837,282503,101,6+7+10+11+35+37+44+45+53+54+56+62+63+64+66+68+69+70+71+72+73+74+76+77+82+91+92+94+106+107+109+115+138+139+141+143+148,6,282503,287448,I,72+73+74,_neues_Verständnis,True,False,False,2,False,False,False,2,2,False,False,False,2,2,2,False,ein,,
SG12,P14_T5,P14,86,1157,282503,287448,I,D,72+73+74,_neues_Verständnis,4602,287448,292050,41,10+11+44+57+58+59+74+91+92+93+106+107+134,12,292050,293625,I,74,_von_de,True,False,False,2,False,False,False,2,2,True,True,False,1,1,2,False,ein neues Verständnis,1.0,100.0
SG12,P14_T5,P14,87,1157,292050,293625,I,D,74,_von_de,11342,293625,304967,49,2+40+47+52+53+54+59+74+133+148,15,304967,309896,C,74+75+76+77+78+79,[ed_nov]der_Funktionsweise_der_Welt._,True,True,True,1,True,False,False,1,2,True,True,False,1,1,2,False,Verständnis,0.0,33.0
SG12,P14_T5,P14,88,1157,321955,330192,C,D,81+82+83+85+86,Diese_Veränderr[r]n[n]ungen_veranlassten_Soziologen,7488,330192,337680,99,0+6+7+10+11+12+13+14+16+25+27+28+30+32+33+82+85+87+88+90+91+92+95+96,10,337680,338569,I,86,",_z",True,False,False,2,False,False,False,2,2,True,True,False,1,1,2,False,diese Veränderungen veranlasst versuchten Soziologen,1.0,79.0
SG12,P14_T5,P14,89,1157,337680,338569,I,D,86,",_z",4025,338569,342594,37,68+69+70+71+85+86+87+88+90+91+92+93+95+96,2,342594,342594,I,86,u,True,False,False,2,False,False,False,2,2,True,True,False,1,1,2,False,Soziologen,0.0,33.0
SG12,P14_T5,P14,90,1157,342594,342594,I,D,86,u,5070,342594,347664,74,10+11+13+14+15+16+30+32+33+46+47+51+52+68+69+70+71+85+86+87+88+95+96+148,3,347664,359551,C,86+87+88+89+90+91+92+93,"[uz_,]_zu_verstehen_zu_versuchen,_was_solziale[solziale]soziale_Gruppen_zusamn[n]menhält",True,True,True,1,True,False,False,1,2,True,True,False,1,1,2,False,Soziologen,,
SG12,P14_T5,P14,91,1157,361408,361408,I,D,93,_,3666,361408,365074,22,66+68+69+70+71+74+76+78+82+85+87+88+91+93+95+96+97,1,365074,366946,I,94,und_,False,False,False,2,False,False,False,2,2,False,False,False,2,2,2,False,zusammenhält,,
SG12,P14_T5,P14,92,1157,365074,366946,I,D,94,und_,12168,366946,379114,108,32+33+44+45+46+47+52+53+61+68+69+70+71+76+77+82+85+88+91+93+95+96+97+98+99+106+107+116+117+140+141+148,0,379114,379114,I,94,e,True,False,False,2,False,False,False,2,2,True,False,False,1,2,2,False,und,1.0,100.0
SG12,P14_T5,P14,93,1157,379114,379114,I,D,94,e,2824,379114,381938,29,61+62+64+93+98+106+107+123+137,0,381938,383856,C,94+98,[e]mögliche_,True,False,False,2,True,False,False,1,2,True,False,False,1,2,2,False,und,,
SG12,P14_T5,P14,94,1157,381938,383856,C,D,94+98,[e]mögliche_,1217,383856,385073,19,45+121+122+123,0,385073,387257,I,99,Erklärungen_,False,False,False,2,False,False,False,2,2,False,False,False,2,2,2,False,und mögliche,1.0,100.0
SG12,P14_T5,P14,95,1157,385073,387257,I,D,99,Erklärungen_,1435,387257,388692,10,6+62+63+64+102+104+105+114,0,388692,389722,I,100+101,für_die_,False,False,False,2,False,False,False,2,2,False,False,False,2,2,2,False,Erklärungen,1.0,100.0
SG12,P14_T5,P14,96,1157,388692,389722,I,D,100+101,für_die_,2964,389722,392686,30,45+47+62+63+64+65+66+76+78+82+85+86+93+95+96+106+107+131,0,392686,397226,C,101+102,[_ei]en_Zusammenbruch_,True,True,True,1,True,False,False,1,2,True,True,False,1,1,2,False,für den,1.0,86.0
SG12,P14_T5,P14,97,1157,399269,403559,I,D,103+104+105+106,der_sozialen_Solidarität_z,3011,403559,406570,39,25+27+28+43+45+46+68+69+70+71+76+77+78+88+97+104,4,406570,409160,I,106+107+108,u_erforschen._,True,False,False,2,False,False,False,2,2,False,False,False,2,2,2,False,der sozialen Solidarität zu,1.0,100.0
SG12,P14_T5,P14,98,1157,406570,409160,I,D,106+107+108,u_erforschen._,6770,409160,415930,48,0+82+87+88+90+91+92+93+97+99+100+103+104+105+110+111+112+115+119+122+123,0,415930,416975,I,109,Der_T,False,False,False,2,False,False,False,2,2,False,False,False,2,2,2,False,zu erforschen .,1.0,92.0
SG12,P14_T5,P14,99,1157,415930,416975,I,D,109,Der_T,1763,416975,418738,13,108+109+110+148,8,418738,435134,C,109+110+111+112+113+114+115+116+117,[T]Ausddr[rd]ruck_Soziologie_wurde_von_Auguste_comte_(187[78]798,True,False,False,2,True,False,False,1,2,True,False,False,1,2,2,False,Der,1.0,100.0
SG12,P14_T5,P14,100,1157,418738,435134,C,D,109+110+111+112+113+114+115+116+117,[T]Ausddr[rd]ruck_Soziologie_wurde_von_Auguste_comte_(187[78]798,2090,435134,437224,1,117,1,437224,437989,I,119,1857,False,False,False,2,False,False,False,2,2,False,False,False,2,2,2,False,Der Ausdruck Soziologie wurde von Auguste comte ( 1798,1.0,98.0
SG12,P14_T5,P14,101,1157,437224,437989,I,D,119,1857,2371,437989,440360,9,100+102+117+119,5,440360,440360,I,118,-,False,False,False,2,False,False,False,2,2,False,False,False,2,2,2,False,1857,1.0,100.0
SG12,P14_T5,P14,102,1157,440360,440360,I,D,118,-,1342,440360,441702,12,82+100+101+102+119+120+143,0,441702,442060,I,120+123,)_ge,False,False,False,2,False,False,False,2,2,False,False,False,2,2,2,False,-,,
SG12,P14_T5,P14,103,1157,441702,442060,I,D,120+123,)_ge,5180,442060,447240,29,101+102+112+113+114+117+120+121+122+123+143,5,447240,450562,I,121+122,in_19838,False,False,False,2,False,False,False,2,2,True,False,False,1,2,2,False,) geprägt,1.0,100.0
SG12,P14_T5,P14,104,1157,447240,450562,I,D,121+122,in_19838,1404,450562,451966,21,102+122+145,6,451966,451966,D,122,[9,True,False,False,2,True,False,False,1,2,True,False,False,1,2,2,False,in 1838,1.0,86.0
SG12,P14_T5,P14,105,1157,451966,451966,D,D,122,[9,1436,451966,453402,15,102+122+145,11,453402,453402,I,122,_,True,False,False,2,False,False,False,2,2,False,False,False,2,2,2,False,1838,0.0,0.0
SG12,P14_T5,P14,106,1157,453402,453402,I,D,122,_,1435,453402,454837,5,122+123,4,454837,455835,I,123,prägt,False,False,False,2,False,False,False,2,2,False,False,False,2,2,2,False,1838,,
SG12,P14_T5,P14,107,1157,454837,455835,I,D,123,prägt,2028,455835,457863,17,102+103+104+109+110+111+114+123+128,4,457863,468846,C,123+124+125+126+127+128+129+130,_und_setzt_sich_aus_dem_Lete[ete]ateinischen_Ausdruck,True,False,False,2,True,False,False,1,2,True,False,False,1,2,2,False,geprägt,1.0,100.0
SG12,P14_T5,P14,108,1157,457863,468846,C,D,123+124+125+126+127+128+129+130,_und_setzt_sich_aus_dem_Lete[ete]ateinischen_Ausdruck,1263,468846,470109,10,109+130+131,1,470109,473463,I,130+131+132,_socius_(,True,False,False,2,False,False,False,2,2,False,False,False,2,2,2,False,geprägt und setzt sich aus dem Lateinischen Ausdruck,1.0,100.0
SG12,P14_T5,P14,109,1157,470109,473463,I,D,130+131+132,_socius_(,2200,473463,475663,19,1+131+133+134+135,2,475663,477488,I,135,Gefährte,False,False,False,2,False,False,False,2,2,False,False,False,2,2,2,False,Ausdruck socius (,1.0,100.0
SG12,P14_T5,P14,110,1157,475663,477488,I,D,135,Gefährte,1638,477488,479126,8,135+136,6,479126,482215,I,136+137+138,",_Begleiter)_und_dem_",False,False,False,2,False,False,False,2,2,False,False,False,2,2,2,False,Gefährte,1.0,100.0
SG12,P14_T5,P14,111,1157,479126,482215,I,D,136+137+138,",_Begleiter)_und_dem_",2652,482215,484867,40,45+80+81+83+88+90+91+92+93+98+99+113+115+123,0,484867,490639,I,139+140+141+142,griechischen_Ausdruck_logia_(,False,False,False,2,False,False,False,2,2,False,False,False,2,2,2,False,) und dem,1.0,100.0
SG12,P14_T5,P14,112,1157,484867,490639,I,D,139+140+141+142,griechischen_Ausdruck_logia_(,5741,490639,496380,43,10+11+102+112+113+114+123+140+141+142+143+144+145,7,496380,496380,I,143,S,False,False,False,2,False,False,False,2,2,False,False,False,2,2,2,False,griechischen Ausdruck logia (,1.0,100.0
SG12,P14_T5,P14,113,1157,496380,496380,I,D,143,S,2309,496380,498689,16,1+123+136+137+139+140+141+143,2,498689,501294,I,143,tudium,True,False,False,2,False,False,False,2,2,False,False,False,2,2,2,False,Studium,,
SG12,P14_T5,P14,114,1157,498689,501294,I,D,143,tudium,22027,501294,523321,215,2+3+6+43+44+45+46+62+63+64+65+66+68+69+70+71+78+80+81+82+83+85+86+88+90+93+94+95+96+98+99+102+104+105+108+110+111+113+114+115+117+119+122+123+124+125+126+127+130+131+133+135+136+137+138+139+140+141+143+145+147,2,523321,523462,I,144,",_",False,False,False,2,False,False,False,2,2,False,False,False,2,2,2,False,Studium,1.0,100.0
SG12,P14_T5,P14,115,1157,523321,523462,I,D,144,",_",5897,523462,529359,33,111+112+114+115+116+117+119+123+124+125+126+127+139+143+147,0,529359,530435,I,145+146,Rede),False,False,False,2,False,False,False,2,2,False,False,False,2,2,2,False,",",,
SG12,P14_T5,P14,116,1157,529359,530435,I,D,145+146,Rede),1264,530435,531699,16,88+101+104+105+115+117,0,531699,533727,I,146+147+148,_zusammen.,True,False,False,2,False,False,False,2,2,False,False,False,2,2,2,False,Rede ),1.0,80.0
SG12,P14_T5,P14,117,1157,531699,533727,I,D,146+147+148,_zusammen.,54147,533727,587874,737,0+1+2+3+4+5+6+7+8+9+10+11+12+13+14+15+16+17+18+21+22+23+24+25+26+27+28+35+37+40+44+51+62+63+64+65+66+67+68+69+70+71+73+75+76+77+82+85+86+87+88+90+92+93+95+96+98+99+102+103+104+105+106+107+109+110+111+112+130+131+133+135+136+138+140+141+143+144+145+148,17,587874,590511,C,40+41,[mehr_]verstärkt_in_,False,True,False,2,False,False,False,2,2,False,False,False,2,2,2,False,) zusammen .,1.0,89.0
SG12,P15_T1,P15,1,1790,83055,86518,I,D,1,Krankenpfleger_,2325,86518,88843,3,1+2+7,2,88843,102540,I,2+3+4+5+6+7,zu_viermal_lebenslänglich_wegen_Mordes_verurteilt_,False,False,False,2,False,False,False,2,2,False,False,False,2,2,2,False,Krankenpfleger,1.0,100.0
SG12,P15_T1,P15,2,1790,88843,102540,I,D,2+3+4+5+6+7,zu_viermal_lebenslänglich_wegen_Mordes_verurteilt_,9641,102540,112181,29,1+2+3+4+5+6+7+8+9,20,112181,112727,I,8,Der_,False,False,False,2,False,False,False,2,2,False,False,False,2,2,2,False,zu viermal lebenslänglich wegen Mordes verurteilt,1.0,100.0
SG12,P15_T1,P15,3,1790,112181,112727,I,D,8,Der_,3447,112727,116174,10,8+9,10,116174,116174,I,8,K,True,False,False,2,False,False,False,2,2,True,False,False,1,2,2,False,Der,1.0,100.0
SG12,P15_T1,P15,4,1790,116174,116174,I,D,8,K,4696,116174,120870,18,2+7+8+9+10+14+15+16+17+20+21+22+23+24+25+26,1,120870,127266,C,10+8+9,[K]Krankenpfleger_Coin_,True,False,False,2,True,False,False,1,2,True,False,False,1,2,2,False,Der,,
SG12,P15_T1,P15,5,1790,120870,127266,C,D,10+8+9,[K]Krankenpfleger_Coin_,3915,127266,131181,13,3+4+34,0,131181,131181,I,10,l,True,False,False,2,False,False,False,2,2,False,False,False,2,2,2,False,Colin Der Krankenpfleger,0.0,74.0
SG12,P15_T1,P15,6,1790,131181,131181,I,D,10,l,3651,131181,134832,21,4+8+9+10+11+12+14+15+16+17+18+19+25+26+51+101+102,1,134832,137515,I,11+12+14,wurde_N._,False,False,False,2,False,False,False,2,2,False,False,False,2,2,2,False,Colin,,
SG12,P15_T1,P15,7,1790,134832,137515,I,D,11+12+14,wurde_N._,2512,137515,140027,13,3+4+10+13,0,140027,149574,C,14+15+16+17,heute_zu_einer_lebenslänf[f]glichen_Haftstrafe_,True,False,False,2,True,False,False,1,2,True,False,False,1,2,2,False,N . heute,0.0,25.0
SG12,P15_T1,P15,8,1790,140027,149574,C,D,14+15+16+17,heute_zu_einer_lebenslänf[f]glichen_Haftstrafe_,3666,149574,153240,30,2+4+5+6+7+11+12+13+15+17+25+26+54+127,9,153240,154192,I,15+27,wegen_,True,False,False,2,False,False,False,2,2,True,True,False,1,1,2,False,heute eine lebenslängliche Haftstrafe,1.0,89.0
SG12,P15_T1,P15,9,1790,153240,154192,I,D,15+27,wegen_,8034,154192,162226,21,2+4+5+6+7+8+9+13+14+15+17+19+25+26+107+108+110+111+119+133+134,6,162226,163567,I,15+16,des_Mord,True,False,False,2,False,False,False,2,2,True,True,False,1,1,2,False,eine .,0.0,40.0
SG12,P15_T1,P15,10,1790,162226,163567,I,D,15+16,des_Mord,2091,163567,165658,7,15+17+25+26,7,165658,173099,I,16+17+27,es_an_vier_seiner_Patientinnen_,True,False,False,2,False,False,False,2,2,True,True,False,1,1,2,False,eine lebenslängliche,0.0,25.0
SG12,P15_T1,P15,11,1790,165658,173099,I,D,16+17+27,es_an_vier_seiner_Patientinnen_,5741,173099,178840,22,2+4+5+6+7+8+9+15+17+25+26,7,178840,178840,D,15,[zu_einer_lebenslänglichen_Haftstrafe_,False,False,False,2,False,False,False,2,2,True,True,False,1,1,2,False,lebenslängliche Haftstrafe .,0.0,18.0
SG12,P15_T1,P15,12,1790,178840,178840,D,D,15,[zu_einer_lebenslänglichen_Haftstrafe_,11856,178840,190696,45,2+5+6+7+8+9+11+12+14+15+17+25+26,15,190696,190696,I,27,zu_einer_lebenslänglichen_Haftstrafe_,False,False,False,2,False,False,False,2,2,True,True,False,1,1,2,False,eine,1.0,100.0
SG12,P15_T1,P15,13,1790,190696,190696,I,D,27,zu_einer_lebenslänglichen_Haftstrafe_,13962,190696,204658,31,1+2+7+8+9+15+17+25+26,0,204658,204658,I,27,_,True,False,False,2,False,False,False,2,2,True,False,False,1,2,2,False,.,,
SG12,P15_T1,P15,14,1790,204658,204658,I,D,27,_,24991,204658,229649,100,1+2+3+4+5+6+7+8+9+10+13+15+17+25+26+27+87,1,229649,233596,I,17+27,_verurteilt_,True,False,False,2,False,False,False,2,2,True,False,False,1,2,2,False,.,,
SG12,P15_T1,P15,15,1790,229649,233596,I,D,17+27,_verurteilt_,18751,233596,252347,68,1+2+3+4+5+6+7+8+9+10+13+14+15+17+25+26+27,10,252347,254485,C,27,[__]._,True,False,False,2,True,False,False,1,2,True,True,False,1,1,2,False,Haftstrafe .,0.0,10.0
SG12,P15_T1,P15,16,1790,252347,254485,C,D,27,[__]._,4352,254485,258837,19,0+8+9+15+17+23+24+25+26+28+29+33+34+35+38+51+52+53+54+56+112+133+134,0,258837,264360,I,28+29+30+31,Der_32-jährige_N._,False,False,False,2,False,False,False,2,2,False,False,False,2,2,2,False,.,,
SG12,P15_T1,P15,17,1790,258837,264360,I,D,28+29+30+31,Der_32-jährige_N._,2059,264360,266419,10,1+28+29+34+36+54+73,5,266419,272440,I,32+33+34+35,aus_Glasgow_tötete_die_,False,False,False,2,False,False,False,2,2,False,False,False,2,2,2,False,Der 32-jährige N .,1.0,94.0
SG12,P15_T1,P15,18,1790,266419,272440,I,D,32+33+34+35,aus_Glasgow_tötete_die_,2184,272440,274624,8,33+36+38+51+52+53+54,1,274624,278712,C,36+37,vier_Frauemn_[_nm]n_,False,True,False,2,False,False,False,2,2,False,False,False,2,2,2,False,aus Glasgow tötete die,1.0,100.0
SG12,P15_T1,P15,19,1790,274624,278712,C,D,36+37,vier_Frauemn_[_nm]n_,3603,278712,282315,15,2+7+33+35+36+37+38+39+40+51+61+93,5,282315,294093,I,38+39+40+51+52+53+54,im_Jahr_2002_mit_einer_Überdosis_Schlafmittel_,False,False,False,2,False,False,False,2,2,False,False,False,2,2,2,False,vier Frauen,1.0,100.0
SG12,P15_T1,P15,20,1790,282315,294093,I,D,38+39+40+51+52+53+54,im_Jahr_2002_mit_einer_Überdosis_Schlafmittel_,4134,294093,298227,34,2+4+5+6+7+8+9+10+11+12+13+15+17+25+26+39+40+52+53+54+56+57+105,7,298227,299054,C,54+55+80,[_]._,True,False,False,2,True,False,False,1,2,True,False,False,1,2,2,False,im Jahr 2002 mit einer Überdosis Schlafmittel,1.0,100.0
SG12,P15_T1,P15,21,1790,298227,299054,C,D,54+55+80,[_]._,20733,299054,319787,88,1+2+3+4+5+6+7+8+9+13+15+16+17+25+26+39+40,0,319787,326698,I,41+42+43+44+45+46+47+48+49+50,"in_dem_Krankenhaus,_in_dem_er_tätig_war,_",False,False,False,2,False,False,False,2,2,True,True,False,1,1,2,False,Schlafmittel . Opfer,,
SG12,P15_T1,P15,22,1790,319787,326698,I,D,41+42+43+44+45+46+47+48+49+50,"in_dem_Krankenhaus,_in_dem_er_tätig_war,_",1934,326698,328632,12,15+16+17+19+24+25+26+28+29+39+40+52+53+54+80+93,0,328632,328632,I,55,_,False,False,False,2,False,False,False,2,2,False,False,False,2,2,2,False,"in dem Krankenhaus , in dem er tätig war ,",1.0,98.0
SG12,P15_T1,P15,23,1790,328632,328632,I,D,55,_,8252,328632,336884,38,4+8+9+10+11+12+15+16+17+18+19+23+24+25+26+28+29+30+31+32+56+80+103+104,0,336884,339209,I,56,Gestern_,False,False,False,2,False,False,False,2,2,False,False,False,2,2,2,False,.,,
SG12,P15_T1,P15,24,1790,336884,339209,I,D,56,Gestern_,16240,339209,355449,137,15+17+25+26+28+29+32+33+34+35+36+37+51+52+53+54+55+56+57+58+59+61+63+64+65+66+67+68+69+70+82+93,40,355449,360035,I,57+58+59+60,wurde_er_nach_einem_,False,False,False,2,False,False,False,2,2,False,False,False,2,2,2,False,Gestern,1.0,100.0
SG12,P15_T1,P15,25,1790,355449,360035,I,D,57+58+59+60,wurde_er_nach_einem_,10858,360035,370893,30,2+7+8+9+21+24+28+29+33+34+35+37+52+53+56+59+60+71+74+79+80+87,4,370893,371641,I,61,lang,False,False,False,2,False,False,False,2,2,False,False,False,2,2,2,False,wurde er nach einem,1.0,100.0
SG12,P15_T1,P15,26,1790,370893,371641,I,D,61,lang,2699,371641,374340,10,33+34+35+36+37+38+52+53,0,374340,376649,I,61+62,en_Prozess_,True,False,False,2,False,False,False,2,2,False,False,False,2,2,2,False,langen,1.0,100.0
SG12,P15_T1,P15,27,1790,374340,376649,I,D,61+62,en_Prozess_,25662,376649,402311,129,0+2+4+5+6+7+8+9+10+13+14+15+17+19+20+24+25+26+28+29+30+31+33+34+35+39+40+51+52+53+54+55+56+58+59+60+61+62+63+64+65+66+68+69+70+71+74+79+80+82+84+85+86+90+99+100+101+102+103+104+105+106+109+112+113+116,4,402311,402623,I,71,zu_,False,False,False,2,False,False,False,2,2,False,False,False,2,2,2,False,langen Prozess,1.0,100.0
SG12,P15_T1,P15,28,1790,402311,402623,I,D,71,zu_,3058,402623,405681,14,2+7+39+40+52+53+59+71+74+163+166,1,405681,410532,I,72+73,viermal_lebenslänglich,False,False,False,2,False,False,False,2,2,True,False,False,1,2,2,False,einer,0.0,0.0
SG12,P15_T1,P15,29,1790,405681,410532,I,D,72+73,viermal_lebenslänglich,4166,410532,414698,26,15+17+25+26+52+53+54+58+73+183,1,414698,414698,I,73,_,True,False,False,2,False,False,False,2,2,True,False,False,1,2,2,False,viermal lebenslänglichen,1.0,100.0
SG12,P15_T1,P15,30,1790,414698,414698,I,D,73,_,1794,414698,416492,7,73+80,6,416492,425633,I,75+76+77+78+80,-_eine_lebenslängliche_Haftstrafe_pro_Opfer_,False,False,False,2,False,False,False,2,2,True,False,False,1,2,2,False,lebenslänglichen,,
SG12,P15_T1,P15,31,1790,416492,425633,I,D,75+76+77+78+80,-_eine_lebenslängliche_Haftstrafe_pro_Opfer_,1918,425633,427551,12,1+8+9+28+29+80,1,427551,431452,C,78+79+80+81,[pro_]für_jedes_[_]-_,True,True,True,1,True,False,False,1,2,True,True,False,1,1,2,False,- einmal lebenslänglich für Opfer,1.0,76.0
SG12,P15_T1,P15,32,1790,433293,437099,I,D,82+83,verurteilt._,26552,437099,463651,145,2+3+4+5+6+7+8+9+10+11+12+13+15+17+25+26+28+29+32+33+37+38+39+40+51+52+53+54+55+56+57+58+59+61+63+64+65+66+67+68+69+70+73+75+76+77+79+80+81+82+83+84+85+105+137+163+164+165+183,3,463651,469438,I,84+85,Die_Mindesthaftdauer_,False,False,False,2,False,False,False,2,2,False,False,False,2,2,2,False,verurteilt .,1.0,91.0
SG12,P15_T1,P15,33,1790,463651,469438,I,D,84+85,Die_Mindesthaftdauer_,5959,469438,475397,31,2+5+6+7+56+57+59+63+64+66+67+68+70+76+77+82+84+85+86+90+171+183,6,475397,479189,C,85+86+87,[Mindesth]Hwird_mindestens_,True,True,True,1,True,False,False,1,2,True,True,False,1,1,2,False,Die Haftdauer,1.0,85.0
SG12,P15_T1,P15,34,1790,483463,490483,C,D,88+89+90+91,30J[J]_Jahre_betragen._,18065,490483,508548,93,2+3+4+5+6+7+8+9+10+15+16+17+25+26+28+29+32+33+34+35+37+39+40+52+53+54+75+81+87+164,0,508548,518454,C,71+73+74+76+77+78,einer_[_]en_Haftstrafe_[_]mal__[e_Haftstrafe_,False,False,False,2,False,False,False,2,2,True,False,False,1,2,2,False,30 Jahre betragen .,1.0,94.0
SG12,P15_T1,P15,35,1790,508548,518454,C,D,71+73+74+76+77+78,einer_[_]en_Haftstrafe_[_]mal__[e_Haftstrafe_,17690,518454,536144,74,15+17+25+26+52+53+54+56+57+59+62+63+64+65+66+68+70+71+73+74+75+76+77+81+82+91+92+93+95+96+97+99+100+103+104+105+106+109+112+125+126+127+128+129+130+131+132+133+134+135+136+158+159+160+164+166+167+183,11,536144,536410,I,91,De,False,False,False,2,False,False,False,2,2,True,False,False,1,2,2,False,einer lebenslänglichen Haftstrafe einmal lebenslänglich für,0.0,57.0
SG12,P15_T1,P15,36,1790,536144,536410,I,D,91,De,4352,536410,540762,7,84+85+86+87+90+91+183,2,540762,557267,C,100+101+102+103+91+92+93+94+95+96+97+98+99,"[eD]Chris_Gregg,_Vertreter_der_Polizeibehörden,_gab_ab,_dass_sich_N",True,False,False,2,True,False,False,1,2,True,False,False,1,2,2,False,.,,
SG12,P15_T1,P15,37,1790,540762,557267,C,D,100+101+102+103+91+92+93+94+95+96+97+98+99,"[eD]Chris_Gregg,_Vertreter_der_Polizeibehörden,_gab_ab,_dass_sich_N",3448,557267,560715,29,70+75+81+82+83+84+85+103+104+174+175+176+177,4,560715,571167,C,103+104+105+106+107+108,[sich_]._im_Krankenhaus_währe[erhä]egen_seines_,True,True,True,1,True,False,False,1,2,True,True,False,1,1,2,False,"ab , dass N . Chris Gregg , Vertreter der Polizeibehörden , gab",1.0,75.0
SG12,P15_T1,P15,38,1790,577235,585113,C,D,109+110+111,seltsamen_Verg[g]haltends[sd]s_aufgefalle,3588,585113,588701,20,87+89+92+95+96+97+99+100+101+102+105+106+112+113+115+116+119,0,588701,591166,I,111+112+113+114,n_sei._Nur_,True,False,False,2,False,False,False,2,2,False,False,False,2,2,2,False,seltsamen Verhaltens aufgefallen,1.0,100.0
SG12,P15_T1,P15,39,1790,588701,591166,I,D,111+112+113+114,n_sei._Nur_,5460,591166,596626,26,92+93+95+96+97+101+102+105+106+107+108+109+110+111+112+114+115+116+139+143+145+146+151+152+153+157,6,596626,600573,I,115+116,der_Aufmerksamkeit_,False,False,False,2,False,False,False,2,2,False,False,False,2,2,2,False,aufgefallen sei . Nur,1.0,90.0
SG12,P15_T1,P15,40,1790,596626,600573,I,D,115+116,der_Aufmerksamkeit_,3962,600573,604535,13,8+9+78+80+88+89+95+96+97+116,3,604535,610526,I,117+118+119,des_übrigen_Klinikpersona,False,False,False,2,False,False,False,2,2,False,False,False,2,2,2,False,der Aufmerksamkeit,1.0,100.0
SG12,P15_T1,P15,41,1790,604535,610526,I,D,117+118+119,des_übrigen_Klinikpersona,3978,610526,614504,17,15+16+17+25+26+34+109+119+120+121+122+123+125+128+129+130+131+132+133+134+135+136+158+159+160,3,614504,619184,I,119+120+121+122+123,ls_se_es_zu_verdanken,True,False,False,2,False,False,False,2,2,False,False,False,2,2,2,False,des übrigen Klinikpersonals,1.0,100.0
SG12,P15_T1,P15,42,1790,614504,619184,I,D,119+120+121+122+123,ls_se_es_zu_verdanken,4524,619184,623708,29,0+35+60+61+84+85+92+93+95+96+97+101+102+105+107+108+109+110+111+112+114+125+128+129+130+131+133+134+157,0,623708,629698,I,124+125+133+134,",__dass_die_Mordserie_",False,False,False,2,False,False,False,2,2,False,False,False,2,2,2,False,Klinikpersonals sei es zu verdanken,1.0,95.0
SG12,P15_T1,P15,43,1790,623708,629698,I,D,124+125+133+134,",__dass_die_Mordserie_",8003,629698,637701,51,86+87+89+90+92+95+96+97+99+100+101+102+103+104+106+107+108+109+110+111+120+121+122+123+125+128+129+130+131+133+134+135+136+183,4,637701,637701,I,120,i,False,False,False,2,False,False,False,2,2,True,False,False,1,2,2,False,", dass die Mordserie",1.0,100.0
SG12,P15_T1,P15,44,1790,637701,637701,I,D,120,i,2527,637701,640228,22,87+88+89+107+108+110+111+120+121+122+123,2,640228,640228,D,124,[_,False,False,False,2,False,False,False,2,2,False,False,False,2,2,2,False,sei,,
SG12,P15_T1,P15,45,1790,640228,640228,D,D,124,[_,1982,640228,642210,8,80+87+89+107+108+109+110+111+116,0,642210,655782,I,126+127+129+130+132+135+136,beendet_werden_konnte_die_Polizei_dem_Mörder_habhaft_wurde_und_,False,False,False,2,False,False,False,2,2,False,False,False,2,2,2,False,",",,
SG12,P15_T1,P15,46,1790,642210,655782,I,D,126+127+129+130+132+135+136,beendet_werden_konnte_die_Polizei_dem_Mörder_habhaft_wurde_und_,3666,655782,659448,14,113+116+120+121+122+123+127+133+134+135+136+137,8,659448,661148,C,136+137,[######_]._,True,False,False,2,True,False,False,1,2,True,True,False,1,1,2,False,die Polizei Mörders habhaft und beenden konnte,0.0,67.0
SG12,P15_T1,P15,47,1790,659448,661148,C,D,136+137,[######_]._,7239,661148,668387,39,0+99+100+105+106+107+108+110+111+112+114+115+116+118+119+120+121+122+123+125+127+128+129+130+131+133+134+135+136+138+139+141+142+183,1,668387,670321,I,138+139,Das_Motiv_,False,False,False,2,False,False,False,2,2,False,False,False,2,2,2,False,konnte .,,
SG12,P15_T1,P15,48,1790,668387,670321,I,D,138+139,Das_Motiv_,2059,670321,672380,3,137+138+139,2,672380,681272,C,140+141+142+143+144,für_die_Tötungsd[d]delikte_war_offenbar_,False,False,False,2,False,False,False,2,2,False,False,False,2,2,2,False,Das Motiv,1.0,100.0
SG12,P15_T1,P15,49,1790,672380,681272,C,D,140+141+142+143+144,für_die_Tötungsd[d]delikte_war_offenbar_,4103,681272,685375,17,0+109+120+121+122+123+126+127+133+134+137+139+140+143+145+146+151+152+153+173,3,685375,687528,I,149,ein_H,False,False,False,2,False,False,False,2,2,False,False,False,2,2,2,False,für die Tötungsdelikte war offenbar,1.0,100.0
SG12,P15_T1,P15,50,1790,685375,687528,I,D,149,ein_H,2667,687528,690195,15,87+89+109+127+133+134,0,690195,690195,I,149,a,True,False,False,2,False,False,False,2,2,True,True,True,1,1,1,False,älteren,0.0,40.0
SG12,P15_T1,P15,51,1790,690195,690195,I,D,149,a,6163,690195,696358,34,15+17+25+26+34+60+84+85+86+87+88+89+90+95+96+97+103+104+106+107+108+109+110+111+117+118+119+120+121+122+123+125+128+129+130+131+133+134+149,1,696358,698183,I,149,ss_auf_,True,False,False,2,False,False,False,2,2,True,True,True,1,1,1,False,älteren,,
SG12,P15_T1,P15,52,1790,696358,698183,I,D,149,ss_auf_,16037,698183,714220,66,0+39+40+107+108+110+111+114+115+116+117+118+119+120+121+122+123+125+126+127+128+129+130+131+133+134+135+136+138+139+141+142+143+148+149+150+151+152+153+164+168+174+175+176+177+183,1,714220,717433,I,149+150,ältere_Menschen,True,False,False,2,False,False,False,2,2,True,True,True,1,1,1,False,älteren,0.0,0.0
SG12,P15_T1,P15,53,1790,714220,717433,I,D,149+150,ältere_Menschen,34617,717433,752050,115,0+57+62+79+106+107+108+109+110+111+116+118+119+120+121+122+123+125+126+127+128+129+130+131+133+134+135+136+137+138+139+140+141+142+143+145+146+149+151+152+153+157+158+159+160+163+164+165+166+167+168+170+172+173+174+175+176+177+178+180+181+183,14,752050,758992,C,154+155+156+157+166,._Alle_Opfer_[Alle_]Bei_den_,False,True,False,2,False,False,False,2,2,True,True,True,1,1,1,False,älteren Menschen,1.0,93.0
SG12,P15_T1,P15,54,1790,752050,758992,C,D,154+155+156+157+166,._Alle_Opfer_[Alle_]Bei_den_,1903,758992,760895,3,150+166,2,760895,767447,I,157+158+159+160+161,n_handelte_es_sich_durchgängig_,True,False,False,2,False,False,False,2,2,True,False,False,1,2,2,False,. Bei den Opfern Frauen,0.0,60.0
SG12,P15_T1,P15,55,1790,760895,767447,I,D,157+158+159+160+161,n_handelte_es_sich_durchgängig_,2746,767447,770193,13,0+126+127+133+134+142+166+183,0,770193,770614,I,162,um_,False,False,False,2,False,False,False,2,2,False,False,False,2,2,2,False,Opfern handelte es sich durchgängig,1.0,100.0
SG12,P15_T1,P15,56,1790,770193,770614,I,D,162,um_,2434,770614,773048,7,139+155+156+158+159+160+161+166+183,0,773048,775372,I,165+166,ältere_Frauen_,False,False,False,2,False,False,False,2,2,True,False,False,1,2,2,False,um,1.0,100.0
SG12,P15_T1,P15,57,1790,773048,775372,I,D,165+166,ältere_Frauen_,1981,775372,777353,5,155+156+161+165+166,3,777353,780629,C,162+165,gesch[hcseg_,True,False,False,2,True,False,False,1,2,True,False,False,1,2,2,False,ältere Frauen,1.0,100.0
SG12,P15_T1,P15,58,1790,777353,780629,C,D,162+165,gesch[hcseg_,2262,780629,782891,12,139+155+156+157+158+159+160+161+165+183,5,782891,793593,C,163+164+165+166+167+168,"_geschwächte,_[_]mit_Herzproblemen",True,False,False,2,True,False,False,1,2,True,False,False,1,2,2,False,um ältere,0.0,22.0
SG12,P15_T1,P15,59,1790,782891,793593,C,D,163+164+165+166+167+168,"_geschwächte,_[_]mit_Herzproblemen",8752,793593,802345,29,109+114+119+120+121+122+123+126+127+133+134+135+136+149+158+159+160+164+166+168+180,5,802345,802345,I,169,.,False,False,False,2,False,False,False,2,2,False,False,False,2,2,2,False,"geschwächte , ältere Frauen mit Herzproblemen",0.0,66.0
SG12,P15_T1,P15,60,1790,802345,802345,I,D,169,.,11434,802345,813779,66,86+87+88+89+90+92+93+101+102+103+104+106+107+108+109+110+111+120+121+122+123+126+133+134+135+136+142+158+159+160+164+168,0,813779,814357,I,145,Unzu,False,False,False,2,False,False,False,2,2,False,False,False,2,2,2,False,.,,
SG12,P15_T1,P15,61,1790,813779,814357,I,D,145,Unzu,2199,814357,816556,16,0+120+121+122+123+127+133+134+135+136+138+139+140+143+145+146+151+152+153+155+156+157+161,1,816556,831688,C,145+146+147+148+149+150+151+152+153,"fir[r]edenheit_darüber,_mit_[ein_Hass_auf_ä]än_arbeiten_zu_müssen",True,True,True,1,True,True,True,1,1,True,True,True,1,1,1,False,Unzufriedenheit,1.0,100.0
SG12,P15_T1,P15,62,1790,836244,836244,I,D,169,_,5865,836244,842109,27,137+138+139+141+142+143+145+146+150+158+159+160+167+168+169,2,842109,844543,I,170+171,Alle_Opfer_,False,False,False,2,False,False,False,2,2,False,False,False,2,2,2,False,.,,
SG12,P15_T1,P15,63,1790,842109,844543,I,D,170+171,Alle_Opfer_,45100,844543,889643,258,0+2+3+4+5+6+7+8+9+11+12+13+14+15+16+17+25+26+28+29+30+31+32+33+34+35+36+37+38+39+40+51+52+53+54+56+57+59+61+62+63+64+66+67+68+70+71+72+73+74+76+77+78+82+84+85+87+95+96+97+99+100+105+106+107+108+109+110+111+119+133+134+135+136+138+150+151+152+153+155+156+157+161+166+167+168+171+172+173+174+175+176+177+178+180+181+183,3,889643,898379,I,63+64+65+66+67+68,des_viervfachen_Mordes_für_schuldig_befunden_,False,False,False,2,False,False,False,2,2,False,False,False,2,2,2,False,Alle Opfer,1.0,100.0
SG12,P15_T1,P15,64,1790,889643,898379,I,D,63+64+65+66+67+68,des_viervfachen_Mordes_für_schuldig_befunden_,2465,898379,900844,15,61+63+64+65+66+68+69+71+72+74+95+96+97+150+155+156+161,7,900844,903230,C,69+70+71,und_zu_[zu_,False,False,False,2,False,False,False,2,2,True,False,False,1,2,2,False,des vierfachen Mordes für schuldig befunden,1.0,98.0
SG12,P15_T1,P15,65,1790,900844,903230,C,D,69+70+71,und_zu_[zu_,14851,903230,918081,75,2+3+4+5+6+7+8+9+11+12+14+15+16+17+19+20+22+25+26+30+31+39+40+51+52+53+54+56+58+59+61+63+64+72+76+77+79+95+96+97+99+100+163,0,918081,918877,C,13,[wurde_]musste_,False,True,False,2,False,False,False,2,2,False,False,False,2,2,2,False,und zu einer,0.0,70.0
SG12,P15_T1,P15,66,1790,918081,918877,C,D,13,[wurde_]musste_,3230,918877,922107,10,2+4+5+6+7+8+9+15+17+25+26+155+156+161+171,0,922107,922107,D,15,[wegen_des_Mordes_an_vier_seiner_Patientinnen_zu_,False,False,False,2,False,False,False,2,2,False,False,False,2,2,2,False,musste,1.0,100.0
SG12,P15_T1,P15,67,1790,922107,922107,D,D,15,[wegen_des_Mordes_an_vier_seiner_Patientinnen_zu_,2059,922107,924166,6,5+6,0,924166,926833,C,15+16+17+18,[rn_]wegen_des_Mordes_an_vier_seiner_Patientinnen_zu_,True,True,True,1,True,False,False,1,2,True,True,False,1,1,2,False,eine,1.0,100.0
SG12,P15_T1,P15,68,1790,929282,930468,C,D,26,[verurteilt]antreten,10483,930468,940951,66,2+3+4+5+6+7+8+9+10+15+17+18+22+24+25+26+28+29+30+31+33+34+35+36+37+39+40+52+53+63+64+71+73+74+164+174+175+176+177+180+183,3,940951,940951,D,64,[v,False,False,False,2,False,False,False,2,2,False,False,False,2,2,2,False,antreten,1.0,100.0
SG12,P15_T1,P15,69,1790,940951,940951,D,D,64,[v,6350,940951,947301,38,28+29+30+31+35+36+37+38+39+40+59+60+61+62+63+64+72+73+87+95+96+97+164,1,947301,947301,D,76,[e,False,False,False,2,False,False,False,2,2,False,False,False,2,2,2,False,vierfachen,0.0,50.0
SG12,P15_T1,P15,70,1790,947301,947301,D,D,76,[e,20856,947301,968157,105,0+54+56+59+61+62+63+64+65+66+67+68+70+71+72+74+76+77+78+80+82+88+89+92+93+95+96+97+99+100+101+102+105+106+107+108+109+110+111+112+115+116+117+118+119+120+121+122+123+125+126+127+128+129+130+131+133+134+135+136+137+139+151+152+153+155+156+157+158+159+160+161+164+171+174+175+176+177+183,1,968157,969297,C,128+129,[dem_]des_s,False,True,False,2,False,False,False,2,2,False,False,False,2,2,2,False,einmal,0.0,50.0
SG12,P15_T1,P15,71,1790,971870,972916,C,D,131,[wurde_]werden_,8986,972916,981902,34,120+121+122+123+133+134+135+136+137+138+140+141+142+143+145+146+149+157+158+159+160+163+167+171+172,0,981902,981902,I,145,r,False,False,False,2,False,False,False,2,2,False,False,False,2,2,2,False,werden,1.0,100.0
SG12,P15_T1,P15,72,1790,981902,981902,I,D,145,r,19437,981902,1001339,78,65+84+85+120+121+122+123+135+136+137+139+141+142+145+146+148+149+150+151+152+153+155+156+157+158+159+160+161+163+165+166+167+168+169+170+171+172+174+175+176+177+178+180+181+183,3,1001339,1003445,I,172,könn,False,False,False,2,False,False,False,2,2,False,False,False,2,2,2,False,Unzufriedenheit,,
SG12,P15_T1,P15,73,1790,1001339,1003445,I,D,172,könn,1950,1003445,1005395,8,165+166+170+172+178+180+181,2,1005395,1005630,I,172,te,True,False,False,2,False,False,False,2,2,False,False,False,2,2,2,False,könnten,1.0,100.0
SG12,P15_T1,P15,74,1790,1005395,1005630,I,D,172,te,27019,1005630,1032649,134,0+4+8+9+59+66+68+70+82+84+85+86+87+89+90+95+96+97+105+106+109+113+114+116+118+119+120+121+122+123+125+126+128+129+130+131+133+134+135+136+138+139+141+142+143+145+146+149+151+152+153+155+156+157+158+159+160+161+163+166+167+168+169+170+171+172,7,1032649,1033008,I,172,n_,True,False,False,2,False,False,False,2,2,False,False,False,2,2,2,False,könnten,1.0,100.0
SG12,P15_T1,P15,75,1790,1032649,1033008,I,D,172,n_,27097,1033008,1060105,131,0+84+85+95+96+97+106+109+114+115+116+119+120+121+122+123+127+133+134+135+136+138+142+143+145+146+148+150+151+152+153+154+157+158+159+160+163+165+166+167+168+169+170+171+172+173+174+175+176+177+183,12,1060105,1073833,I,177+182+183,als_eine_Belastung_für_das_Klinikpersonal_betrachtet_werden.,False,False,False,2,False,False,False,2,2,False,False,False,2,2,2,False,könnten,,
SG12,P15_T1,P15,76,1790,1060105,1073833,I,D,177+182+183,als_eine_Belastung_für_das_Klinikpersonal_betrachtet_werden.,32931,1073833,1106764,197,1+2+4+7+8+9+10+14+19+21+22+24+27+28+29+36+37+39+40+52+53+63+64+66+67+68+78+79+80+87+89+92+95+96+97+106+107+108+109+110+111+116+117+118+119+120+121+122+123+126+127+133+134+138+139+141+142+143+145+146+149+150+151+152+153+155+156+157+158+159+160+161+163+164+165+166+167+168+172+173+178+180+181+182+183,3,1106764,1107420,C,173,[als_eine_Belastung_für_das_]von_,False,True,False,2,False,True,False,2,2,True,False,False,1,2,2,False,Klinikpersonals werden .,1.0,75.0
SG12,P15_T1,P15,77,1790,1106764,1107420,C,D,173,[als_eine_Belastung_für_das_]von_,2448,1107420,1109868,7,155+156+158+159+160+161+163+167+168,0,1109868,1111367,C,178+179,[betrachtet_]als_eine_,False,True,False,2,False,True,False,2,2,False,False,False,2,2,2,False,von,1.0,100.0
SG12,P15_T1,P15,78,1790,1109868,1111367,C,D,178+179,[betrachtet_]als_eine_,3526,1111367,1114893,6,168+172+174+175+176+177,0,1114893,1120243,C,174+175+176+177,einzelnen_Mitgliedern_des_[_]s_,False,False,False,2,False,False,False,2,2,False,False,False,2,2,2,False,als eine,1.0,100.0
SG12,P15_T1,P15,79,1790,1114893,1120243,C,D,174+175+176+177,einzelnen_Mitgliedern_des_[_]s_,2325,1120243,1122568,8,172+182,0,1122568,1126327,I,180+181,Belastung_wahrgenommen_,False,False,False,2,False,False,False,2,2,False,False,False,2,2,2,False,einzelnen Mitgliedern des Klinikpersonals,1.0,96.0
SG12,P15_T5,P15,80,1823,51995,56238,I,D,1+2+3+4,Die_Soziologie_ist_eine_,2356,56238,58594,8,1+2+4+5+25+26+27,3,58594,63258,I,5+6+7,relativ_junge_akademische_,False,False,False,2,False,False,False,2,2,False,False,False,2,2,2,False,Die Soziologie ist eine,1.0,100.0
SG12,P15_T5,P15,81,1823,58594,63258,I,D,5+6+7,relativ_junge_akademische_,2824,63258,66082,16,6+7+29+31+32+36+37+38+39+40+41+45+53+76+77,8,66082,69140,I,10+8+9,Disziplin._Sie_,False,False,False,2,False,False,False,2,2,False,False,False,2,2,2,False,relativ junge akademische,1.0,100.0
SG12,P15_T5,P15,82,1823,66082,69140,I,D,10+8+9,Disziplin._Sie_,1856,69140,70996,10,0+8+10+11+13+14,2,70996,80372,C,11+12+13+14+15+16,entstand_im_frühen_19.JAhrhundert_[A]a,False,False,False,2,False,False,False,2,2,False,False,False,2,2,2,False,Sie Disziplin .,0.0,71.0
SG12,P15_T5,P15,83,1823,70996,80372,C,D,11+12+13+14+15+16,entstand_im_frühen_19.JAhrhundert_[A]a,2137,80372,82509,1,15,1,82509,82509,I,15,_,True,False,False,2,False,False,False,2,2,False,False,False,2,2,2,False,entstand im frühen 19 . Jahrhundert,1.0,94.0
SG12,P15_T5,P15,84,1823,82509,82509,I,D,15,_,2355,82509,84864,9,7+36+37+38+39+40+45+78+106+107+113+114+115,0,84864,87672,I,17+18,als_Reaktion_,False,False,False,2,False,False,False,2,2,False,False,False,2,2,2,False,.,,
SG12,P15_T5,P15,85,1823,84864,87672,I,D,17+18,als_Reaktion_,2730,87672,90402,9,1+2+11+36+37+38+41+78+133,0,90402,91557,I,19+20,auf_die_,False,False,False,2,False,False,False,2,2,False,False,False,2,2,2,False,als Reaktion,1.0,100.0
SG12,P15_T5,P15,86,1823,90402,91557,I,D,19+20,auf_die_,2558,91557,94115,12,0+1+2+25+26,0,94115,100355,I,21+22+23,Herausforderungen_der_Moderne,False,False,False,2,False,False,False,2,2,False,False,False,2,2,2,False,auf die,1.0,100.0
SG12,P15_T5,P15,87,1823,94115,100355,I,D,21+22+23,Herausforderungen_der_Moderne,5195,100355,105550,25,5+6+44+47+48+49+50+51+53+54+55+56+65+66+67+68+69+78+118,0,105550,105706,I,24,:_,False,False,False,2,False,False,False,2,2,False,False,False,2,2,2,False,Herausforderungen der Moderne,1.0,100.0
SG12,P15_T5,P15,88,1823,105550,105706,I,D,24,:_,5694,105706,111400,21,7+13+47+48+49+50+52+53+54+56+59+63+64+66+67+78,0,111400,119169,I,25+26+27+28+29,Die_größere_mobilität_und_der_,False,False,False,2,False,False,False,2,2,False,False,False,2,2,2,False,:,,
SG12,P15_T5,P15,89,1823,111400,119169,I,D,25+26+27+28+29,Die_größere_mobilität_und_der_,1981,119169,121150,4,11+27,3,121150,121759,C,27,[m]M,True,False,False,2,True,False,False,1,2,True,False,False,1,2,2,False,Die größere Mobilität und der,1.0,100.0
SG12,P15_T5,P15,90,1823,121150,121759,C,D,27,[m]M,3354,121759,125113,17,6+8+9+10+11+53+54+55+78+81+82+102,0,125113,129996,I,30+31,technische_Fortschritt_,False,False,False,2,False,False,False,2,2,False,False,False,2,2,2,False,Mobilität,,
SG12,P15_T5,P15,91,1823,125113,129996,I,D,30+31,technische_Fortschritt_,4196,129996,134192,21,5+20+29+30+31+32+36+37+39+40+42+44+45+47+48+49+50+79+80,6,134192,135081,I,32,führt,False,False,False,2,False,False,False,2,2,False,False,False,2,2,2,False,technische Fortschritt,1.0,100.0
SG12,P15_T5,P15,92,1823,134192,135081,I,D,32,führt,3760,135081,138841,21,5+32+44+47+48+49+50+56+59+60+61+62+63+64+69+78+79+80+98+99+100+164,3,138841,142226,C,32+33+34,"ne[en]en_dazu,_",True,False,False,2,True,False,False,1,2,True,False,False,1,2,2,False,führten,1.0,100.0
SG12,P15_T5,P15,93,1823,138841,142226,C,D,32+33+34,"ne[en]en_dazu,_",2792,142226,145018,17,27+30+32+33+35+54+55+56+60+61+62+63+64+65+66+67+78+106+107+113+114+115+129,4,145018,145720,I,35,dass_,False,False,False,2,False,False,False,2,2,False,False,False,2,2,2,False,"führten dazu ,",1.0,88.0
SG12,P15_T5,P15,94,1823,145018,145720,I,D,35,dass_,10827,145720,156547,54,1+2+5+6+7+11+13+20+25+26+27+28+29+30+31+32+33+35+36+37+38+39+40+42+44+45+47+48+49+50+52+54+55+57+58+59+66+67+78+119+120+121,4,156547,159386,I,36+37,die_Menschen_,False,False,False,2,False,False,False,2,2,False,False,False,2,2,2,False,dass,1.0,100.0
SG12,P15_T5,P15,95,1823,156547,159386,I,D,36+37,die_Menschen_,1841,159386,161227,10,6+39+40+42+44+45+47+48+49+50+55+69+78,0,161227,166032,I,38+39+40+41,zunehmend_in_Kontakt_mit_,False,False,False,2,False,False,False,2,2,False,False,False,2,2,2,False,die Menschen,1.0,100.0
SG12,P15_T5,P15,96,1823,161227,166032,I,D,38+39+40+41,zunehmend_in_Kontakt_mit_,7410,166032,173442,37,36+37+39+40+41+42+43+44+45+47+48+49+50+51+52+57+58+60+61+62+63+64+65+66+67+69,4,173442,182100,C,42+43+44,ihnen_fren[n]mden_gesellschaftsformen_,False,False,False,2,False,False,False,2,2,False,False,False,2,2,2,False,zunehmend in Kontakt mit,1.0,100.0
SG12,P15_T5,P15,97,1823,173442,182100,C,D,42+43+44,ihnen_fren[n]mden_gesellschaftsformen_,4352,182100,186452,24,0+7+8+13+25+26+36+37+38+39+40+42+44+45+47+48+49+50,7,186452,192739,C,42+43+44+45+51,Kulturen_und_[g]Gkamen._,True,False,False,2,True,False,False,1,2,True,True,True,1,1,1,False,Kulturen und Gesellschaftsformen,1.0,75.0
SG12,P15_T5,P15,98,1823,186452,192739,C,D,42+43+44+45+51,Kulturen_und_[g]Gkamen._,23041,192739,215780,131,8+11+29+30+31+32+33+35+36+37+38+39+40+42+43+44+45+52+53+54+55+56+57+58+59+72+74+75+76+77+78+79+80+81+82+83+84+85+87+102+142+143+144,17,215780,223471,I,52+53+54,Die_Auswirkungen_diese,False,False,False,2,False,False,False,2,2,True,True,True,1,1,1,False,Kulturen und Gesellschaftsformen kamen .,0.0,74.0
SG12,P15_T5,P15,99,1823,215780,223471,I,D,52+53+54,Die_Auswirkungen_diese,9236,223471,232707,56,30+32+38+39+40+41+42+43+44+45+52+53+54+55,15,232707,233065,I,54,s_,True,False,False,2,False,False,False,2,2,True,False,False,1,2,2,False,Die Auswirkungen dieser,1.0,100.0
SG12,P15_T5,P15,100,1823,232707,233065,I,D,54,s_,11326,233065,244391,48,11+13+29+30+31+32+39+40+44+45+52+53+54+57+58+71+72+76+77+79+80+81+82+84+85,5,244391,254297,C,54+55+56+57+58,[_s]r_Kontakte_waren_durchaus_unterschiedlich_,True,False,False,2,True,False,False,1,2,True,False,False,1,2,2,False,dieser,,
SG12,P15_T5,P15,101,1823,244391,254297,C,D,54+55+56+57+58,[_s]r_Kontakte_waren_durchaus_unterschiedlich_,4181,254297,258478,14,42+53+56+57+58+59+65+72+76+77,2,258478,258806,I,59,-_,False,False,False,2,False,False,False,2,2,False,False,False,2,2,2,False,dieser Kontakte waren durchaus unterschiedlich,1.0,100.0
SG12,P15_T5,P15,102,1823,258478,258806,I,D,59,-_,6021,258806,264827,30,55+57+58+60+61+62+63+64+65+66+67+68+69+71+72+74+75+76+77+79+80+139,0,264827,272346,I,60+61+62+63,in_einigen_Fällen_bedeuteten_,False,False,False,2,False,False,False,2,2,False,False,False,2,2,2,False,-,,
SG12,P15_T5,P15,103,1823,264827,272346,I,D,60+61+62+63,in_einigen_Fällen_bedeuteten_,3885,272346,276231,24,7+8+10+11+25+26+44+53+55+56+57+58+59+65+66+67+72+79+80,0,276231,282206,I,64+65+66+67+68,sie_für_die_Betroffenen_jedoch_,False,False,False,2,False,False,False,2,2,False,False,False,2,2,2,False,in einigen Fällen bedeuteten,1.0,100.0
SG12,P15_T5,P15,104,1823,276231,282206,I,D,64+65+66+67+68,sie_für_die_Betroffenen_jedoch_,4602,282206,286808,24,8+10+11+12+13+47+48+49+50+54+55+56+59+60+61+62+63+64+66+67+68+69+73,8,286808,299803,C,68+69+70+71+72,einem_[_m]n_Zusammenbri[i]uch_der_traditionellen_Normen_,True,False,False,2,True,False,False,1,2,True,False,False,1,2,2,False,sie für die Betroffenen einen,1.0,86.0
SG12,P15_T5,P15,105,1823,286808,299803,C,D,68+69+70+71+72,einem_[_m]n_Zusammenbri[i]uch_der_traditionellen_Normen_,2137,299803,301940,11,72+73+76+77+79+80+81+82+122,1,301940,307057,I,73+74+79,und_Gepflogenheiten_,False,False,False,2,False,False,False,2,2,False,False,False,2,2,2,False,einen Zusammenbruch der traditionellen Normen,1.0,100.0
SG12,P15_T5,P15,106,1823,301940,307057,I,D,73+74+79,und_Gepflogenheiten_,17534,307057,324591,97,6+7+11+25+26+27+28+29+30+31+32+36+37+38+39+40+41+42+44+45+47+48+49+50+52+53+54+55+56+57+58+59+60+61+62+63+64+65+66+67+69+70+71+72+142+143+144+151,0,324591,327914,I,80,und_,False,False,False,2,False,False,False,2,2,False,False,False,2,2,2,False,und Gepflogenheiten ihr,1.0,100.0
SG12,P15_T5,P15,107,1823,324591,327914,I,D,80,und_,48594,327914,376508,196,7+8+38+42+44+52+53+55+57+58+60+61+62+63+64+65+66+67+68+69+70+71+72+74+75+76+77+79+80+81+82+84+85+86+89+91+92+93+94+95+96+97+98+99+100+101+102+103+104+106+107+113+114+115+134+142+143+144,44,376508,381750,I,80,erforderten_die_Entwicklung_,True,False,False,2,False,False,False,2,2,True,True,True,1,1,1,False,Weltverständnis,0.0,67.0
SG12,P15_T5,P15,108,1823,376508,381750,I,D,80,erforderten_die_Entwicklung_,5975,381750,387725,49,12+25+26+29+31+32+33+35+42+43+44+79+80+84+85+98+99+100+101+103+104+124,17,387725,395197,C,80,eines_neuen_Verstäö[ö]ndnisses_,True,False,False,2,True,False,False,1,2,True,True,True,1,1,1,False,Weltverständnis,0.0,47.0
SG12,P15_T5,P15,109,1823,387725,395197,C,D,80,eines_neuen_Verstäö[ö]ndnisses_,16287,395197,411484,80,0+1+2+7+8+10+11+12+13+14+15+52+53+55+57+58+59+66+67+68+69+71+74+79+80+106+107+110+111+112+113+114+115+127+129,2,411484,413605,I,80,darüber,True,False,False,2,False,False,False,2,2,True,True,True,1,1,1,False,Weltverständnis,1.0,80.0
SG12,P15_T5,P15,110,1823,411484,413605,I,D,80,darüber,2340,413605,415945,3,79+80+86+139,1,415945,424978,C,80+83,"[rebüra]essen,_wie_d[d]die_Welt_funktioniert._",True,True,True,1,True,False,False,1,2,True,True,True,1,1,1,False,Weltverständnis,0.0,29.0
SG12,P15_T5,P15,111,1823,427521,429642,I,D,84,Soziologen_,7082,429642,436724,36,57+58+72+73+79+80+84+85+86+87+88+89+91+92+95+96+97+98+99+100+101+103+104+106+107+108+113+114+115,1,436724,447489,C,84+85+86+87+88,[Soziologen_]Die_Soziologie_reagierte_auf_d[d]diese_,True,True,True,1,True,True,True,1,1,True,True,True,1,1,1,False,Die,0.0,33.0
SG12,P15_T5,P15,112,1823,451342,453854,I,D,89,Veränderungen,10467,453854,464321,51,60+61+62+63+64+65+66+67+68+69+76+77+79+80+84+85+86+89+90+91+92+93+94+95+96+97+98+99+100+101+102+103+104+106+107+113+114+115+119+120+121+122+123+152+159+164,2,464321,464477,I,89,",_",True,False,False,2,False,False,False,2,2,True,False,False,1,2,2,False,Veränderungen,1.0,100.0
SG12,P15_T5,P15,113,1823,464321,464477,I,D,89,",_",10607,464477,475084,92,1+2+38+39+40+42+43+44+45+52+53+54+57+58+63+64+65+66+67+68+69+78+79+80+81+82+153+154+155+156+157+159+161,0,475084,476739,C,80,[erforderten]machten_[_,False,True,False,2,False,False,False,2,2,True,False,False,1,2,2,False,Veränderungen,,
SG12,P15_T5,P15,114,1823,525895,526690,I,D,80,erfor,4446,526690,531136,22,12+27+30+32+33+35+36+37+42+43+44+63+64+66+67+79+80,3,531136,538110,C,80,rechtfertigten_die_[erformachten_die_]Welt[V]v,True,True,True,1,True,True,True,1,1,True,True,True,1,1,1,False,Weltverständnis,0.0,40.0
SG12,P15_T5,P15,115,1823,540325,540762,D,D,80,"[dessen,_wie_die_Welt_funktioniert_",6146,540762,546908,39,60+61+62+72+74+79+80+83+84+85+86+87+89+90+95+96+97+98+99+100+101+103+105+106+107+108+113+114+115+122,6,546908,549919,C,89+90+91+92,"[_,]_mit_dem_versuch",False,False,False,2,False,False,False,2,2,False,False,False,2,2,2,False,Weltverständnis,0.0,47.0
SG12,P15_T5,P15,116,1823,546908,549919,C,D,89+90+91+92,"[_,]_mit_dem_versuch",3884,549919,553803,22,79+80+84+85+86+87+89+91+92+95+96+98+99+100+101+103+104,3,553803,555800,C,92+93,"[v]V,_",True,False,False,2,True,False,False,1,2,True,False,False,1,2,2,False,Veränderungen mit dem Versuch,1.0,100.0
SG12,P15_T5,P15,117,1823,553803,555800,C,D,92+93,"[v]V,_",29360,555800,585160,148,43+44+63+64+79+80+84+85+86+87+88+89+90+91+92+93+94+95+96+97+98+99+100+101+102+103+104+105+106+107+108+109+110+111+112+113+114+115+119+120+121+122+123+125+153,15,585160,589044,I,94+95+96,"zu_klären,_",False,False,False,2,False,False,False,2,2,False,False,False,2,2,2,False,"Versuch ,",0.0,50.0
SG12,P15_T5,P15,118,1823,585160,589044,I,D,94+95+96,"zu_klären,_",4352,589044,593396,21,83+84+85+86+89+90+95+96+98+99+100+101+102+103+104,7,593396,594020,I,97,was_,False,False,False,2,False,False,False,2,2,False,False,False,2,2,2,False,"zu klären ,",1.0,90.0
SG12,P15_T5,P15,119,1823,593396,594020,I,D,97,was_,4181,594020,598201,15,73+79+80+84+85+86+87+88+89+93+94,0,598201,599839,I,98+99,den_Zusammen,False,False,False,2,False,False,False,2,2,False,False,False,2,2,2,False,was,1.0,100.0
SG12,P15_T5,P15,120,1823,598201,599839,I,D,98+99,den_Zusammen,2138,599839,601977,8,87+101+102+103+104+123+159,0,601977,612335,C,100+101+103+104+105+99,halt_innerhalb_eoi[io]iner_gesellschaftlöi[iö]ichen_,True,False,False,2,True,False,False,1,2,True,False,False,1,2,2,False,den Zusammenhalt,1.0,100.0
SG12,P15_T5,P15,121,1823,601977,612335,C,D,100+101+103+104+105+99,halt_innerhalb_eoi[io]iner_gesellschaftlöi[iö]ichen_,2012,612335,614347,9,87+90+93+94+95+96+97+98+99+100+101+103+104,4,614347,616173,I,103+105,Gruppe_,True,False,False,2,False,False,False,2,2,True,True,True,1,1,1,False,innerhalb einer Gruppe ausmacht und Zusammenhalt,0.0,59.0
SG12,P15_T5,P15,122,1823,614347,616173,I,D,103+105,Gruppe_,3010,616173,619183,14,104+105+106+107+110+111+112+113+114+115,1,619183,628294,I,104+105+106+107+108+109+110,ausmacht_und_wie_sich_der_Zusammenbruch_der_,True,False,False,2,False,False,False,2,2,True,True,True,1,1,1,False,Gruppe und,1.0,100.0
SG12,P15_T5,P15,123,1823,619183,628294,I,D,104+105+106+107+108+109+110,ausmacht_und_wie_sich_der_Zusammenbruch_der_,4337,628294,632631,17,71+79+80+83+89+91+92+97+101+103+109,3,632631,634940,C,102+103,[gesellschaftlichen_]sozialen_,False,True,False,2,False,True,False,2,2,False,False,False,2,2,2,False,ausmacht und wie sich der Zusammenbruch der,1.0,100.0
SG12,P15_T5,P15,124,1823,637560,637560,I,D,111,gesellschaftlichen_,2964,637560,640524,10,25+26+79+80+81+82+83+86+110,0,640524,646655,I,112+113+114,Solidarität_verhindern_lassen_,False,False,False,2,False,False,False,2,2,False,False,False,2,2,2,False,gesellschaftlichen,1.0,100.0
SG12,P15_T5,P15,125,1823,640524,646655,I,D,112+113+114,Solidarität_verhindern_lassen_,9859,646655,656514,85,25+26+27+28+29+30+31+42+44+51+59+60+61+62+66+67+68+69+72+74+79+80+83+84+85+86+87+89+91+92+95+96+98+99+100+101+103+104+105+108+109+153+164,0,656514,657669,I,115,könnte,False,False,False,2,False,False,False,2,2,False,False,False,2,2,2,False,Solidarität verhindern lassen,1.0,100.0
SG12,P15_T5,P15,126,1823,656514,657669,I,D,115,könnte,1841,657669,659510,7,95+96+97+98+99+100+101+103+106+107+109+113+114+115,1,659510,659510,I,116,.,False,False,False,2,False,False,False,2,2,False,False,False,2,2,2,False,könnte,1.0,100.0
SG12,P15_T5,P15,127,1823,659510,659510,I,D,116,.,14789,659510,674299,80,79+80+84+85+88+89+97+98+99+100+101+102+103+104+105+106+107+108+109+112+113+114+115+116+117+118+119+120+121+122+124+125+127+128+129+133+134+135+136+137+138+140+146+148+152+159+163+164,1,674299,676093,I,116+117,_Der_,True,False,False,2,False,False,False,2,2,False,False,False,2,2,2,False,.,,
SG12,P15_T5,P15,128,1823,674299,676093,I,D,116+117,_Der_,6162,676093,682255,28,71+98+99+100+101+102+103+108+109+112+125+129+133+134+139+140+146+148+150+151+152+153+164,0,682255,682598,I,117,Be,True,False,False,2,False,False,False,2,2,True,False,False,1,2,2,False,. Der,1.0,100.0
SG12,P15_T5,P15,129,1823,682255,682598,I,D,117,Be,1856,682598,684454,2,117+164,1,684454,684719,D,117,[eB,True,False,False,2,True,False,False,1,2,True,False,False,1,2,2,False,Der,0.0,50.0
SG12,P15_T5,P15,130,1823,684454,684719,D,D,117,[eB,2247,684719,686966,7,53+105+106+107+113+114+115+118+119+120+121+134,0,686966,695796,C,118+119+120,"Beghr[rh]riff_Sozilogie""",False,False,False,2,False,False,False,2,2,False,False,False,2,2,2,False,Der,0.0,33.0
SG12,P15_T5,P15,131,1823,686966,695796,C,D,118+119+120,"Beghr[rh]riff_Sozilogie""",2293,695796,698089,5,119+120+121,5,698089,703065,I,120+121+122+123,"o""_wurde_von_",True,False,False,2,False,False,False,2,2,False,False,False,2,2,2,False,"Begriff "" Soziologie",1.0,83.0
SG12,P15_T5,P15,132,1823,698089,703065,I,D,120+121+122+123,"o""_wurde_von_",9844,703065,712909,32,44+79+80+101+103+106+107+109+113+114+115+119+120+121+124+125+127+129+130+131+132+135+136+137+138+163+164,1,712909,712909,I,124,Auguste_Comte_(1798-1857)_in_1838_,False,False,False,2,False,False,False,2,2,False,False,False,2,2,2,False,"Soziologie "" wurde von",1.0,92.0
SG12,P15_T5,P15,133,1823,712909,712909,I,D,124,Auguste_Comte_(1798-1857)_in_1838_,2744,712909,715653,20,74+89+104+106+107+109+113+114+115+119+120+121+124,1,715653,720943,C,131+132+134,[in_]im_Jahr_geprägt_,False,True,False,2,False,False,False,2,2,False,False,False,2,2,2,False,Auguste,1.0,100.0
SG12,P15_T5,P15,134,1823,715653,720943,C,D,131+132+134,[in_]im_Jahr_geprägt_,2059,720943,723002,10,109+122+124+133+134+135+136+137+138+140+141+163,1,723002,726871,I,135+136+137+138,und_setzt_sich_aus_,False,False,False,2,False,False,False,2,2,False,False,False,2,2,2,False,im Jahr geprägt,1.0,100.0
SG12,P15_T5,P15,135,1823,723002,726871,I,D,135+136+137+138,und_setzt_sich_aus_,2699,726871,729570,3,57+58+112+148,0,729570,738977,I,139+140+141+142+143+144+145,"dem_lateinischen_Wort_""socius""_(",False,False,False,2,False,False,False,2,2,False,False,False,2,2,2,False,und setzt sich aus,1.0,100.0
SG12,P15_T5,P15,136,1823,729570,738977,I,D,139+140+141+142+143+144+145,"dem_lateinischen_Wort_""socius""_(",2371,738977,741348,8,109+111+112+119+120+121+122+145+146,2,741348,743189,I,146,Gefährte,False,False,False,2,False,False,False,2,2,False,False,False,2,2,2,False,"dem lateinischen Wort "" socius "" (",1.0,94.0
SG12,P15_T5,P15,137,1823,741348,743189,I,D,146,Gefährte,2043,743189,745232,8,146+147+148+149,4,745232,754826,I,147+148+149+150+151+152,",_Partner)_und_dem_griechischen_Begriff_",False,False,False,2,False,False,False,2,2,False,False,False,2,2,2,False,Gefährte,1.0,100.0
SG12,P15_T5,P15,138,1823,745232,754826,I,D,147+148+149+150+151+152,",_Partner)_und_dem_griechischen_Begriff_",2949,754826,757775,17,119+120+121+123+130+131+132+135+136+137+138+140+141+146+148+152+154+155+156+157+163,3,757775,757775,I,154,"""",False,False,False,2,False,False,False,2,2,True,True,False,1,1,2,False,", Partner ) und dem griechischen",1.0,97.0
SG12,P15_T5,P15,139,1823,757775,757775,I,D,154,"""",3947,757775,761722,16,79+80+109+110+119+120+121+124+134+148+152,0,761722,763282,I,155+156+157,"-logie""",False,False,False,2,False,False,False,2,2,False,False,False,2,2,2,False,"""",,
SG12,P15_T5,P15,140,1823,761722,763282,I,D,155+156+157,"-logie""",3510,763282,766792,16,131+132+133+148+150+151+152,0,766792,766823,C,151,r[#,False,False,False,2,False,False,False,2,2,False,False,False,2,2,2,False,"- logie """,1.0,86.0
SG12,P15_T5,P15,141,1823,766792,766823,C,D,151,r[#,1964,766823,768787,12,152+154+155+156+157,0,768787,768851,C,152,[Begriff]na,False,True,False,2,False,False,False,2,2,True,False,False,1,2,2,False,dem,0.0,0.0
SG12,P15_T5,P15,142,1823,772517,772517,D,D,152,[na,6333,772517,778850,73,71+84+85+86+87+104+105+106+107+108+109+113+114+115+119+120+121+133+135+136+137+138+140+151+152+163,2,778850,782329,C,151+152+153,[r]m[_]Suffix_,True,False,False,2,True,False,False,1,2,True,False,False,1,2,2,False,griechischen,0.0,33.0
SG12,P15_T5,P15,143,1823,778850,782329,C,D,151+152+153,[r]m[_]Suffix_,2403,782329,784732,15,1+2+131+132+133+134+135+136+137+138+140+163,0,784732,788117,I,157+158+159,_(Lehre,False,False,False,2,False,False,False,2,2,False,False,False,2,2,2,False,dem griechischen Suffix,1.0,100.0
SG12,P15_T5,P15,144,1823,784732,788117,I,D,157+158+159,_(Lehre,2636,788117,790753,10,133+134+142+143+144,0,790753,790753,I,162,),False,False,False,2,False,False,False,2,2,False,False,False,2,2,2,False,""" ( Lehre",1.0,83.0
SG12,P15_T5,P15,145,1823,790753,790753,I,D,162,),2450,790753,793203,7,159+162,3,793203,798631,C,160+161+162+163+164,",_rede[r]R_zusammen.",True,False,False,2,True,False,False,1,2,True,False,False,1,2,2,False,),,
SG12,P15_T5,P15,146,1823,793203,798631,C,D,160+161+162+163+164,",_rede[r]R_zusammen.",17441,798631,816072,74,1+2+4+5+6+7+8+10+11+12+13+20+27+29+30+31+32+33+35+36+37+38+39+40+42+44+45+53+54+57+58+60+61+62+72+78+81+82+142+143+144+148+161+164,5,816072,823716,C,42+46+47+48+49+50+51,"[ihnen_fremden_],_die_ihnen_fremden_[ne]_waren[_",False,True,False,2,False,True,False,2,2,False,False,False,2,2,2,False,", Rede ) zusammen .",1.0,81.0
SG12,P16_T2,P16,1,997,60403,75145,I,D,1+2+3+4+5,Familien_kämpfen_mit_steigenden_Lebenshaltungskosten_,8143,75145,83288,29,1+2+3+4+5+6+16+17+18+19+21+22+23+24+27+28+29,16,83288,89060,C,6+7,Bi[i]t[t]ritische_Familien_,False,False,False,2,False,False,False,2,2,False,False,False,2,2,2,False,Familien kämpfen mit steigenden Lebenshaltungskosten,1.0,100.0
SG12,P16_T2,P16,2,997,83288,89060,C,D,6+7,Bi[i]t[t]ritische_Familien_,44258,89060,133318,201,0+1+2+3+4+5+6+8+9+10+11+12+13+14+15+16+17+18+19+22+23+28+29+36+38+63+64+65+67+93+94+96+99+100+101+111+118+121+123+124+125+126+127+129+130+131+132+133+134+150+152+154+155+156+167,2,133318,134940,I,8,müssen_,False,False,False,2,False,False,False,2,2,False,False,False,2,2,2,False,Britische Familien,1.0,100.0
SG12,P16_T2,P16,3,997,133318,134940,I,D,8,müssen_,3308,134940,138248,10,0+9+10+12+14+15+167,0,138248,140400,I,10+9,31_000,False,False,False,2,False,False,False,2,2,False,False,False,2,2,2,False,müssen,1.0,100.0
SG12,P16_T2,P16,4,997,138248,140400,I,D,10+9,31_000,8003,140400,148403,22,1+5+9+10+11+97,7,148403,148403,I,10,_,True,False,False,2,False,False,False,2,2,False,False,False,2,2,2,False,000 31,0.0,50.0
SG12,P16_T2,P16,5,997,148403,148403,I,D,10,_,21372,148403,169775,32,1+5+9+10+11+39+67+100+167,6,169775,169775,I,11,£,False,False,False,2,False,False,False,2,2,False,False,False,2,2,2,False,000,,
SG12,P16_T2,P16,6,997,169775,169775,I,D,11,£,4322,169775,174097,22,0+2+3+4+5+9+10+11+14+15+66+67,4,174097,174097,I,11,_,True,False,False,2,False,False,False,2,2,False,False,False,2,2,2,False,£,,
SG12,P16_T2,P16,7,997,174097,174097,I,D,11,_,2324,174097,176421,10,8+11+12+147,2,176421,177700,I,12,extra_,False,False,False,2,False,False,False,2,2,False,False,False,2,2,2,False,£,,
SG12,P16_T2,P16,8,997,176421,177700,I,D,12,extra_,2449,177700,180149,10,12+16+17+18+19+20+21,4,180149,183503,I,12+14+15,"berechnen,_da_",True,False,False,2,False,False,False,2,2,True,True,False,1,1,2,False,extra,1.0,100.0
SG12,P16_T2,P16,9,997,180149,183503,I,D,12+14+15,"berechnen,_da_",2216,183503,185719,9,5+16+17+18+19+20+21+22+23+28+29,0,185719,187903,I,16+17,die_Preise_,False,False,False,2,False,False,False,2,2,True,True,False,1,1,2,False,"extra , da",0.0,50.0
SG12,P16_T2,P16,10,997,185719,187903,I,D,16+17,die_Preise_,998,187903,188901,4,16+17+18+20+28+29,1,188901,189416,I,18,für_,False,False,False,2,False,False,False,2,2,False,False,False,2,2,2,False,die Preise,1.0,100.0
SG12,P16_T2,P16,11,997,188901,189416,I,D,18,für_,1388,189416,190804,4,1+47,0,190804,192723,I,18,Benzin_u,True,False,False,2,False,False,False,2,2,True,False,False,1,2,2,False,für,1.0,100.0
SG12,P16_T2,P16,12,997,190804,192723,I,D,18,Benzin_u,2247,192723,194970,13,16+17+18+19+20+21+22+23+28+29,5,194970,201631,C,18+19+20+21,[u####neB]Lebensmittel_und_Benzin_,True,False,False,2,True,False,False,1,2,True,False,False,1,2,2,False,für,0.0,0.0
SG12,P16_T2,P16,13,997,194970,201631,C,D,18+19+20+21,[u####neB]Lebensmittel_und_Benzin_,3463,201631,205094,12,5+21+22+23+24,1,205094,207028,C,21,ran[n]sant_,True,False,False,2,True,False,False,1,2,True,False,False,1,2,2,False,für Lebensmittel und Benzin,1.0,100.0
SG12,P16_T2,P16,14,997,205094,207028,C,D,21,ran[n]sant_,2980,207028,210008,14,6+21+22+23+24+25+26+27,1,210008,210460,D,21,[_tna,True,False,False,2,True,False,False,1,2,True,False,False,1,2,2,False,Benzin,0.0,17.0
SG12,P16_T2,P16,15,997,210008,210460,D,D,21,[_tna,1248,210460,211708,4,21,4,211708,215640,C,21,ant_gestig[g]egen_sind,True,False,False,2,True,False,False,1,2,True,False,False,1,2,2,False,Benzin,0.0,20.0
SG12,P16_T2,P16,16,997,211708,215640,C,D,21,ant_gestig[g]egen_sind,20233,215640,235873,85,5+16+17+18+20+21+22+23+24+25+26+28+29+49+50+51+52+53+54+57+58+108+167,45,235873,254640,C,21+22+23+24+25+26+27+28+29+30,[##################sar]den_rasanmt[tmn]ntesten_A[A]Ant[t]ste[e]ieg_seit_17_Jahren_verzeivch[hcv]chnet_haben.,True,False,False,2,True,False,False,1,2,True,False,False,1,2,2,False,Benzin,0.0,67.0
SG12,P16_T2,P16,17,997,235873,254640,C,D,21+22+23+24+25+26+27+28+29+30,[##################sar]den_rasanmt[tmn]ntesten_A[A]Ant[t]ste[e]ieg_seit_17_Jahren_verzeivch[hcv]chnet_haben.,4836,254640,259476,30,0+5+8+9+10+11+12+13+19+20+28+29+31+32+56+80+83+90,2,259476,267292,C,30+31+32+33+34+35,_Die_Preiu[u]se_in_den_Supermärkten_,True,False,False,2,True,False,False,1,2,True,False,False,1,2,2,False,Benzin den rasantesten Anstieg seit 17 Jahren verzeichnet haben .,1.0,98.0
SG12,P16_T2,P16,18,997,259476,267292,C,D,30+31+32+33+34+35,_Die_Preiu[u]se_in_den_Supermärkten_,6442,267292,273734,20,4+5+8+9+10+12+13+36+38+65,0,273734,288055,C,36+37+38+39,sind_zu_einem_A[A_m]r_Alam[mal]a[aA]alaamierenden[nednereima]mierenden_,False,True,False,2,False,False,False,2,2,False,False,False,2,2,2,False,. Die Preise in den Supermärkten,1.0,100.0
SG12,P16_T2,P16,19,997,273734,288055,C,D,36+37+38+39,sind_zu_einem_A[A_m]r_Alam[mal]a[aA]alaamierenden[nednereima]mierenden_,23245,288055,311300,145,2+4+5+12+13+14+15+16+17+18+19+22+23+28+29+30+31+32+33+34+35+36+37+38+39+40+41+42+44+46+93+94+96+111+136+140+155+156,31,311300,312002,I,40,Rate,False,False,False,2,False,False,False,2,2,False,False,False,2,2,2,False,sind zu einer alamierenden,1.0,100.0
SG12,P16_T2,P16,20,997,311300,312002,I,D,40,Rate,1825,312002,313827,7,0+14+15+19+20+114,0,313827,313827,I,40,_,True,False,False,2,False,False,False,2,2,False,False,False,2,2,2,False,Rate,1.0,100.0
SG12,P16_T2,P16,21,997,313827,313827,I,D,40,_,1217,313827,315044,4,40+41+42,3,315044,325979,C,41+42+43+44+45+46,im_Laufe_des_lettte[ett]zten_H[H]Jas[s]hres_angestiegen,False,False,False,2,False,False,False,2,2,False,False,False,2,2,2,False,Rate,,
SG12,P16_T2,P16,22,997,315044,325979,C,D,41+42+43+44+45+46,im_Laufe_des_lettte[ett]zten_H[H]Jas[s]hres_angestiegen,1342,325979,327321,5,16+17+18+20+21+28+29+103,0,327321,327570,I,47,._,False,False,False,2,False,False,False,2,2,False,False,False,2,2,2,False,im Laufe des letzten Jahres angestiegen,1.0,100.0
SG12,P16_T2,P16,23,997,327321,327570,I,D,47,._,32324,327570,359894,149,3+4+5+6+8+9+10+11+12+13+16+17+18+19+20+21+22+23+24+25+27+28+29+31+32+33+34+35+39+45+46+48+49+50+60+61+62+65+66+93+94+96+97+102+105+113+114+116+117+152,0,359894,364199,C,48,Analy[yl]lysten_wa,False,False,False,2,False,False,False,2,2,False,False,False,2,2,2,False,.,,
SG12,P16_T2,P16,24,997,359894,364199,C,D,48,Analy[yl]lysten_wa,1170,364199,365369,9,5+9+10+16+17+18+21+28+29+48+80+83+90,2,365369,376976,C,48+49+50+51+52+53+54+55+56,"[aw_]_haa[aah]warnten_davor,_dass_die_Pe[e]reise_noch_weiter",True,True,True,1,True,False,False,1,2,True,True,False,1,1,2,False,Analysten,1.0,100.0
SG12,P16_T2,P16,25,997,380065,385104,C,D,56+57+58,_steigen_werde_[_]n,4851,385104,389955,26,34+35+36+39+41+42+45+46+56+58+71+72+74+75+76+78+79+80+83+90+91+93+94+96+100+113,4,389955,392950,I,58+59+60+61,_und_es_somit,True,False,False,2,False,False,False,2,2,False,False,False,2,2,2,False,weiter steigen werden,1.0,100.0
SG12,P16_T2,P16,26,997,389955,392950,I,D,58+59+60+61,_und_es_somit,1326,392950,394276,6,34+35+36+60+61+62,3,394276,401733,C,61+62+63+64,_schwieriger_für_the[eht]die_,True,False,False,2,True,False,False,1,2,True,False,False,1,2,2,False,werden und es somit,1.0,100.0
SG12,P16_T2,P16,27,997,394276,401733,C,D,61+62+63+64,_schwieriger_für_the[eht]die_,13572,401733,415305,40,1+5+12+13+46+48+49+50+53+54+57+60+61+62+64+65+66+93+94+96+100+111+114+118+124+155+156,3,415305,419455,C,65+66+67,Bsn[ns]ank_von_England,False,False,False,2,False,False,False,2,2,False,False,False,2,2,2,False,somit schwieriger für die,1.0,100.0
SG12,P16_T2,P16,28,997,415305,419455,C,D,65+66+67,Bsn[ns]ank_von_England,4321,419455,423776,29,5+34+35+38+39+40+41+42+46+48+53+54+56+57+60+61+62+64+65+66+67+68+69+70+73,8,423776,426116,C,67+68+69,_sein_wirds[s,True,False,False,2,True,False,False,1,2,True,False,False,1,2,2,False,Bank von England,1.0,100.0
SG12,P16_T2,P16,29,997,423776,426116,C,D,67+68+69,_sein_wirds[s,3245,426116,429361,14,28+29+48+68+69+71+72+74+77,1,429361,431795,C,69+70+71,".[.],m_[_m]_die_",True,False,False,2,True,False,False,1,2,True,False,False,1,2,2,False,England sein wird,1.0,75.0
SG12,P16_T2,P16,30,997,429361,431795,C,D,69+70+71,".[.],m_[_m]_die_",1185,431795,432980,4,68+69+71+72+75+76,3,432980,437317,I,71,Zinsen_zu_senken,True,False,False,2,False,False,False,2,2,True,True,False,1,1,2,False,"wird , den",1.0,80.0
SG12,P16_T2,P16,31,997,432980,437317,I,D,71,Zinsen_zu_senken,22355,437317,459672,110,3+5+6+9+10+12+14+15+16+17+18+20+22+23+34+35+37+40+41+42+43+44+53+54+65+66+67+70+71+72+73+93+94+96+100+111+114+119+121+123+125+126+127+129+130+131+132+133+134+137+138+152+154+167,19,459672,466255,C,71+72+73+74,[################_ei]en_Zinssatz_zu_senken,True,True,True,1,True,False,False,1,2,True,True,False,1,1,2,False,den,0.0,67.0
SG12,P16_T2,P16,32,997,472464,473073,I,D,75+76,",_da_",998,473073,474071,3,80+83+90+91+125+126,0,474071,474695,I,77,sie,False,False,False,2,False,False,False,2,2,False,False,False,2,2,2,False,", da",1.0,100.0
SG12,P16_T2,P16,33,997,474071,474695,I,D,77,sie,998,474695,475693,5,77+81+82+91,1,475693,475693,I,77,_,True,False,False,2,False,False,False,2,2,False,False,False,2,2,2,False,sie,1.0,100.0
SG12,P16_T2,P16,34,997,475693,475693,I,D,77,_,5336,475693,481029,18,16+17+18+34+35+46+55+70+73+77+78+79+81+82+85+91+105+155+156,1,481029,490841,I,78+79+80+81+82+83+84,"damit_kämpft,_eine_Inflation_zu_vermeiden",False,False,False,2,False,False,False,2,2,False,False,False,2,2,2,False,sie,,
SG12,P16_T2,P16,35,997,481029,490841,I,D,78+79+80+81+82+83+84,"damit_kämpft,_eine_Inflation_zu_vermeiden",4867,490841,495708,26,39+58+59+71+72+80+81+82+83+86+88+89+90+91+93+94+96+153,8,495708,496473,I,84+85,_und_,True,False,False,2,False,False,False,2,2,False,False,False,2,2,2,False,"damit kämpft , eine Inflation zu vermeiden",1.0,98.0
SG12,P16_T2,P16,36,997,495708,496473,I,D,84+85,_und_,3463,496473,499936,17,22+23+60+61+62+80+81+82+83+85+87+88+89+90+91+93+94+96+153,2,499936,500342,I,86,die_,False,False,False,2,False,False,False,2,2,False,False,False,2,2,2,False,vermeiden und,1.0,100.0
SG12,P16_T2,P16,37,997,499936,500342,I,D,86,die_,2059,500342,502401,7,57+78+79+89+93+94+96,0,502401,503680,I,87,Wirtscha,False,False,False,2,False,False,False,2,2,False,False,False,2,2,2,False,die,1.0,100.0
SG12,P16_T2,P16,38,997,502401,503680,I,D,87,Wirtscha,2761,503680,506441,11,60+61+62+80+81+82+83+85+86+87+90+153,3,506441,511932,C,87+88+89,ftt_[_t]_unter_Kontrolle_,True,False,False,2,True,False,False,1,2,True,False,False,1,2,2,False,Wirtschaft,1.0,100.0
SG12,P16_T2,P16,39,997,506441,511932,C,D,87+88+89,ftt_[_t]_unter_Kontrolle_,1217,511932,513149,2,80+83+89+90,1,513149,515162,I,90+91+92,zu_behalten.,False,False,False,2,False,False,False,2,2,False,False,False,2,2,2,False,Wirtschaft unter Kontrolle,1.0,100.0
SG12,P16_T2,P16,40,997,513149,515162,I,D,90+91+92,zu_behalten.,5990,515162,521152,25,68+69+70+71+72+73+93+94+96+100+103+105+111+115+136+140+141+142+143+144,0,521152,521152,I,92,_,True,False,False,2,False,False,False,2,2,False,False,False,2,2,2,False,zu behalten .,1.0,92.0
SG12,P16_T2,P16,41,997,521152,521152,I,D,92,_,19313,521152,540465,102,4+5+6+12+13+20+21+22+23+38+39+40+46+57+58+65+66+67+70+73+74+75+76+78+79+80+81+82+83+86+90+91+92+93+94+96+99+100+101+103+114+119+154+164+165,8,540465,546736,C,93+94+95+96,Erschwerend_kommt_noh[h]ch_hinzu,False,False,False,2,False,False,False,2,2,False,False,False,2,2,2,False,.,,
SG12,P16_T2,P16,42,997,540465,546736,C,D,93+94+95+96,Erschwerend_kommt_noh[h]ch_hinzu,10499,546736,557235,47,34+35+37+38+39+46+53+54+75+76+78+79+81+82+88+93+94+96+99+100+101+103+113+114+119+120+149,2,557235,564505,C,100+101+97+98+99,",_dass_sie[eis]dei[ie]ie_steigenden_Preise",False,False,False,2,False,False,False,2,2,False,False,False,2,2,2,False,Erschwerend kommt noch hinzu,1.0,100.0
SG12,P16_T2,P16,43,997,557235,564505,C,D,100+101+97+98+99,",_dass_sie[eis]dei[ie]ie_steigenden_Preise",19203,564505,583708,78,5+39+40+46+63+67+70+71+72+73+77+78+79+91+92+93+94+96+99+100+101+102+103+113+114+120+123+151+155+156+167,5,583708,587484,C,101+102,_ran[n]sant_den,True,False,False,2,True,False,False,1,2,True,False,False,1,2,2,False,"steigenden Preise , dass die",0.0,61.0
SG12,P16_T2,P16,44,997,583708,587484,C,D,101+102,_ran[n]sant_den,1060,587484,588544,5,103+113,0,588544,588544,I,102,_,True,False,False,2,False,False,False,2,2,True,False,False,1,2,2,False,Preise den,0.0,60.0
SG12,P16_T2,P16,45,997,588544,588544,I,D,102,_,1826,588544,590370,5,99+101+102+103,1,590370,596844,I,103+112+114,Lohnerhöhungen_vorangehen,False,False,False,2,False,False,False,2,2,False,False,False,2,2,2,False,den,,
SG12,P16_T2,P16,46,997,590370,596844,I,D,103+112+114,Lohnerhöhungen_vorangehen,5210,596844,602054,19,75+76+88+89+93+94+96+97+99+101+102+103,1,602054,602054,D,101,[######r,False,False,False,2,False,False,False,2,2,False,False,False,2,2,2,False,"Lohnerhöhungen , vorangehen",1.0,92.0
SG12,P16_T2,P16,47,997,602054,602054,D,D,101,[######r,2527,602054,604581,4,102+103,0,604581,606703,I,113,rasant_.,False,False,False,2,False,False,False,2,2,False,False,False,2,2,2,False,Preise,0.0,17.0
SG12,P16_T2,P16,48,997,604581,606703,I,D,113,rasant_.,1139,606703,607842,5,113+114+115+167,2,607842,607842,D,113,[.,True,False,False,2,True,False,False,1,2,True,False,False,1,2,2,False,rasant,1.0,100.0
SG12,P16_T2,P16,49,997,607842,607842,D,D,113,[.,2012,607842,609854,6,114+115,0,609854,609854,I,115,.,False,False,False,2,False,False,False,2,2,False,False,False,2,2,2,False,rasant,0.0,0.0
SG12,P16_T2,P16,50,997,609854,609854,I,D,115,.,10062,609854,619916,53,75+76+80+81+82+83+89+90+91+93+94+96+99+100+101+102+103+105+106+107+108+109+111+113+136+140+141+142+143+144,0,619916,620759,I,104,",_besao",False,False,False,2,False,False,False,2,2,False,False,False,2,2,2,False,.,,
SG12,P16_T2,P16,51,997,619916,620759,I,D,104,",_besao",1060,620759,621819,4,89+93+94+96+103,0,621819,625532,C,104+105+106,[oaseb]insbesondere_den,True,True,True,1,True,False,False,1,2,True,True,False,1,1,2,False,",",,
SG12,P16_T2,P16,52,997,626890,627982,I,D,106+107,en_der_,1622,627982,629604,4,108+110+137+159,0,629604,635002,C,108+109,Krana[an]nkenschwestern_un,False,False,False,2,False,False,False,2,2,False,False,False,2,2,2,False,denen der,1.0,100.0
SG12,P16_T2,P16,53,997,629604,635002,C,D,108+109,Krana[an]nkenschwestern_un,1856,635002,636858,7,33+51+52+63+111+141+142+143+144+163,0,636858,636858,I,109,d,True,False,False,2,False,False,False,2,2,False,False,False,2,2,2,False,Krankenschwestern und,1.0,100.0
SG12,P16_T2,P16,54,997,636858,636858,I,D,109,d,7987,636858,644845,44,71+72+74+89+91+92+93+94+96+106+108+109+111+116+117+118+124,6,644845,645547,I,109+110,_dem_,True,False,False,2,False,False,False,2,2,False,False,False,2,2,2,False,und,,
SG12,P16_T2,P16,55,997,644845,645547,I,D,109+110,_dem_,1467,645547,647014,4,111+164,0,647014,650243,C,111,Pr[r]f4e[e4]lege,False,False,False,2,False,False,False,2,2,False,False,False,2,2,2,False,und dem,1.0,100.0
SG12,P16_T2,P16,56,997,647014,650243,C,D,111,Pr[r]f4e[e4]lege,1981,650243,652224,10,78+79+141+142+143+144+145+153+166,0,652224,653300,I,111,personal,True,False,False,2,False,False,False,2,2,False,False,False,2,2,2,False,Pflegepersonal,1.0,100.0
SG12,P16_T2,P16,57,997,652224,653300,I,D,111,personal,3089,653300,656389,13,34+35+60+61+62+68+69+89+93+94+96+100+105,0,656389,656389,I,112,",",False,False,False,2,False,False,False,2,2,False,False,False,2,2,2,False,Pflegepersonal,1.0,100.0
SG12,P16_T2,P16,58,997,656389,656389,I,D,112,",",18018,656389,674407,100,36+63+67+71+72+74+75+76+78+79+80+81+82+83+89+90+92+93+94+96+97+99+100+101+102+103+108+109+111+114+116+117+118+119+121+123+124+146+153,0,674407,674407,I,115,_,False,False,False,2,False,False,False,2,2,False,False,False,2,2,2,False,",",,
SG12,P16_T2,P16,59,997,674407,674407,I,D,115,_,12917,674407,687324,63,4+5+22+23+67+89+91+93+94+96+97+99+100+101+103+108+110+111+116+117+118+119+120+121+123+124+125+126+127+129+130+131+132+133+134+153,0,687324,688260,I,116,Diese,False,False,False,2,False,False,False,2,2,False,False,False,2,2,2,False,.,,
SG12,P16_T2,P16,60,997,687324,688260,I,D,116,Diese,2216,688260,690476,14,93+94+96+99+100+101+108+111+116+117+153,2,690476,690476,I,116,_,True,False,False,2,False,False,False,2,2,True,False,False,1,2,2,False,Diese,1.0,100.0
SG12,P16_T2,P16,61,997,690476,690476,I,D,116,_,1825,690476,692301,4,116+117,4,692301,702831,C,116+117+118,"[_]_Berufsgruppe_musste_darunter_ledien[neid]io[o]den,_dass_",True,False,False,2,True,False,False,1,2,True,False,False,1,2,2,False,Diese,,
SG12,P16_T2,P16,62,997,692301,702831,C,D,116+117+118,"[_]_Berufsgruppe_musste_darunter_ledien[neid]io[o]den,_dass_",5819,702831,708650,26,5+99+101+103+111+114+116+117+118+119+121+123+124+150,8,708650,710163,D,118,[###########el_re###r,True,False,False,2,True,False,False,1,2,True,False,False,1,2,2,False,Diese Berufsgruppe musste,1.0,76.0
SG12,P16_T2,P16,63,997,708650,710163,D,D,118,[###########el_re###r,27472,710163,737635,116,1+4+5+6+11+12+13+46+60+61+62+87+93+94+96+102+103+105+108+109+111+114+115+116+117+118+119+120+121+123+124+125+126+127+129+130+131+132+133+134+136+137+138+140+141+142+143+144+149+150+152+155+156,8,737635,745622,C,118+119+120+121+122+123+124,[ad]unter_der_Forderung_der_Regierung_leiden,True,False,False,2,True,False,False,1,2,True,False,False,1,2,2,False,musste,0.0,17.0
SG12,P16_T2,P16,64,997,737635,745622,C,D,118+119+120+121+122+123+124,[ad]unter_der_Forderung_der_Regierung_leiden,1872,745622,747494,9,121+125+126+127+129+130+133+134+149,3,747494,747759,I,125,",_",False,False,False,2,False,False,False,2,2,False,False,False,2,2,2,False,musste unter der Forderung der Regierung leiden,1.0,100.0
SG12,P16_T2,P16,65,997,747494,747759,I,D,125,",_",2106,747759,749865,7,130+131+132+133+134+138+159,0,749865,756526,C,126+127+128+129,"dass_die_[_eid]Personen,_doe",False,True,False,2,False,False,False,2,2,False,False,False,2,2,2,False,",",,
SG12,P16_T2,P16,66,997,749865,756526,C,D,126+127+128+129,"dass_die_[_eid]Personen,_doe",1046,756526,757572,6,111+138+161+167,0,757572,766167,C,129+130+131+132+133+134,[eo]ie_im_öffentlichen_Sektor_tätig_sind,True,False,False,2,True,False,False,1,2,True,False,False,1,2,2,False,"dass Personen , die",1.0,89.0
SG12,P16_T2,P16,67,997,757572,766167,C,D,129+130+131+132+133+134,[eo]ie_im_öffentlichen_Sektor_tätig_sind,5772,766167,771939,40,60+61+62+111+114+132+136+137+138+140+141+142+143+144+146+162,2,771939,772173,I,135,",_",False,False,False,2,False,False,False,2,2,False,False,False,2,2,2,False,die im öffentlichen Sektor tätig sind,1.0,100.0
SG12,P16_T2,P16,68,997,771939,772173,I,D,135,",_",2418,772173,774591,8,31+32+111+116+117,0,774591,776198,I,136+137,Löhne_er,False,False,False,2,False,False,False,2,2,False,False,False,2,2,2,False,",",,
SG12,P16_T2,P16,69,997,774591,776198,I,D,136+137,Löhne_er,1201,776198,777399,3,137,3,777399,780597,I,137+138,halten_sollten,True,False,False,2,False,False,False,2,2,False,False,False,2,2,2,False,Löhne erhalten,1.0,100.0
SG12,P16_T2,P16,70,997,777399,780597,I,D,137+138,halten_sollten,39640,780597,820237,171,1+3+4+5+6+7+9+10+12+31+32+34+35+36+37+38+39+49+50+51+52+55+56+57+58+66+67+70+71+72+73+74+78+79+81+82+93+94+96+97+99+100+101+102+111+114+116+117+118+119+120+121+123+124+125+126+127+129+130+131+132+133+134+136+137+138+140+141+142+143+144+146+161+165+167,5,820237,830003,C,138+139+140+141+142+143+144+145,"[n]n,_die_unterhalb_der_Inflation_liegen.",True,False,False,2,True,False,False,1,2,True,False,False,1,2,2,False,erhalten sollten,1.0,100.0
SG12,P16_T2,P16,71,997,820237,830003,C,D,138+139+140+141+142+143+144+145,"[n]n,_die_unterhalb_der_Inflation_liegen.",14040,830003,844043,80,49+50+78+79+89+92+93+94+96+99+100+101+105+108+109+110+111+113+114+115+116+117+118+124+137+145+146+148+149+150+151+152+154+155+156,3,844043,850299,C,145+146+147,_Tu[uT]z[z]Zusätzlich_zu_d[d,True,False,False,2,True,False,False,1,2,True,False,False,1,2,2,False,"sollten , die unterhalb der Inflation liegen .",1.0,97.0
SG12,P16_T2,P16,72,997,844043,850299,C,D,145+146+147,_Tu[uT]z[z]Zusätzlich_zu_d[d,1591,850299,851890,3,147+148,1,851890,855088,C,148,Benzin_unf[fnu,False,False,False,2,False,False,False,2,2,False,False,False,2,2,2,False,. Zusätzlich zu,1.0,87.0
SG12,P16_T2,P16,73,997,851890,855088,C,D,148,Benzin_unf[fnu,1310,855088,856398,5,130+133+134+146+148+149,1,856398,856975,I,149,und_,False,False,False,2,False,False,False,2,2,False,False,False,2,2,2,False,Benzin,1.0,100.0
SG12,P16_T2,P16,74,997,856398,856975,I,D,149,und_,1576,856975,858551,7,53+54+75+76+123+151+155+156,0,858551,860829,I,150,Lebensmittelön,False,False,False,2,False,False,False,2,2,False,False,False,2,2,2,False,und,1.0,100.0
SG12,P16_T2,P16,75,997,858551,860829,I,D,150,Lebensmittelön,1482,860829,862311,8,150+152+154+155+156+167,3,862311,864713,C,150+151+152,"[nöl]ln,_sei",True,False,False,2,True,False,False,1,2,True,False,False,1,2,2,False,Lebensmitteln,1.0,92.0
SG12,P16_T2,P16,76,997,862311,864713,C,D,150+151+152,"[nöl]ln,_sei",998,864713,865711,7,58+100+132+148+150+152+154,2,865711,871671,C,152+153+154+155,[ie]teigen_momentan_auch_die_,True,False,False,2,True,False,False,1,2,True,False,False,1,2,2,False,"Lebensmitteln , steigen",0.0,71.0
SG12,P16_T2,P16,77,997,865711,871671,C,D,152+153+154+155,[ie]teigen_momentan_auch_die_,1497,871671,873168,1,154,1,873168,876912,C,156,Stromrechu[u]nungen,False,False,False,2,False,False,False,2,2,False,False,False,2,2,2,False,steigen momentan auch die,1.0,100.0
SG12,P16_T2,P16,78,997,873168,876912,C,D,156,Stromrechu[u]nungen,1030,876912,877942,5,40+131+158+159,0,877942,878223,I,157,._,False,False,False,2,False,False,False,2,2,False,False,False,2,2,2,False,Stromrechnungen,1.0,100.0
SG12,P16_T2,P16,79,997,877942,878223,I,D,157,._,6177,878223,884400,14,68+69+155+156+157+158+159+160+161+162+163,1,884400,884541,I,158,Fü,False,False,False,2,False,False,False,2,2,False,False,False,2,2,2,False,.,,
SG12,P16_T2,P16,80,997,884400,884541,I,D,158,Fü,1029,884541,885570,6,46+121+122+130+133+134+141+142+143+144,0,885570,886647,I,158,nf_,True,False,False,2,False,False,False,2,2,False,False,False,2,2,2,False,Fünf,1.0,100.0
SG12,P16_T2,P16,81,997,885570,886647,I,D,158,nf_,5585,886647,892232,31,136+140+145+151+152+155+156+158+159+163+164+165+166+167,2,892232,900531,C,159+160+161+162,der_sechs_größtenm_[_m]_Zulieferer_,False,False,False,2,False,False,False,2,2,False,False,False,2,2,2,False,Fünf,1.0,100.0
SG12,P16_T2,P16,82,997,892232,900531,C,D,159+160+161+162,der_sechs_größtenm_[_m]_Zulieferer_,1451,900531,901982,5,93+94+96+136+140+141+142+143+144+146,0,901982,909251,I,163+164+165+166+167,haben_ihre_Kundenrechnungen_erhöht.,False,False,False,2,False,False,False,2,2,False,False,False,2,2,2,False,der sechs größten Zulieferer,1.0,100.0
SG12,P16_T2,P16,83,997,901982,909251,I,D,163+164+165+166+167,haben_ihre_Kundenrechnungen_erhöht.,7785,909251,917036,31,5+6+7+8+9+10+11+12+16+17+18+19+21+22+23+162+166,1,917036,919766,C,12+13,[nenhcereb]einpl,False,True,False,2,False,False,False,2,2,False,False,False,2,2,2,False,haben ihre Kundenrechnungen erhöht .,1.0,97.0
SG12,P16_T4,P16,84,1025,19968,34710,C,D,1+2,Obn[n]wohl_entwicklungs[s#######wtn]E[Ee]Entwicklungsländer_,19578,34710,54288,70,2+3+5+19+20+43+62+63+83+84+100+101+103+104,11,54288,57674,I,3,verständlicherweise_,False,False,False,2,False,False,False,2,2,False,False,False,2,2,2,False,Obwohl Entwicklungsländer,1.0,100.0
SG12,P16_T4,P16,85,1025,54288,57674,I,D,3,verständlicherweise_,1513,57674,59187,5,4+6+13+14,0,59187,62728,C,4+5,abgeneigt_sindd[d,False,False,False,2,False,False,False,2,2,False,False,False,2,2,2,False,verständlicherweise,1.0,100.0
SG12,P16_T4,P16,86,1025,59187,62728,C,D,4+5,abgeneigt_sindd[d,4259,62728,66987,21,4+5+6+7+8+9+11+12+13+14,7,66987,71152,C,6+7+8,",m[m]_ihre_Chancen",False,False,False,2,False,False,False,2,2,False,False,False,2,2,2,False,abgeneigt sind,1.0,100.0
SG12,P16_T4,P16,87,1025,66987,71152,C,D,6+7+8,",m[m]_ihre_Chancen",61605,71152,132757,230,1+2+3+4+5+6+7+8+9+12+13+14+19+20+23+24+25+26+39+40+41+43+45+46+48+50+67+68+69+83+84+87+89+90+100+101,73,132757,132757,I,8,_,True,False,False,2,False,False,False,2,2,True,False,False,1,2,2,False,", ihre Chancen",1.0,100.0
SG12,P16_T4,P16,88,1025,132757,132757,I,D,8,_,1435,132757,134192,7,8+28+29+30+31+32+54,1,134192,148700,C,10+11+12+20+8+9,"a[a_],[,n]n_bessere_Lebensbedingungen_zu_r[r]erreicen_",True,False,False,2,True,False,False,1,2,True,False,False,1,2,2,False,Chancen,,
SG12,P16_T4,P16,89,1025,134192,148700,C,D,10+11+12+20+8+9,"a[a_],[,n]n_bessere_Lebensbedingungen_zu_r[r]erreicen_",6630,148700,155330,35,1+2+3+4+5+7+8+9+10+12,9,155330,155330,I,12,h,True,False,False,2,False,False,False,2,2,True,True,False,1,1,2,False,Lebensbedingungen zu erreichen Klimawandel Chancen bessere,0.0,74.0
SG12,P16_T4,P16,90,1025,155330,155330,I,D,12,h,4758,155330,160088,17,3+4+5+6+9+10+11+12+13,5,160088,161414,I,12+13,_zu_,True,False,False,2,False,False,False,2,2,False,False,False,2,2,2,False,erreichen,,
SG12,P16_T4,P16,91,1025,160088,161414,I,D,12+13,_zu_,3479,161414,164893,7,6+7+8+10+11+13,2,164893,167140,I,14,beeinträchtigen,False,False,False,2,False,False,False,2,2,False,False,False,2,2,2,False,erreichen zu,1.0,100.0
SG12,P16_T4,P16,92,1025,164893,167140,I,D,14,beeinträchtigen,10452,167140,177592,58,0+1+2+3+4+5+6+7+8+9+10+11+12+13+14+16+17+18+19+20+21+23+24+25+26+39+50,2,177592,177794,I,15,",_",False,False,False,2,False,False,False,2,2,False,False,False,2,2,2,False,beeinträchtigen,1.0,100.0
SG12,P16_T4,P16,93,1025,177592,177794,I,D,15,",_",11092,177794,188886,44,1+2+3+4+5+7+14+58+104,0,188886,195656,C,15,wü[üw]nb[bn]braiuc[cui]ucht,True,False,False,2,True,False,False,1,2,True,False,False,1,2,2,False,",",,
SG12,P16_T4,P16,94,1025,188886,195656,C,D,15,wü[üw]nb[bn]braiuc[cui]ucht,2590,195656,198246,13,2+17+18+19+20+40+41+45+46+58,0,198246,206686,C,15+16+17,"[t]en_Aktionen,_[_,]_für_Kö[öK",True,False,False,2,True,False,False,1,2,True,False,False,1,2,2,False,",",,
SG12,P16_T4,P16,95,1025,198246,206686,C,D,15+16+17,"[t]en_Aktionen,_[_,]_für_Kö[öK",1357,206686,208043,4,3+5+17,2,208043,215297,C,17+18+19+20,[_rüf_]_gegen_den_Klimaa[a]wandel_,True,True,True,1,True,False,False,1,2,True,True,False,1,1,2,False,", müssen Aktionen",0.0,65.0
SG12,P16_T4,P16,96,1025,223159,224751,C,D,15+16,[#######b]müssemn,1435,224751,226186,3,16+18+19+20,1,226186,227122,C,16,[nm]n,True,False,False,2,True,False,False,1,2,True,False,False,1,2,2,False,", müssen",1.0,86.0
SG12,P16_T4,P16,97,1025,226186,227122,C,D,16,[nm]n,1887,227122,229009,4,18+19+20,0,229009,235686,C,20+21+22,nicht[thcin_]nicht_zwangsweise_,False,True,False,2,False,False,False,2,2,False,False,False,2,2,2,False,müssen,,
SG12,P16_T4,P16,98,1025,237168,241178,C,D,23+24,di[i]ie_wirtscg[gcst,2106,241178,243284,7,9+23+24+25,6,243284,248603,C,24+25,schaftliche_Eent[tne]ntwicklung_,True,False,False,2,True,False,False,1,2,True,False,False,1,2,2,False,die wirschaftliche,0.0,62.0
SG12,P16_T4,P16,99,1025,243284,248603,C,D,24+25,schaftliche_Eent[tne]ntwicklung_,5179,248603,253782,32,1+2+3+4+5+7+8+9+10+11+19+20+21+24+26+48+78,3,253782,257511,C,26+27,gefährfde[edf]den.,False,False,False,2,False,False,False,2,2,False,False,False,2,2,2,False,wirschaftliche Entwicklung,1.0,100.0
SG12,P16_T4,P16,100,1025,253782,257511,C,D,26+27,gefährfde[edf]den.,21278,257511,278789,95,0+3+8+10+16+17+18+19+20+23+24+25+26+28+29+30+31+32+35+36+38+39+40+41+43+45+46+47+48+49+50+52+53+54+55+62+63+68+69+70+78+83+84+89+90+100+101+104+105+106,4,278789,288508,C,27+28+29+30+31+32,_Es_sollten_Fördergelder_angebe[e]otenm[m]_werden,True,False,False,2,True,False,False,1,2,True,False,False,1,2,2,False,gefährden .,1.0,90.0
SG12,P16_T4,P16,101,1025,278789,288508,C,D,27+28+29+30+31+32,_Es_sollten_Fördergelder_angebe[e]otenm[m]_werden,9485,288508,297993,38,0+2+3+10+18+19+20+24+29+30+31+33+34+35+36+37+38+43+54+59+60+61,7,297993,306168,I,33+34+35+36+37+38,",_um_die_Entwicklungsländer_zu_ermutigenm",False,False,False,2,False,False,False,2,2,False,False,False,2,2,2,False,. Es sollten Fördergelder angeboten werden,1.0,100.0
SG12,P16_T4,P16,102,1025,297993,306168,I,D,33+34+35+36+37+38,",_um_die_Entwicklungsländer_zu_ermutigenm",3790,306168,309958,16,38+39+40+41+43+45+46+50+67+68+69,3,309958,310536,C,38,[m]_,True,False,False,2,True,False,False,1,2,True,False,False,1,2,2,False,", um die Entwicklungsländer zu ermutigen",1.0,100.0
SG12,P16_T4,P16,103,1025,309958,310536,C,D,38,[m]_,26301,310536,336837,78,0+3+4+5+7+8+26+28+31+32+33+34+35+36+37+38+39+40+41+43+45+46+47+50+66+67+68+69+89+90+94+100+105+107+108+109,5,336837,338897,C,38+39+40,"[_],_einen_",True,False,False,2,True,False,False,1,2,True,False,False,1,2,2,False,ermutigen,,
SG12,P16_T4,P16,104,1025,336837,338897,C,D,38+39+40,"[_],_einen_",1809,338897,340706,12,24+26+40+41+43+45+46+47+48+49,2,340706,343920,C,41,"Scj[j]hritt_""",False,False,False,2,False,False,False,2,2,False,False,False,2,2,2,False,"ermutigen , einen",1.0,100.0
SG12,P16_T4,P16,105,1025,340706,343920,C,D,41,"Scj[j]hritt_""",1029,343920,344949,1,93,0,344949,346213,C,41+42,"[""]g[g]""",True,False,False,2,True,False,False,1,2,True,False,False,1,2,2,False,Schritt,1.0,100.0
SG12,P16_T4,P16,106,1025,344949,346213,C,D,41+42,"[""]g[g]""",1076,346213,347289,3,40+41+45+46,3,347289,348974,I,43,gründer_,False,False,False,2,False,False,False,2,2,False,False,False,2,2,2,False,"Schritt """,,
SG12,P16_T4,P16,107,1025,347289,348974,I,D,43,gründer_,1170,348974,350144,8,8+23+24+25+40+41+45+46+101+104+109,0,350144,354840,C,43+44+45+46,"[_red]er""_zu_werden",True,True,True,1,True,False,False,1,2,True,True,False,1,1,2,False,grüner,1.0,83.0
SG12,P16_T4,P16,108,1025,361954,362905,I,D,46+47,_und_,11107,362905,374012,38,3+19+20+23+24+25+26+28+31+32+33+34+35+36+37+39+43+50+67+68+71+72+78+89+90+91+92+98+105,0,374012,383232,C,48+49+50,saubere_Tecch[hc]hnologien_einzuführen,False,False,False,2,False,False,False,2,2,False,False,False,2,2,2,False,werden und,1.0,100.0
SG12,P16_T4,P16,109,1025,374012,383232,C,D,48+49+50,saubere_Tecch[hc]hnologien_einzuführen,7270,383232,390502,44,9+23+25+28+29+30+32+33+34+35+36+37+38+39+40+41+43+45+46+49+50+51+52+53+54+55+56+57,5,390502,395775,C,50+51+52,",[,]._Darüh[h]berhinaus",True,False,False,2,True,False,False,1,2,True,False,False,1,2,2,False,saubere Technologien einzuführen,1.0,100.0
SG12,P16_T4,P16,110,1025,390502,395775,C,D,50+51+52,",[,]._Darüh[h]berhinaus",1185,395775,396960,6,52+73+74+77,3,396960,396960,I,52,_,True,False,False,2,False,False,False,2,2,False,False,False,2,2,2,False,einzuführen . Darüberhinaus,1.0,100.0
SG12,P16_T4,P16,111,1025,396960,396960,I,D,52,_,2839,396960,399799,13,52+62+63+71+74+76+77+93+95+102+109,1,399799,405618,I,53+54+55+56+57+58,"könnten_sie_auch_dazu_beitragen,_",False,False,False,2,False,False,False,2,2,False,False,False,2,2,2,False,Darüberhinaus,,
SG12,P16_T4,P16,112,1025,399799,405618,I,D,53+54+55+56+57+58,"könnten_sie_auch_dazu_beitragen,_",7254,405618,412872,46,1+35+36+38+39+40+41+43+45+46+49+50+55+56+57+58+59+60+61+62+63+64+65+68+71+77+79+91+100,6,412872,412872,I,59,d,False,False,False,2,False,False,False,2,2,False,False,False,2,2,2,False,"könnten sie auch dazu beitragen ,",1.0,97.0
SG12,P16_T4,P16,113,1025,412872,412872,I,D,59,d,7317,412872,420189,40,40+41+45+46+47+49+55+56+57+58+59+60+61+62+63+64+65+69+109,7,420189,420813,I,59,ie_,True,False,False,2,False,False,False,2,2,False,False,False,2,2,2,False,die,,
SG12,P16_T4,P16,114,1025,420189,420813,I,D,59,ie_,1544,420813,422357,2,77+97,0,422357,426990,C,60,Emm[m]issionenzuz[zuz]_,False,False,False,2,False,False,False,2,2,False,False,False,2,2,2,False,die,1.0,100.0
SG12,P16_T4,P16,115,1025,422357,426990,C,D,60,Emm[m]issionenzuz[zuz]_,2933,426990,429923,15,59+60+62+63+67+81+82+83+84,2,429923,432216,I,64+65,zu_verringern,False,False,False,2,False,False,False,2,2,False,False,False,2,2,2,False,Emissionen,1.0,100.0
SG12,P16_T4,P16,116,1025,429923,432216,I,D,64+65,zu_verringern,40966,432216,473182,168,1+3+4+17+18+19+20+28+30+32+33+34+35+36+37+38+39+40+41+43+45+46+49+50+52+53+54+55+56+57+58+59+60+61+62+63+64+65+66+67+68+69+77+79+80+81+82+83+84+85+86+89+90+91+100+104+105,3,473182,478705,C,61+62+63,aus_der_Etnw[wnt]ntwaldung_,False,False,False,2,False,False,False,2,2,False,False,False,2,2,2,False,zu verringern,1.0,100.0
SG12,P16_T4,P16,117,1025,473182,478705,C,D,61+62+63,aus_der_Etnw[wnt]ntwaldung_,2543,478705,481248,10,39+40+41+45+46+47+49+50+52+66,0,481248,481575,I,66,._,False,False,False,2,False,False,False,2,2,False,False,False,2,2,2,False,aus der Entwaldung,1.0,100.0
SG12,P16_T4,P16,118,1025,481248,481575,I,D,66,._,11185,481575,492760,54,33+34+37+39+50+62+63+66+67+68+69+70+72+73+74+75+76+78+79+80+81+82+83+84+85+88+89+90+104,1,492760,500295,C,67+68,"Einei[ie]ige_[_],_der_w[w]verwundbarsten",False,False,False,2,False,False,False,2,2,False,False,False,2,2,2,False,.,,
SG12,P16_T4,P16,119,1025,492760,500295,C,D,67+68,"Einei[ie]ige_[_],_der_w[w]verwundbarsten",12402,500295,512697,35,19+20+35+36+39+43+50+52+53+67+68+83+84+104+105+108+109,9,512697,517175,C,68+69,[#############v]gefährdetsten_,True,False,False,2,True,False,False,1,2,True,False,False,1,2,2,False,Einige der,1.0,90.0
SG12,P16_T4,P16,120,1025,512697,517175,C,D,68+69,[#############v]gefährdetsten_,1794,517175,518969,4,47+70+89+90+105,0,518969,519889,I,70,Länder,False,False,False,2,False,False,False,2,2,False,False,False,2,2,2,False,der gefährdetsten,1.0,100.0
SG12,P16_T4,P16,121,1025,518969,519889,I,D,70,Länder,1388,519889,521277,8,69+70+72+78+88+107,3,521277,523227,I,70+71+72,_der_Welt_,True,False,False,2,False,False,False,2,2,False,False,False,2,2,2,False,Länder,1.0,100.0
SG12,P16_T4,P16,122,1025,521277,523227,I,D,70+71+72,_der_Welt_,1326,523227,524553,6,72+92+93+94+98,1,524553,525193,I,73,haben_,False,False,False,2,False,False,False,2,2,False,False,False,2,2,2,False,Länder der Welt,1.0,100.0
SG12,P16_T4,P16,123,1025,524553,525193,I,D,73,haben_,4056,525193,529249,19,61+62+63+69+74+75+76+77+78+79+81+82+95,0,529249,530045,I,73,zumin,True,False,False,2,False,False,False,2,2,True,True,False,1,1,2,False,haben,1.0,100.0
SG12,P16_T4,P16,124,1025,529249,530045,I,D,73,zumin,2137,530045,532182,8,31+56+57+71+73+76+77+81+82,1,532182,543008,C,73+75+76+77+78,es[sen]d[di]indest_z6uz[zu6]um_Klimawandel_beigetragen,True,False,False,2,True,False,False,1,2,True,True,False,1,1,2,False,haben,0.0,20.0
SG12,P16_T4,P16,125,1025,532182,543008,C,D,73+75+76+77+78,es[sen]d[di]indest_z6uz[zu6]um_Klimawandel_beigetragen,6693,543008,549701,30,3+62+63+67+76+77+78+81+82+83+84+85+101+105+109,4,549701,551464,I,79+80,",_jedoch",False,False,False,2,False,False,False,2,2,True,True,False,1,1,2,False,haben wenigsten zum Klimawandel beigetragen,1.0,91.0
SG12,P16_T4,P16,126,1025,549701,551464,I,D,79+80,",_jedoch",27815,551464,579279,127,3+4+5+7+8+9+18+19+20+21+35+36+56+57+62+63+66+67+68+69+70+71+72+73+74+76+77+78+79+80+83+84+85+86+87+89+90+101+104+105+109,4,579279,588124,C,80+81+82+83+84,_sindd_[_d]_d[d]sie_die_Hauptleidtragenden,True,False,False,2,True,False,False,1,2,True,False,False,1,2,2,False,", jedoch",1.0,100.0
SG12,P16_T4,P16,127,1025,579279,588124,C,D,80+81+82+83+84,_sindd_[_d]_d[d]sie_die_Hauptleidtragenden,11450,588124,599574,57,10+18+48+52+67+68+69+71+73+74+75+76+77+78+79+83+84+95+104,14,599574,604020,C,73+74+75,[tsednimuz]am_wenigsten,False,True,False,2,False,False,False,2,2,False,False,False,2,2,2,False,jedoch sind sie die Hauptleidtragenden,1.0,100.0
SG12,P16_T4,P16,128,1025,608264,608264,I,D,84,_,1076,608264,609340,6,71+75+77+85,0,609340,612554,I,85+86+87,dieses_Problems.,False,False,False,2,False,False,False,2,2,False,False,False,2,2,2,False,Hauptleidtragenden,,
SG12,P16_T4,P16,129,1025,609340,612554,I,D,85+86+87,dieses_Problems.,1731,612554,614285,13,70+83+84+86+88+89+90,1,614285,614285,I,87,_,True,False,False,2,False,False,False,2,2,False,False,False,2,2,2,False,dieses Problems .,1.0,94.0
SG12,P16_T4,P16,130,1025,614285,614285,I,D,87,_,6911,614285,621196,26,7+70+71+87+88+89+90+91+92+93+94+95+96+97+98,1,621196,639152,C,88+89+90+91+92+93+94+95+96+97+98,Besonders_die_Entwicklungsländer_müssen_sich_an_die_Folgen_den[n]s_Klimawandels_anpassen,False,False,False,2,False,False,False,2,2,False,False,False,2,2,2,False,.,,
SG12,P16_T4,P16,131,1025,621196,639152,C,D,88+89+90+91+92+93+94+95+96+97+98,Besonders_die_Entwicklungsländer_müssen_sich_an_die_Folgen_den[n]s_Klimawandels_anpassen,5429,639152,644581,27,0+81+82+83+84+86+89+90+92+94+95+97+98+100+101+102+103+104+105+108,6,644581,646827,C,99,._An[nA_]_,False,True,False,2,False,False,False,2,2,False,False,False,2,2,2,False,Besonders die Entwicklungsländer müssen sich an die Folgen des Klimawandels anpassen,1.0,100.0
SG12,P16_T4,P16,132,1025,644581,646827,C,D,99,._An[nA_]_,1170,646827,647997,1,92+98,0,647997,653473,I,100+101+102+103,Daher_müssen_Anpassung_und_,False,False,False,2,False,False,False,2,2,False,False,False,2,2,2,False,.,,
SG12,P16_T4,P16,133,1025,647997,653473,I,D,100+101+102+103,Daher_müssen_Anpassung_und_,30654,653473,684127,97,2+3+4+5+6+7+8+9+10+13+17+19+20+35+36+40+41+43+45+46+62+63+66+67+68+71+75+87+88+89+90+95+100+102+103+104+105,8,684127,690632,I,104+105+106+107+108+109,Vermeidung_Hand_in_Hand_gehen.,False,False,False,2,False,False,False,2,2,False,False,False,2,2,2,False,Daher müssen Anpassung und,1.0,100.0
SG12,P16_T4,P16,134,1025,684127,690632,I,D,104+105+106+107+108+109,Vermeidung_Hand_in_Hand_gehen.,20982,690632,711614,117,1+2+3+4+5+6+7+8+9+10+12+13+16+23+25+26+27+28+29+30+31+32+33+34+35+36+37+38+39+40+41+43+45+46+48+49+50+52+54+56+57+61+62+63+64+65+68+69+74+75+76+77+102,0,711614,712098,C,67,"[_,]_",False,False,False,2,False,False,False,2,2,False,False,False,2,2,2,False,Vermeidung Hand in Hand gehen .,1.0,97.0
SG12,P17_T4,P17,1,1882,114021,117812,I,D,1,Obwohl_Entwicklungsländer_,19563,117812,137375,62,1+19,7,137375,137983,I,5,ungern_,False,False,False,2,False,False,False,2,2,True,False,False,1,2,2,False,Entwicklungsländer,1.0,100.0
SG12,P17_T4,P17,2,1882,137375,137983,I,D,5,ungern_,6505,137983,144488,20,1+4+5+19,1,144488,145814,I,3+4,natürlich_nur_,False,False,False,2,False,False,False,2,2,False,False,False,2,2,2,False,ungern,1.0,100.0
SG12,P17_T4,P17,3,1882,144488,145814,I,D,3+4,natürlich_nur_,15881,145814,161695,50,1+4+5+19,1,161695,169246,C,10+11+12+13+9,bessere_Lebensstandards_für_Arme_uz[zu]zu_,False,False,False,2,False,False,False,2,2,True,False,False,1,2,2,False,natürlich nur,1.0,100.0
SG12,P17_T4,P17,4,1882,161695,169246,C,D,10+11+12+13+9,bessere_Lebensstandards_für_Arme_uz[zu]zu_,2558,169246,171804,13,19,0,171804,172662,I,14,erzielen,False,False,False,2,False,False,False,2,2,True,False,False,1,2,2,False,Lebensstandards für Arme zu bessere,1.0,77.0
SG12,P17_T4,P17,5,1882,171804,172662,I,D,14,erzielen,4867,172662,177529,20,1+19,0,177529,184206,I,15+25,",_muss_dies_nicht_gleich_bedeuten,_dass_",False,False,False,2,False,False,False,2,2,False,False,False,2,2,2,False,erzielen,1.0,100.0
SG12,P17_T4,P17,6,1882,177529,184206,I,D,15+25,",_muss_dies_nicht_gleich_bedeuten,_dass_",10780,184206,194986,40,1+19,0,194986,194986,D,1,[Obwohl_,False,False,False,2,False,False,False,2,2,True,True,True,1,1,1,False,", nicht",1.0,86.0
SG12,P17_T4,P17,7,1882,194986,194986,D,D,1,[Obwohl_,48312,194986,243298,197,1+12+19,57,243298,250085,C,20+21+22+23+24,[muss_]müssen_Maßnahmen_gegen_den_Klimawandel_,False,True,False,2,False,False,False,2,2,False,False,False,2,2,2,False,Entwicklungsländer,0.0,29.0
SG12,P17_T4,P17,8,1882,243298,250085,C,D,20+21+22+23+24,[muss_]müssen_Maßnahmen_gegen_den_Klimawandel_,9813,250085,259898,44,1+4+5+19,0,259898,259898,D,25,[dies_,False,False,False,2,False,False,False,2,2,False,False,False,2,2,2,False,müssen Maßnahmen gegen den Klimawandel,1.0,100.0
SG12,P17_T4,P17,9,1882,259898,259898,D,D,25,[dies_,8471,259898,268369,24,1+3+4+5+19,0,268369,270287,C,3,geben[nebeg,False,False,False,2,False,False,False,2,2,True,True,True,1,1,1,False,nicht,0.0,20.0
SG12,P17_T4,P17,10,1882,268369,270287,C,D,3,geben[nebeg,83694,270287,353981,303,1+4+5+19,0,353981,356072,C,25,"[nicht_gleich_bedeuten,_dass_]gefährden_",False,True,False,2,False,True,False,2,2,True,False,False,1,2,2,False,natürlich,0.0,11.0
SG12,P17_T4,P17,11,1882,433761,435851,C,D,2+3,setzen_n[n,3464,435851,439315,8,9+10,0,439315,443246,C,6+7+8+9,"ihr_[_]e_Chancen,_,[,",False,False,False,2,False,False,False,2,2,False,False,False,2,2,2,False,setzen natürlich,1.0,80.0
SG12,P17_T4,P17,12,1882,439315,443246,C,D,6+7+8+9,"ihr_[_]e_Chancen,_,[,",5023,443246,448269,17,1+10+11+19+21,0,448269,449907,I,16+17,aufs_Spiel,False,False,False,2,False,False,False,2,2,False,False,False,2,2,2,False,"ihre Chancen , bessere",1.0,82.0
SG12,P17_T4,P17,13,1882,448269,449907,I,D,16+17,aufs_Spiel,2465,449907,452372,9,23+24+25+26+30,0,452372,452450,I,18,._,False,False,False,2,False,False,False,2,2,False,False,False,2,2,2,False,aufs Spiel,1.0,100.0
SG12,P17_T4,P17,14,1882,452372,452450,I,D,18,._,4758,452450,457208,23,1+19+21+22+25+27+29+41+42,0,457208,457879,I,19,Jedoch_,False,False,False,2,False,False,False,2,2,False,False,False,2,2,2,False,.,,
SG12,P17_T4,P17,15,1882,457208,457879,I,D,19,Jedoch_,3276,457879,461155,13,3+6+7+9+10+11+12,0,461155,465211,C,25+29+30+31,[gefährden_]_gefährnd[dn]den.,False,True,False,2,False,True,False,2,2,False,False,False,2,2,2,False,Jedoch,1.0,100.0
SG12,P17_T4,P17,16,1882,486832,486832,I,D,31,_,7972,486832,494804,40,1+19+34+35+39,0,494804,495865,I,31,Es_müssen_,True,False,False,2,False,False,False,2,2,True,False,False,1,2,2,False,.,,
SG12,P17_T4,P17,17,1882,494804,495865,I,D,31,Es_müssen_,2496,495865,498361,17,9+19+26+30+31+32+40,6,498361,498361,D,31,[Es_müssen_,True,False,False,2,True,False,False,1,2,True,False,False,1,2,2,False,.,,
SG12,P17_T4,P17,18,1882,498361,498361,D,D,31,[Es_müssen_,4165,498361,502526,14,19+72,0,502526,522994,C,32+33+34+35+36+37+38+39,"Entwicklungsländern_müssen_me[em]An[nA]chlich[hcilhc]einfach_mehr_Anreize_geboten_werden,_u,m_[_m,]m_",False,True,False,2,False,False,False,2,2,False,False,False,2,2,2,False,.,,
SG12,P17_T4,P17,19,1882,502526,522994,C,D,32+33+34+35+36+37+38+39,"Entwicklungsländern_müssen_me[em]An[nA]chlich[hcilhc]einfach_mehr_Anreize_geboten_werden,_u,m_[_m,]m_",15864,522994,538858,71,1+19+34+35+39,1,538858,539342,C,39,[um_]die_,True,True,True,1,True,False,False,1,2,True,True,False,1,1,2,False,"Entwicklungsländern müssen mehr Anreize geboten werden , die",1.0,87.0
SG12,P17_T4,P17,20,1882,541292,542275,I,D,40,sie_,5413,542275,547688,23,1+2+12+16+17+18+19+21+22+23+24+28+32+40,1,547688,552649,C,41+42+43,"darin_bestärken[ne]en,_[_,],_",False,False,False,2,False,False,False,2,2,False,False,False,2,2,2,False,sie,1.0,100.0
SG12,P17_T4,P17,21,1882,547688,552649,C,D,41+42+43,"darin_bestärken[ne]en,_[_,],_",5070,552649,557719,28,1+19+41+42,1,557719,561495,C,52+53,sauber_e[e_]e_Technologien_,False,False,False,2,False,False,False,2,2,False,False,False,2,2,2,False,"darin bestärken ,",1.0,94.0
SG12,P17_T4,P17,22,1882,557719,561495,C,D,52+53,sauber_e[e_]e_Technologien_,5101,561495,566596,19,1+19+41+42,0,566596,568561,I,44+51,mehr_auf_,False,False,False,2,False,False,False,2,2,False,False,False,2,2,2,False,saubere Technologien,1.0,100.0
SG12,P17_T4,P17,23,1882,566596,568561,I,D,44+51,mehr_auf_,2730,568561,571291,5,52+53,0,571291,572103,I,54+55,zu_setzen,False,False,False,2,False,False,False,2,2,False,False,False,2,2,2,False,mehr auf,1.0,100.0
SG12,P17_T4,P17,24,1882,571291,572103,I,D,54+55,zu_setzen,40685,572103,612788,227,1+19,0,612788,612866,I,55,._,True,False,False,2,False,False,False,2,2,True,False,False,1,2,2,False,zu setzen,1.0,100.0
SG12,P17_T4,P17,25,1882,612788,612866,I,D,55,._,5101,612866,617967,39,1+19+32+40,0,617967,618295,D,55,[_.,True,False,False,2,True,False,False,1,2,True,False,False,1,2,2,False,setzen,,
SG12,P17_T4,P17,26,1882,617967,618295,D,D,55,[_.,5132,618295,623427,29,1+19+107,0,623427,623505,I,55,._,True,False,False,2,False,False,False,2,2,True,False,False,1,2,2,False,setzen,0.0,0.0
SG12,P17_T4,P17,27,1882,623427,623505,I,D,55,._,2870,623505,626375,9,19+32+33+40,0,626375,626578,D,55,[_.,True,False,False,2,True,False,False,1,2,True,False,False,1,2,2,False,setzen,,
SG12,P17_T4,P17,28,1882,626375,626578,D,D,55,[_.,3276,626578,629854,24,1+12+19+27+29+36,0,629854,629854,I,55,_,True,False,False,2,False,False,False,2,2,True,False,False,1,2,2,False,setzen,0.0,0.0
SG12,P17_T4,P17,29,1882,629854,629854,I,D,55,_,15335,629854,645189,61,1+19+33,0,645189,645891,C,55+56,[_]._,True,False,False,2,True,False,False,1,2,True,False,False,1,2,2,False,setzen,,
SG12,P17_T4,P17,30,1882,645189,645891,C,D,55+56,[_]._,2340,645891,648231,10,1+19+32+33+40+57,0,648231,649916,C,56,Die_glöeic[cieö,True,False,False,2,True,False,False,1,2,True,True,False,1,1,2,False,setzen .,,
SG12,P17_T4,P17,31,1882,648231,649916,C,D,56,Die_glöeic[cieö,3385,649916,653301,14,1+19+33,0,653301,658324,C,56+57+58+59+60,[lg_eiD]Ebenso_könnten_dadurch_die_,True,True,True,1,True,False,False,1,2,True,True,False,1,1,2,False,.,,
SG12,P17_T4,P17,32,1882,711349,717308,I,D,61+62,Schadstoßausstoße_aus_,4322,717308,721630,19,32+40+44+45+46+47+48+60+61+62+63+64+65+66,11,721630,726559,C,63+64+66,der_Abholzuung_[_gnu]ng_der_Wälder_,False,True,False,2,False,False,False,2,2,True,False,False,1,2,2,False,Schadstoffausstoße aus,1.0,90.0
SG12,P17_T4,P17,33,1882,721630,726559,C,D,63+64+66,der_Abholzuung_[_gnu]ng_der_Wälder_,2824,726559,729383,16,19+59+60+61+63+64+65+66+67+68,1,729383,733111,I,67+68+69,reduziert_werden.,False,False,False,2,False,False,False,2,2,True,True,False,1,1,2,False,der Abholzung Wäldern,1.0,81.0
SG12,P17_T4,P17,34,1882,729383,733111,I,D,67+68+69,reduziert_werden.,20468,733111,753579,106,1+19+34+35+39,0,753579,753579,D,34,[einfach_,False,False,False,2,False,False,False,2,2,False,False,False,2,2,2,False,reduziert werden .,1.0,94.0
SG12,P17_T4,P17,35,1882,753579,753579,D,D,34,[einfach_,10561,753579,764140,59,1+19+26+27+28+29+30+60+61,0,764140,764467,C,61,[ß]ff,False,False,False,2,False,False,False,2,2,False,False,False,2,2,2,False,mehr,0.0,25.0
SG12,P17_T4,P17,36,1882,764140,764467,C,D,61,[ß]ff,5648,764467,770115,31,34+35+36+37+39+41+42+43+52,0,770115,770115,I,90,_,False,False,False,2,False,False,False,2,2,False,False,False,2,2,2,False,Schadstoffausstoße,1.0,100.0
SG12,P17_T4,P17,37,1882,770115,770115,I,D,90,_,6005,770115,776120,58,1+19+32+34+35+39+40+41+42+44+45+46+47+52+63+64+65+66,0,776120,777665,C,65+66,[der_]von_n,False,True,False,2,False,False,False,2,2,True,False,False,1,2,2,False,.,,
SG12,P17_T4,P17,38,1882,779990,779990,I,D,69,_,6474,779990,786464,27,19+60+61,0,786464,788741,I,70+71,Einige_der_,False,False,False,2,False,False,False,2,2,False,False,False,2,2,2,False,.,,
SG12,P17_T4,P17,39,1882,786464,788741,I,D,70+71,Einige_der_,38610,788741,827351,134,1+19+53+70+95,1,827351,832437,I,72+73+90,ärmsten_Länder_haben_,False,False,False,2,False,False,False,2,2,False,False,False,2,2,2,False,Einige der,1.0,100.0
SG12,P17_T4,P17,40,1882,827351,832437,I,D,72+73+90,ärmsten_Länder_haben_,16630,832437,849067,84,1+10+19+72+73+74+82+84+85+86+88+89+91+109,5,849067,850128,I,90,am_wenig,True,False,False,2,False,False,False,2,2,True,False,False,1,2,2,False,ärmsten Länder .,1.0,94.0
SG12,P17_T4,P17,41,1882,849067,850128,I,D,90,am_wenig,2058,850128,852186,4,82,0,852186,852733,C,82,[haben_am_wenig]müssen_,False,True,False,2,False,True,False,2,2,True,False,False,1,2,2,False,.,,
SG12,P17_T4,P17,42,1882,852186,852733,C,D,82,[haben_am_wenig]müssen_,3120,852733,855853,6,63+64+65+66+69+71+82,3,855853,860158,C,82+83+84+85+86+90,"tragen,_obwohl_sie_am_wenist[ts]gsten_",True,False,False,2,True,False,False,1,2,True,True,True,1,1,1,False,",",,
SG12,P17_T4,P17,43,1882,855853,860158,C,D,82+83+84+85+86+90,"tragen,_obwohl_sie_am_wenist[ts]gsten_",2699,860158,862857,21,1+19+85+86+87,3,862857,867662,I,88+89+90,zum_Klimawandel_beigetragen_haben.,True,False,False,2,False,False,False,2,2,True,True,True,1,1,1,False,", obwohl sie am wenigsten .",1.0,93.0
SG12,P17_T4,P17,44,1882,862857,867662,I,D,88+89+90,zum_Klimawandel_beigetragen_haben.,5117,867662,872779,20,74+82+83+85+86+88+89,1,872779,877116,C,74+75+76+77+82,[tragen_nessüm]haben_am_meisten_und[d]ter_,False,True,False,2,False,True,False,2,2,True,False,False,1,2,2,False,beigetragen haben .,1.0,95.0
SG12,P17_T4,P17,45,1882,898223,904307,C,D,90+91+92+93,I[I]Gerade_Entwicklungsländer_müssen_,2059,904307,906366,11,1+73+74+84+85+86+88+89+94+100,0,906366,906756,I,94,sich_,False,False,False,2,False,False,False,2,2,False,False,False,2,2,2,False,. Gerade Entwicklungsländer müssen,1.0,100.0
SG12,P17_T4,P17,46,1882,906366,906756,I,D,94,sich_,6146,906756,912902,30,1+19+74+85+86+88+89+95,0,912902,922590,C,94+95+96+97,den_[_ned]auf_die_Folgen_des_[_,True,True,True,1,True,False,False,1,2,True,True,False,1,1,2,False,sich,1.0,100.0
SG12,P17_T4,P17,47,1882,948283,949672,I,D,102,Maßnahmen_,2075,949672,951747,10,1+19+101+102,1,951747,955740,I,103+104,zur_Anpassung_und_Min,False,False,False,2,False,False,False,2,2,False,False,False,2,2,2,False,Maßnahmen,1.0,100.0
SG12,P17_T4,P17,48,1882,951747,955740,I,D,103+104,zur_Anpassung_und_Min,9235,955740,964975,8,1+3+25+34+35+39+59+60+61+67+68+92+103+104+106,1,964975,967316,C,104,[Anpassung_und_Min]Minderung_,True,True,True,1,True,True,True,1,1,True,True,True,1,1,1,False,zur Minderung,0.0,62.0
SG12,P17_T4,P17,49,1882,990965,991387,I,D,105,und_,2184,991387,993571,3,92+107,0,993571,1004288,C,106+107+108+109+110+111+112+113+114,zur_Anpassung_müssen_daher_Hand_in_Hand_gheen.[.neeh]ehen.,False,False,False,2,False,False,False,2,2,False,False,False,2,2,2,False,und,1.0,100.0
SG12,P17_T4,P17,50,1882,993571,1004288,C,D,106+107+108+109+110+111+112+113+114,zur_Anpassung_müssen_daher_Hand_in_Hand_gheen.[.neeh]ehen.,47877,1004288,1052165,239,1+19+26+30+41+42+59+67+68+82+103+104+106+107+109+113,7,1052165,1056923,I,45+46+47+48+49+50,für_die_Umwelt_zu_tun_und_,False,False,False,2,False,False,False,2,2,False,False,False,2,2,2,False,zur Anpassung müssen daher Hand in Hand gehen .,1.0,98.0
SG12,P17_T6,P17,51,1531,53415,55786,C,D,5,Die_Mehr_[_]heit_,7846,55786,63632,26,5+11,17,63632,65551,C,5,[Die_Mehrheit_]Gesellschaften_,True,True,True,1,True,True,True,1,1,True,True,True,1,1,1,False,Jäger,0.0,40.0
SG12,P17_T6,P17,52,1531,71729,79716,C,D,5+6+7+8+9,"[_],_die_als_JK[K]äger_und_Sammler_leben,_",9688,79716,89404,22,5+11,5,89404,94724,C,10+11+12,sind_großteils_Noa[a]madne.[.en]en,False,False,False,2,False,False,False,2,2,True,False,False,1,2,2,False,"Jäger und Sammler leben ,",1.0,96.0
SG12,P17_T6,P17,53,1531,89404,94724,C,D,10+11+12,sind_großteils_Noa[a]madne.[.en]en,39999,94724,134723,134,5+11,72,134723,134723,D,5,[########################,False,False,False,2,False,False,False,2,2,False,False,False,2,2,2,False,sind großteils Nomaden,1.0,100.0
SG12,P17_T6,P17,54,1531,134723,134723,D,D,5,[########################,14258,134723,148981,31,1+5+6+7+11,13,148981,151368,I,1+2+3+4,"Gesellschaften,_die_als_",False,False,False,2,False,False,False,2,2,False,False,False,2,2,2,False,Jäger,0.0,0.0
SG12,P17_T6,P17,55,1531,148981,151368,I,D,1+2+3+4,"Gesellschaften,_die_als_",5210,151368,156578,21,1+11,2,156578,156687,I,13,._,False,False,False,2,False,False,False,2,2,False,False,False,2,2,2,False,"Gesellschaften , die als",1.0,96.0
SG12,P17_T6,P17,56,1531,156578,156687,I,D,13,._,7036,156687,163723,30,11+12+13+14+25+26+28+29+30+31,2,163723,164097,I,14,Da_,False,False,False,2,False,False,False,2,2,False,False,False,2,2,2,False,.,,
SG12,P17_T6,P17,57,1531,163723,164097,I,D,14,Da_,3557,164097,167654,5,1+5+11,0,167654,167966,I,15,die_,False,False,False,2,False,False,False,2,2,False,False,False,2,2,2,False,Da,1.0,100.0
SG12,P17_T6,P17,58,1531,167654,167966,I,D,15,die_,22168,167966,190134,60,1+11+14,0,190134,192193,I,16,Ressourcen_,False,False,False,2,False,False,False,2,2,False,False,False,2,2,2,False,die,1.0,100.0
SG12,P17_T6,P17,59,1531,190134,192193,I,D,16,Ressourcen_,4306,192193,196499,24,1+5+11+16+26+27+28+29+30+31+32,1,196499,199478,I,17+18,einer_Region_,False,False,False,2,False,False,False,2,2,False,False,False,2,2,2,False,Ressourcen,1.0,100.0
SG12,P17_T6,P17,60,1531,196499,199478,I,D,17+18,einer_Region_,4041,199478,203519,24,11+18,4,203519,208074,C,20+21,schnell_erschlöp[pöl]öpft_,False,False,False,2,False,False,False,2,2,False,False,False,2,2,2,False,einer Region,1.0,100.0
SG12,P17_T6,P17,61,1531,203519,208074,C,D,20+21,schnell_erschlöp[pöl]öpft_,1888,208074,209962,7,1+11+17,0,209962,214018,C,19+22+23+24,"oft_sind,_list_[_tsil]ist_",False,True,False,2,False,False,False,2,2,False,False,False,2,2,2,False,schnell erschöpft,1.0,100.0
SG12,P17_T6,P17,62,1531,209962,214018,C,D,19+22+23+24,"oft_sind,_list_[_tsil]ist_",13494,214018,227512,52,1+11,0,227512,231380,C,25+26,es_schwierie[e]g,False,False,False,2,False,False,False,2,2,False,False,False,2,2,2,False,"oft sind , ist",1.0,92.0
SG12,P17_T6,P17,63,1531,227512,231380,C,D,25+26,es_schwierie[e]g,5195,231380,236575,16,1+11+27+32,0,236575,245374,C,27+31,",_aös_[_sö]ls_KJ[JK]Jä[äJ]j[j]Jäger_und_Samm",False,True,False,2,False,False,False,2,2,False,False,False,2,2,2,False,es schwierig,1.0,100.0
SG12,P17_T6,P17,64,1531,236575,245374,C,D,27+31,",_aös_[_sö]ls_KJ[JK]Jä[äJ]j[j]Jäger_und_Samm",4945,245374,250319,39,11+26+28+29+30,0,250319,253377,I,31+32+33+34,ler_sesshaft_zu_werden._,True,False,False,2,False,False,False,2,2,True,True,True,1,1,1,False,", sesshaft",0.0,40.0
SG12,P17_T6,P17,65,1531,250319,253377,I,D,31+32+33+34,ler_sesshaft_zu_werden._,101509,253377,354886,372,1+11+33,1,354886,357975,C,34,dAHER_[_REHAd]Daher_,True,True,True,1,True,False,False,1,2,True,True,True,1,1,1,False,sesshaft zu werden .,1.0,95.0
SG12,P17_T6,P17,66,1531,360066,361017,D,D,34,[_rehaD,44554,361017,405571,180,1+11+25,0,405571,411702,C,35+36+37+38,Auch_die_geringe_Beö[ö]völkerungs_[_]dichte_,False,False,False,2,False,False,False,2,2,False,False,False,2,2,2,False,.,,
SG12,P17_T6,P17,67,1531,405571,411702,C,D,35+36+37+38,Auch_die_geringe_Beö[ö]völkerungs_[_]dichte_,91245,411702,502947,379,1+11+15+16+17+18+26+28+29+30+31+33+38,1,502947,509421,I,39+40+41+42+43+44+45,von_Jäger-_und_Sammlergesellschaften_ist_auf_,False,False,False,2,False,False,False,2,2,False,False,False,2,2,2,False,Auch die geringe Bevölkerungsdichte,1.0,100.0
SG12,P17_T6,P17,68,1531,502947,509421,I,D,39+40+41+42+43+44+45,von_Jäger-_und_Sammlergesellschaften_ist_auf_,4040,509421,513461,16,1+11+46,0,513461,513929,I,46,ihre_,False,False,False,2,False,False,False,2,2,False,False,False,2,2,2,False,von Jäger - und Sammlergesellschaften ist auf,1.0,98.0
SG12,P17_T6,P17,69,1531,513461,513929,I,D,46,ihre_,2559,513929,516488,2,35+47,0,516488,517034,I,46,Lebens,True,False,False,2,False,False,False,2,2,True,False,False,1,2,2,False,ihre,1.0,100.0
SG12,P17_T6,P17,70,1531,516488,517034,I,D,46,Lebens,6692,517034,523726,24,1+11+46,4,523726,524569,D,46,[snebeL,True,False,False,2,True,False,False,1,2,True,False,False,1,2,2,False,ihre,0.0,25.0
SG12,P17_T6,P17,71,1531,523726,524569,D,D,46,[snebeL,1841,524569,526410,11,1+11+28+29+30,0,526410,532088,C,48+49,"Ernährungsgrundlage_zurückzuführen.,[,",False,False,False,2,False,False,False,2,2,False,False,False,2,2,2,False,ihre,0.0,25.0
SG12,P17_T6,P17,72,1531,526410,532088,C,D,48+49,"Ernährungsgrundlage_zurückzuführen.,[,",9125,532088,541213,30,1+11+28+29+30+31+47,0,541213,543289,C,47,[Ernährungsgrundlage_]Lebensgrundlage_,False,True,False,2,False,True,False,2,2,False,False,False,2,2,2,False,zurückzuführen .,1.0,94.0
SG12,P17_T6,P17,73,1531,541213,543289,C,D,47,[Ernährungsgrundlage_]Lebensgrundlage_,3369,543289,546658,29,1+11+33,0,546658,546658,I,49,_,False,False,False,2,False,False,False,2,2,False,False,False,2,2,2,False,Lebensgrundlage,1.0,100.0
SG12,P17_T6,P17,74,1531,546658,546658,I,D,49,_,6319,546658,552977,21,11,0,552977,554927,I,58,Landwirtsch,False,False,False,2,False,False,False,2,2,False,False,False,2,2,2,False,.,,
SG12,P17_T6,P17,75,1531,552977,554927,I,D,58,Landwirtsch,16504,554927,571431,56,1+11+14+15+24+28+29+30+31+49+58,3,571431,573272,I,58,aftliche_,True,False,False,2,False,False,False,2,2,True,True,True,1,1,1,False,60,0.0,0.0
SG12,P17_T6,P17,76,1531,571431,573272,I,D,58,aftliche_,11529,573272,584801,53,1+11+58,1,584801,585596,D,58,[_e,True,False,False,2,True,False,False,1,2,True,True,True,1,1,1,False,60,0.0,0.0
SG12,P17_T6,P17,77,1531,584801,585596,D,D,58,[_e,2278,585596,587874,13,1+11+58,1,587874,587874,I,58,_,True,False,False,2,False,False,False,2,2,True,True,True,1,1,1,False,60,0.0,0.0
SG12,P17_T6,P17,78,1531,587874,587874,I,D,58,_,6786,587874,594660,22,0+11+58,1,594660,597640,I,58+59+60+61,60_bis_100_Mal_,True,False,False,2,False,False,False,2,2,True,True,True,1,1,1,False,60,,
SG12,P17_T6,P17,79,1531,594660,597640,I,D,58+59+60+61,60_bis_100_Mal_,1606,597640,599246,14,11+61,1,599246,607140,C,62+63,größere_Bevölkerungd[d]sdicht_[_]e_,False,False,False,2,False,False,False,2,2,True,True,True,1,1,1,False,60 bis 100 Mal,1.0,100.0
SG12,P17_T6,P17,80,1531,599246,607140,C,D,62+63,größere_Bevölkerungd[d]sdicht_[_]e_,10203,607140,617343,51,1+7+11+18+20+48,0,617343,618653,I,58,Eine_auf_,False,False,False,2,False,False,False,2,2,False,False,False,2,2,2,False,größere Bevölkerungsdichte,1.0,100.0
SG12,P17_T6,P17,81,1531,617343,618653,I,D,58,Eine_auf_,4804,618653,623457,24,48+58+59,21,623457,626734,C,58,[Eine_auf_Landwirtschaftlich_]Der_Ackerbau_,True,True,True,1,True,True,True,1,1,True,True,True,1,1,1,False,60,0.0,0.0
SG12,P17_T6,P17,82,1531,679103,680227,D,D,58,[rekcA_ei,6224,680227,686451,11,50+51+52+57+62+63,0,686451,686716,I,52,ie_,False,False,False,2,False,False,False,2,2,True,False,False,1,2,2,False,60,0.0,0.0
SG12,P17_T6,P17,83,1531,686451,686716,I,D,52,ie_,6303,686716,693019,32,1+11+50+52,1,693019,694001,I,54,Ackerbau_,False,False,False,2,False,False,False,2,2,False,False,False,2,2,2,False,die,1.0,100.0
SG12,P17_T6,P17,84,1531,693019,694001,I,D,54,Ackerbau_,3432,694001,697433,26,1+11+38,0,697433,702971,C,54+55+56+57+58,"betriebe[ebei]eiben_,[,_],_können_eine_",True,False,False,2,True,False,False,1,2,True,False,False,1,2,2,False,betreiben,0.0,38.0
SG12,P17_T6,P17,85,1531,697433,702971,C,D,54+55+56+57+58,"betriebe[ebei]eiben_,[,_],_können_eine_",2496,702971,705467,8,43+45+47+119,0,705467,706638,I,64+65,aufweisen._,False,False,False,2,False,False,False,2,2,False,False,False,2,2,2,False,"betreiben , können eine 60",1.0,95.0
SG12,P17_T6,P17,86,1531,705467,706638,I,D,64+65,aufweisen._,22869,706638,729507,115,1+11+12+15+16+24+26+28+29+30+31+37+49+50+52+53+54,0,729507,734047,C,66+67+81,Außerdem_h[h]sind_organisiere[e]t,False,False,False,2,False,False,False,2,2,False,False,False,2,2,2,False,aufweisen .,1.0,90.0
SG12,P17_T6,P17,87,1531,729507,734047,C,D,66+67+81,Außerdem_h[h]sind_organisiere[e]t,1669,734047,735716,4,67+81,4,735716,744608,C,68+69+70+71+72+81,Jä#ger[reg#]ger-_und_Sammer[re]lergesellscahffte[etffha]haften_meist,True,True,True,1,True,False,False,1,2,True,True,False,1,1,2,False,Außerdem sind organisiert,1.0,100.0
SG12,P17_T6,P17,88,1531,746371,746371,I,D,78,_,26161,746371,772532,88,1+11+71,0,772532,774872,I,79+80,nicht_hierarchisch_,False,False,False,2,False,False,False,2,2,True,False,False,1,2,2,False,),,
SG12,P17_T6,P17,89,1531,772532,774872,I,D,79+80,nicht_hierarchisch_,6677,774872,781549,31,1+11+57+63+80,1,781549,781549,I,82,.,False,False,False,2,False,False,False,2,2,False,False,False,2,2,2,False,nicht hierarchisch,1.0,100.0
SG12,P17_T6,P17,90,1531,781549,781549,I,D,82,.,7488,781549,789037,35,1+11+64+71+82,2,789037,792516,I,74+75+76+77+78,",_wenn_auch_nicht_immer,",False,False,False,2,False,False,False,2,2,False,False,False,2,2,2,False,.,,
SG12,P17_T6,P17,91,1531,789037,792516,I,D,74+75+76+77+78,",_wenn_auch_nicht_immer,",3432,792516,795948,7,64+82,0,795948,798272,C,77+78,"[,r])[)]r)",True,False,False,2,True,False,False,1,2,True,False,False,1,2,2,False,wenn auch nicht immer ),1.0,91.0
SG12,P17_T6,P17,92,1531,795948,798272,C,D,77+78,"[,r])[)]r)",2075,798272,800347,4,48+53+54+82,0,800347,801361,C,72+73+74,"[_,]_(",False,False,False,2,False,False,False,2,2,False,False,False,2,2,2,False,immer ),0.0,50.0
SG12,P17_T6,P17,93,1531,800347,801361,C,D,72+73+74,"[_,]_(",24445,801361,825806,106,1+11+45+46+47+48+49+50+52+57+63+71+72+81+82+119,3,825806,828880,C,28+29+30+31,[als_Jäger_und_Sammler_]auf_diese_Wies[sei]eise_,False,True,False,2,False,True,False,2,2,False,False,False,2,2,2,False,meist ( wenn,,
SG12,P17_T6,P17,94,1531,845962,851750,I,D,82+83+84+85+86+90,_Da_Jäger_und_Sammler_meiste_,2511,851750,854261,17,90+100+103,14,854261,854558,C,90,[_e]_,True,False,False,2,True,False,False,1,2,True,True,False,1,1,2,False,. Da Jäger und Sammler Nomaden,1.0,85.0
SG12,P17_T6,P17,95,1531,854261,854558,C,D,90,[_e]_,1544,854558,856102,4,0+68+116+120+121+122+123+124,0,856102,858754,I,90+91+92,"Nomaden_sind,_",True,False,False,2,False,False,False,2,2,True,True,False,1,1,2,False,Nomaden,,
SG12,P17_T6,P17,96,1531,856102,858754,I,D,90+91+92,"Nomaden_sind,_",4929,858754,863683,34,1+11+90,1,863683,865946,C,87+88+89+90,[meist_]oi[io]in_der_Regel_,True,True,True,1,True,False,False,1,2,True,True,False,1,1,2,False,"Nomaden sind ,",1.0,92.0
SG12,P17_T6,P17,97,1531,871031,874822,I,D,93+94+95+96,verfügen_sie_auch_nicht_über_,3728,874822,878550,7,72+94+119,3,878550,881936,C,96+97+98+99,"[nicht_über_]über_keine_Möglichkeiten,_",True,True,True,1,True,True,True,1,1,True,True,True,1,1,1,False,verfügen sie auch über,1.0,82.0
SG12,P17_T6,P17,98,1531,884915,888878,C,D,100,Nahrungsmittel_ztu_[_ut]u_,2574,888878,891452,15,93+97+98+100+103+114+116+117+118,3,891452,892263,I,100,speichern,True,False,False,2,False,False,False,2,2,True,True,False,1,1,2,False,Nahrungsmittelvorräte,1.0,82.0
SG12,P17_T6,P17,99,1531,891452,892263,I,D,100,speichern,11700,892263,903963,53,1+11+100,1,903963,903963,D,100,[speichern,True,False,False,2,True,False,False,1,2,True,True,False,1,1,2,False,Nahrungsmittelvorräte,0.0,22.0
SG12,P17_T6,P17,100,1531,903963,903963,D,D,100,[speichern,13307,903963,917270,52,1+11+100,1,917270,920905,C,100,einen_[zu__]vorrat_,True,True,True,1,True,False,False,1,2,True,True,False,1,1,2,False,Nahrungsmittelvorräte,0.0,30.0
SG12,P17_T6,P17,101,1531,940686,940686,I,D,102,_,9531,940686,950217,48,0+1+11+64+65+97+100+101+103+115+116+117+118+120+121+122+123+124,0,950217,951200,I,103,Daher_,False,False,False,2,False,False,False,2,2,False,False,False,2,2,2,False,.,,
SG12,P17_T6,P17,102,1531,950217,951200,I,D,103,Daher_,3198,951200,954398,17,1+11+83+84+86+87+88+89+91+100,0,954398,956941,I,111+112,haben_keinen_Platz,False,False,False,2,False,False,False,2,2,False,False,False,2,2,2,False,Daher,1.0,100.0
SG12,P17_T6,P17,103,1531,954398,956941,I,D,111+112,haben_keinen_Platz,1715,956941,958656,18,1+111+112+113,1,958656,959656,C,104+105,[haben_]ist_in_,False,True,False,2,False,False,False,2,2,True,True,False,1,1,2,False,kein Platz,1.0,80.0
SG12,P17_T6,P17,104,1531,958656,959656,C,D,104+105,[haben_]ist_in_,2168,959656,961824,10,0+98+103+111+112+113+114+116+117+120+121+122+123+124,0,961824,969140,C,106+107+108+109+110+111,Jäger-_und_Sammlergesellschafrten_[_netr]ten_auch_[ne,False,True,False,2,False,False,False,2,2,False,False,False,2,2,2,False,ist in,1.0,100.0
SG12,P17_T6,P17,105,1531,970778,971418,I,D,112+113,_für_,26458,971418,997876,87,1+11+119,0,997876,1007501,C,114+115+116+117,"Anführern,_[_,n],_Brü[ür]ürpl[lp]okraten_oder_",False,False,False,2,False,False,False,2,2,False,False,False,2,2,2,False,Platz für,1.0,100.0
SG12,P17_T6,P17,106,1531,997876,1007501,C,D,114+115+116+117,"Anführern,_[_,n],_Brü[ür]ürpl[lp]okraten_oder_",32464,1007501,1039965,149,1+11+16+117+118,2,1039965,1041197,I,118,Handwerker,False,False,False,2,False,False,False,2,2,False,False,False,2,2,2,False,"Anführer , Bürokraten oder",1.0,96.0
SG12,P17_T6,P17,107,1531,1039965,1041197,I,D,118,Handwerker,25288,1041197,1066485,136,1+11+82+83+84+94+100+103+109+111+112+113+119,0,1066485,1066547,I,118,",_",True,False,False,2,False,False,False,2,2,True,False,False,1,2,2,False,Handwerker,1.0,100.0
SG12,P17_T6,P17,108,1531,1066485,1066547,I,D,118,",_",13338,1066547,1079885,71,1+11+83+100+103+104+118+120+121+122+123+124,3,1079885,1080244,D,118,"[_,",True,False,False,2,True,False,False,1,2,True,False,False,1,2,2,False,Handwerker,,
SG12,P17_T6,P17,109,1531,1079885,1080244,D,D,118,"[_,",3323,1080244,1083567,15,84+91+100+109+118+119,3,1083567,1083567,I,118,.,True,False,False,2,False,False,False,2,2,True,False,False,1,2,2,False,Handwerker,0.0,0.0
SG12,P17_T6,P17,110,1531,1083567,1083567,I,D,118,.,29718,1083567,1113285,113,1+11+28+29+30+45+83+114+116+117,0,1113285,1117716,C,118+119+120+121,"[#],_die_ansonsten_",True,False,False,2,True,False,False,1,2,True,False,False,1,2,2,False,Handwerker,,
SG12,P17_T6,P17,111,1531,1113285,1117716,C,D,118+119+120+121,"[#],_die_ansonsten_",2761,1117716,1120477,18,1+84+103,0,1120477,1121007,I,122,keine_,False,False,False,2,False,False,False,2,2,False,False,False,2,2,2,False,"Handwerker , die ansonsten",1.0,100.0
SG12,P17_T6,P17,112,1531,1120477,1121007,I,D,122,keine_,6194,1121007,1127201,46,1+65+86,0,1127201,1131974,C,123+124+125,Aufgaben_üv[v]v[v]bernehmen-[-].,False,False,False,2,False,False,False,2,2,False,False,False,2,2,2,False,keine,1.0,100.0
SG12,P17_T6,P17,113,1531,1127201,1131974,C,D,123+124+125,Aufgaben_üv[v]v[v]bernehmen-[-].,40404,1131974,1172378,230,1+11+82+90+109,0,1172378,1172378,D,100,[einen_,False,False,False,2,False,False,False,2,2,False,False,False,2,2,2,False,Aufgaben übernehmen .,1.0,95.0
SG12,P18_T2,P18,1,1539,20343,23104,I,D,1,Familien_,16942,23104,40046,31,1,31,40046,45912,I,3+4+5+6,bestürzt_über_steigende_Unterhaltskosten,False,False,False,2,False,False,False,2,2,False,False,False,2,2,2,False,Familien,1.0,100.0
SG12,P18_T2,P18,2,1539,40046,45912,I,D,3+4+5+6,bestürzt_über_steigende_Unterhaltskosten,6068,45912,51980,39,1,0,51980,52417,I,2,sind_,False,False,False,2,False,False,False,2,2,False,False,False,2,2,2,False,bestürzt über steigende Unterhaltskosten,1.0,100.0
SG12,P18_T2,P18,3,1539,51980,52417,I,D,2,sind_,5475,52417,57892,39,1,0,57892,57892,I,6,_,False,False,False,2,False,False,False,2,2,False,False,False,2,2,2,False,sind,1.0,100.0
SG12,P18_T2,P18,4,1539,57892,57892,I,D,6,_,12091,57892,69983,58,1+2+3,0,69983,74054,C,7+8,Bi[i]ritische_Familien_,False,False,False,2,False,False,False,2,2,False,False,False,2,2,2,False,Unterhaltskosten,,
SG12,P18_T2,P18,5,1539,69983,74054,C,D,7+8,Bi[i]ritische_Familien_,2824,74054,76878,14,1+9,0,76878,79686,I,10+9,müssen_jährlich,False,False,False,2,False,False,False,2,2,False,False,False,2,2,2,False,Britische Familien,1.0,100.0
SG12,P18_T2,P18,6,1539,76878,79686,I,D,10+9,müssen_jährlich,1778,79686,81464,15,11+12+13+14+15+16+171,0,81464,81464,I,10,_,True,False,False,2,False,False,False,2,2,True,False,False,1,2,2,False,jährlich müssen,0.0,53.0
SG12,P18_T2,P18,7,1539,81464,81464,I,D,10,_,1623,81464,83087,7,1+8,0,83087,84319,C,10,e[e,True,False,False,2,True,False,False,1,2,True,False,False,1,2,2,False,jährlich,,
SG12,P18_T2,P18,8,1539,83087,84319,C,D,10,e[e,1856,84319,86175,12,1,0,86175,89498,C,11,mit_e[e,False,False,False,2,False,False,False,2,2,False,False,False,2,2,2,False,jährlich,0.0,0.0
SG12,P18_T2,P18,9,1539,86175,89498,C,D,11,mit_e[e,2434,89498,91932,22,1+6,0,91932,91932,I,11,h,True,False,False,2,False,False,False,2,2,True,False,False,1,2,2,False,mit,1.0,100.0
SG12,P18_T2,P18,10,1539,91932,91932,I,D,11,h,3354,91932,95286,40,1+6+7,0,95286,95286,D,11,[h,True,False,False,2,True,False,False,1,2,True,False,False,1,2,2,False,mit,,
SG12,P18_T2,P18,11,1539,95286,95286,D,D,11,[h,25849,95286,121135,52,1,0,121135,121135,I,12,£,False,False,False,2,False,False,False,2,2,False,False,False,2,2,2,False,mit,0.0,0.0
SG12,P18_T2,P18,12,1539,121135,121135,I,D,12,£,8331,121135,129466,65,1+13,0,129466,133210,I,13,"31,300_",False,False,False,2,False,False,False,2,2,False,False,False,2,2,2,False,£,,
SG12,P18_T2,P18,13,1539,129466,133210,I,D,13,"31,300_",4508,133210,137718,33,1+8,0,137718,139809,I,14+15,mehr_Ausgaben_,False,False,False,2,False,False,False,2,2,False,False,False,2,2,2,False,"31,300",1.0,100.0
SG12,P18_T2,P18,14,1539,137718,139809,I,D,14+15,mehr_Ausgaben_,7472,139809,147281,62,1+14+15,6,147281,157889,C,16+17+18+19+20+21+22+23,"rechnen,_da_die_Presi[is]ise_für_Nahrung_und_",False,False,False,2,False,False,False,2,2,False,False,False,2,2,2,False,mehr Ausgaben,1.0,100.0
SG12,P18_T2,P18,15,1539,147281,157889,C,D,16+17+18+19+20+21+22+23,"rechnen,_da_die_Presi[is]ise_für_Nahrung_und_",3963,157889,161852,24,0+11+13+16+17+18+19+21+22+23+24+26+27+28+30+32+38+39+40+142,9,161852,163084,I,24,Benzin,False,False,False,2,False,False,False,2,2,False,False,False,2,2,2,False,"rechnen , da die Preise für Nahrung und",1.0,97.0
SG12,P18_T2,P18,16,1539,161852,163084,I,D,24,Benzin,2839,163084,165923,26,0+19+21+26+27+28+30+32+38+39+40,0,165923,165923,I,24,_,True,False,False,2,False,False,False,2,2,True,False,False,1,2,2,False,Benzin,1.0,100.0
SG12,P18_T2,P18,17,1539,165923,165923,I,D,24,_,29734,165923,195657,162,0+1+19+21+25+26+27+28+30+32+38+39+40+134,0,195657,195657,I,24,_,True,False,False,2,False,False,False,2,2,True,False,False,1,2,2,False,Benzin,,
SG12,P18_T2,P18,18,1539,195657,195657,I,D,24,_,1685,195657,197342,0,,0,197342,208667,C,24,so_hoch_sind_wie_seit_17_Jahren_nicht_m[m_thcin_nerhaJ_71_ties_eiw_dnis_hcoh_os,True,False,False,2,True,False,False,1,2,True,False,False,1,2,2,False,Benzin,,
SG12,P18_T2,P18,19,1539,197342,208667,C,D,24,so_hoch_sind_wie_seit_17_Jahren_nicht_m[m_thcin_nerhaJ_71_ties_eiw_dnis_hcoh_os,7613,208667,216280,4,22+23,0,216280,218792,I,25+26+27+28,um_weit_mehr_an,False,False,False,2,False,False,False,2,2,False,False,False,2,2,2,False,Benzin,0.0,50.0
SG12,P18_T2,P18,20,1539,216280,218792,I,D,25+26+27+28,um_weit_mehr_an,3401,218792,222193,17,1+28,1,222193,222817,I,28,steigen,True,False,False,2,False,False,False,2,2,False,False,False,2,2,2,False,um weit mehr ansteigen,1.0,100.0
SG12,P18_T2,P18,21,1539,222193,222817,I,D,28,steigen,1607,222817,224424,0,,0,224424,225141,I,29+30,",_als_",False,False,False,2,False,False,False,2,2,False,False,False,2,2,2,False,ansteigen,1.0,100.0
SG12,P18_T2,P18,22,1539,224424,225141,I,D,29+30,",_als_",2418,225141,227559,12,17+18+22+26+27+30+32+38+39+40+140,9,227559,236280,C,31+32+33+34+35+36+37+38+39+40+41,sie_es_in_den_letzt[t]ten_17_Jahren_jemals_getan_haben.,False,False,False,2,False,False,False,2,2,False,False,False,2,2,2,False,", als",1.0,100.0
SG12,P18_T2,P18,23,1539,227559,236280,C,D,31+32+33+34+35+36+37+38+39+40+41,sie_es_in_den_letzt[t]ten_17_Jahren_jemals_getan_haben.,5553,236280,241833,30,1,0,241833,241833,I,41,_,True,False,False,2,False,False,False,2,2,False,False,False,2,2,2,False,sie es in den letzten 17 Jahren jemals getan haben .,1.0,98.0
SG12,P18_T2,P18,24,1539,241833,241833,I,D,41,_,2449,241833,244282,12,1+28,0,244282,247605,I,42,Supermarktpreise_,False,False,False,2,False,False,False,2,2,False,False,False,2,2,2,False,.,,
SG12,P18_T2,P18,25,1539,244282,247605,I,D,42,Supermarktpreise_,10671,247605,258276,70,1+28,0,258276,262644,C,42,sind_so_ho[oh_os_dnis,True,False,False,2,True,False,False,1,2,True,False,False,1,2,2,False,Supermarktpreise,1.0,100.0
SG12,P18_T2,P18,26,1539,258276,262644,C,D,42,sind_so_ho[oh_os_dnis,2683,262644,265327,0,,0,265327,267558,I,43+44,sind_in_dem_,False,False,False,2,False,False,False,2,2,False,False,False,2,2,2,False,Supermarktpreise,0.0,19.0
SG12,P18_T2,P18,27,1539,265327,267558,I,D,43+44,sind_in_dem_,1544,267558,269102,6,1+10+17+18+22+28,0,269102,276107,C,45+46+47+48+49,letzten_j[j]Jahr_alamierend_gestiegen.,False,False,False,2,False,False,False,2,2,True,True,False,1,1,2,False,sind im,1.0,86.0
SG12,P18_T2,P18,28,1539,269102,276107,C,D,45+46+47+48+49,letzten_j[j]Jahr_alamierend_gestiegen.,8923,276107,285030,44,1,0,285030,285030,I,49,_,True,False,False,2,False,False,False,2,2,False,False,False,2,2,2,False,letzten Jahr alamierend gestiegen .,1.0,97.0
SG12,P18_T2,P18,29,1539,285030,285030,I,D,49,_,8767,285030,293797,31,1+48,0,293797,298789,I,50+51+52+53,"Analysen_haben_ergeben,_",False,False,False,2,False,False,False,2,2,False,False,False,2,2,2,False,.,,
SG12,P18_T2,P18,30,1539,293797,298789,I,D,50+51+52+53,"Analysen_haben_ergeben,_",1732,298789,300521,12,1+50,1,300521,306745,I,54+55+56+57+58+59,dass_die_Preise_weiter_steigen_werden,False,False,False,2,False,False,False,2,2,False,False,False,2,2,2,False,"Analysen haben ergeben ,",1.0,96.0
SG12,P18_T2,P18,31,1539,300521,306745,I,D,54+55+56+57+58+59,dass_die_Preise_weiter_steigen_werden,16458,306745,323203,98,1+166,0,323203,323781,I,60,",_",False,False,False,2,False,False,False,2,2,False,False,False,2,2,2,False,dass die Preise weiter steigen werden,1.0,100.0
SG12,P18_T2,P18,32,1539,323203,323781,I,D,60,",_",17206,323781,340987,67,1+42,0,340987,349318,I,61+62+63+64+65+66+67,wodurch_es_für_die_Bank_of_England,False,False,False,2,False,False,False,2,2,False,False,False,2,2,2,False,",",,
SG12,P18_T2,P18,33,1539,340987,349318,I,D,61+62+63+64+65+66+67,wodurch_es_für_die_Bank_of_England,3916,349318,353234,23,43+45+63+64+65+66+67+71+72+73+74,13,353234,358272,I,67+68+69+70+71,"_schwer_werden_dürfte,_",True,False,False,2,False,False,False,2,2,False,False,False,2,2,2,False,wodurch es für die Bank of England,1.0,100.0
SG12,P18_T2,P18,34,1539,353234,358272,I,D,67+68+69+70+71,"_schwer_werden_dürfte,_",67783,358272,426055,443,1+72,0,426055,431702,C,72+73+74,Zinsen_zu_senkn[n]en,False,False,False,2,False,False,False,2,2,False,False,False,2,2,2,False,"England schwer werden dürfte ,",1.0,95.0
SG12,P18_T2,P18,35,1539,426055,431702,C,D,72+73+74,Zinsen_zu_senkn[n]en,5382,431702,437084,26,1+6+44+45+46+49+50+51+52+53+54,0,437084,437084,I,74,_,True,False,False,2,False,False,False,2,2,False,False,False,2,2,2,False,Zinsen zu senken,1.0,100.0
SG12,P18_T2,P18,36,1539,437084,437084,I,D,74,_,48282,437084,485366,326,1+42+53+54+74,2,485366,486053,I,75,",_",False,False,False,2,False,False,False,2,2,False,False,False,2,2,2,False,senken,,
SG12,P18_T2,P18,37,1539,485366,486053,I,D,75,",_",8143,486053,494196,68,1+169,0,494196,494399,I,76,da_,False,False,False,2,False,False,False,2,2,False,False,False,2,2,2,False,",",,
SG12,P18_T2,P18,38,1539,494196,494399,I,D,76,da_,5007,494399,499406,42,1+37+74,0,499406,503884,I,77+78+79,sie_sich_ab,False,False,False,2,False,False,False,2,2,False,False,False,2,2,2,False,da,1.0,100.0
SG12,P18_T2,P18,39,1539,499406,503884,I,D,77+78+79,sie_sich_ab,1700,503884,505584,13,55+56+127+128,0,505584,506848,I,79,müh,True,False,False,2,False,False,False,2,2,False,False,False,2,2,2,False,sie sich abmühen,1.0,100.0
SG12,P18_T2,P18,40,1539,505584,506848,I,D,79,müh,1794,506848,508642,15,57+78+79+80,5,508642,511044,I,79+80+81+83,"en_muss,_Inflatio",True,False,False,2,False,False,False,2,2,False,False,False,2,2,2,False,abmühen,1.0,100.0
SG12,P18_T2,P18,41,1539,508642,511044,I,D,79+80+81+83,"en_muss,_Inflatio",4914,511044,515958,35,1+11+16+19+21+78+79+80+82+83+84+88,9,515958,516286,I,82,die_,False,False,False,2,False,False,False,2,2,False,False,False,2,2,2,False,"abmühen muss , Inflation",1.0,94.0
SG12,P18_T2,P18,42,1539,515958,516286,I,D,82,die_,1981,516286,518267,18,58+59+77+82+83,1,518267,518860,I,83+84,n_und_,False,False,False,2,False,False,False,2,2,False,False,False,2,2,2,False,die,1.0,100.0
SG12,P18_T2,P18,43,1539,518267,518860,I,D,83+84,n_und_,5070,518860,523930,40,1+84,1,523930,526036,I,85+86,die_Wirtschaft,False,False,False,2,False,False,False,2,2,False,False,False,2,2,2,False,Inflation und,1.0,100.0
SG12,P18_T2,P18,44,1539,523930,526036,I,D,85+86,die_Wirtschaft,2231,526036,528267,26,84+85+86,24,528267,531106,I,86+87+88+89,_zu_kontrollieren.,True,False,False,2,False,False,False,2,2,False,False,False,2,2,2,False,die Wirtschaft,1.0,100.0
SG12,P18_T2,P18,45,1539,528267,531106,I,D,86+87+88+89,_zu_kontrollieren.,26302,531106,557408,111,1+60+61+69+70+85+142,0,557408,572181,C,89+90+91+92+93+94+95+96+97,_Und_um_alles_noch_schlimm[mmilhcs_hcon_sella_mu_]_als_ob_es_nicht_schlimm_genug_wäre,True,True,True,1,True,True,True,1,1,True,True,True,1,1,1,False,Wirtschaft zu kontrollieren .,1.0,94.0
SG12,P18_T2,P18,46,1539,580449,580948,I,D,98,",_",3292,580948,584240,6,1+99+100+104+118,0,584240,593225,I,100+101+102+103+104+99,gehen_mit_den_erhöhten_Preisen_keine_,False,False,False,2,False,False,False,2,2,False,False,False,2,2,2,False,",",,
SG12,P18_T2,P18,47,1539,584240,593225,I,D,100+101+102+103+104+99,gehen_mit_den_erhöhten_Preisen_keine_,6100,593225,599325,55,1+102,1,599325,602523,I,105+118,Lohnerhöhungen_einher,False,False,False,2,False,False,False,2,2,False,False,False,2,2,2,False,mit den erhöhten Preisen keine gehen,1.0,83.0
SG12,P18_T2,P18,48,1539,599325,602523,I,D,105+118,Lohnerhöhungen_einher,13915,602523,616438,117,1+101+103+105,2,616438,621493,I,106+107+108+109+110,(vor_allem_von_Krankenschwestern,False,False,False,2,False,False,False,2,2,True,False,False,1,2,2,False,Lohnerhöhungen einher,1.0,100.0
SG12,P18_T2,P18,49,1539,616438,621493,I,D,106+107+108+109+110,(vor_allem_von_Krankenschwestern,3713,621493,625206,32,1+90+91+92+93+94+95+96+97+99+100+104+105+107+108+109+110+118+133+155+164,20,625206,628029,I,110+111+112,_und_anderen_,True,False,False,2,False,False,False,2,2,False,False,False,2,2,2,False,( vor allem von Krankenschwestern,1.0,97.0
SG12,P18_T2,P18,50,1539,625206,628029,I,D,110+111+112,_und_anderen_,2138,628029,630167,15,90+91+92+93+94+95+96+97+98+113,0,630167,636843,C,113+114+115+116+118,Angestellten_in_der_Gesundheitsbrach[hc]nche,False,False,False,2,False,False,False,2,2,False,False,False,2,2,2,False,Krankenschwestern und anderen,1.0,100.0
SG12,P18_T2,P18,51,1539,630167,636843,C,D,113+114+115+116+118,Angestellten_in_der_Gesundheitsbrach[hc]nche,1966,636843,638809,20,71+73+101+102+103+114+115+116+142,4,638809,639137,I,117,)_,False,False,False,2,False,False,False,2,2,False,False,False,2,2,2,False,Angestellten in der Gesundheitsbranche einher,1.0,100.0
SG12,P18_T2,P18,52,1539,638809,639137,I,D,117,)_,28142,639137,667279,210,1+11+16+26+27+30+32+38+39+40+55+56+76+77+98+114+115+116+142,0,667279,669838,I,119+120+121,._Diese_Menschen_,False,False,False,2,False,False,False,2,2,False,False,False,2,2,2,False,),,
SG12,P18_T2,P18,53,1539,667279,669838,I,D,119+120+121,._Diese_Menschen_,10732,669838,680570,55,1+120+121+123+124+125+126+127+128+129+130+131+132+133+134+135+143+144,4,680570,684548,I,122+123+124,hatten_schwer_unter_,False,False,False,2,False,False,False,2,2,False,False,False,2,2,2,False,. Diese Menschen,1.0,100.0
SG12,P18_T2,P18,54,1539,680570,684548,I,D,122+123+124,hatten_schwer_unter_,31060,684548,715608,169,1+19+21+99+100+104+105+107+108+118+142,0,715608,718354,I,125+126,dem_Beharren_,False,False,False,2,False,False,False,2,2,False,False,False,2,2,2,False,hatten schwer unter,1.0,100.0
SG12,P18_T2,P18,55,1539,715608,718354,I,D,125+126,dem_Beharren_,11996,718354,730350,70,1+42+99+100+101+102+103+104+105+107+108+118+122+125,3,730350,732768,I,127+128+135,der_Regierung_,False,False,False,2,False,False,False,2,2,False,False,False,2,2,2,False,dem Beharren,1.0,100.0
SG12,P18_T2,P18,56,1539,730350,732768,I,D,127+128+135,der_Regierung_,36286,732768,769054,208,1+64+90+91+92+93+94+95+96+97+110+123+126+143+144,0,769054,777197,I,129+130+131+132+133+134+135,",_dass_alle_Arbeiter_des_öffentlichen_Sektors",True,False,False,2,False,False,False,2,2,False,False,False,2,2,2,False,der Regierung Sektors,1.0,100.0
SG12,P18_T2,P18,57,1539,769054,777197,I,D,129+130+131+132+133+134+135,",_dass_alle_Arbeiter_des_öffentlichen_Sektors",86971,777197,864168,516,1+82+83+122+134+135,4,864168,864168,I,138,_,False,False,False,2,False,False,False,2,2,False,False,False,2,2,2,False,", dass alle Arbeiter des öffentlichen Sektors",1.0,100.0
SG12,P18_T2,P18,58,1539,864168,864168,I,D,138,_,2044,864168,866212,0,,0,866212,868879,I,138+139,höhere_Löhne_,True,False,False,2,False,False,False,2,2,True,False,False,1,2,2,False,höhere,,
SG12,P18_T2,P18,59,1539,866212,868879,I,D,138+139,höhere_Löhne_,2715,868879,871594,0,,0,871594,873310,I,140,bekommen_,False,False,False,2,False,False,False,2,2,True,False,False,1,2,2,False,höhere Löhne,1.0,100.0
SG12,P18_T2,P18,60,1539,871594,873310,I,D,140,bekommen_,5397,873310,878707,76,105+119+120+121+135+138+139+140,2,878707,878707,D,138,[_,False,False,False,2,False,False,False,2,2,False,False,False,2,2,2,False,bekommen,1.0,100.0
SG12,P18_T2,P18,61,1539,878707,878707,D,D,138,[_,3620,878707,882327,33,138+139+140,12,882327,885603,I,141+142+143+144+145,"sollten,_zu_leiden.",False,False,False,2,False,False,False,2,2,False,False,False,2,2,2,False,höhere,,
SG12,P18_T2,P18,62,1539,882327,885603,I,D,141+142+143+144+145,"sollten,_zu_leiden.",70699,885603,956302,453,1+134+153,0,956302,959531,I,136+137,nur_untersurchschnittlich_,False,False,False,2,False,False,False,2,2,False,False,False,2,2,2,False,"sollten , zu leiden .",1.0,95.0
SG12,P18_T2,P18,63,1539,956302,959531,I,D,136+137,nur_untersurchschnittlich_,18237,959531,977768,171,1+58+61+69+70+82+83+84+85+105+122+127+136+137,2,977768,977768,I,145,_,False,False,False,2,False,False,False,2,2,False,False,False,2,2,2,False,nur untersurchschnittlich,1.0,100.0
SG12,P18_T2,P18,64,1539,977768,977768,I,D,145,_,3229,977768,980997,12,1+42+57+140,0,980997,986348,I,146+147+148+149+150,Neben_den_erhöhten_Kosten_für_,False,False,False,2,False,False,False,2,2,False,False,False,2,2,2,False,.,,
SG12,P18_T2,P18,65,1539,980997,986348,I,D,146+147+148+149+150,Neben_den_erhöhten_Kosten_für_,2746,986348,989094,12,1+148+151+159+160,1,989094,992526,I,151+152+153,Benzin_und_Nahrung,False,False,False,2,False,False,False,2,2,False,False,False,2,2,2,False,Neben den erhöhten Kosten für,1.0,100.0
SG12,P18_T2,P18,66,1539,989094,992526,I,D,151+152+153,Benzin_und_Nahrung,2542,992526,995068,20,1+14+15+154,0,995068,996067,I,154,",_",False,False,False,2,False,False,False,2,2,False,False,False,2,2,2,False,Benzin und Nahrung,1.0,100.0
SG12,P18_T2,P18,67,1539,995068,996067,I,D,154,",_",2199,996067,998266,0,,0,998266,998766,I,155,sind,False,False,False,2,False,False,False,2,2,False,False,False,2,2,2,False,",",,
SG12,P18_T2,P18,68,1539,998266,998766,I,D,155,sind,2059,998766,1000825,28,101+103+120+121+136+137+138+155,15,1000825,1002650,I,155+156,_auch,True,False,False,2,False,False,False,2,2,True,False,False,1,2,2,False,ist,0.0,33.0
SG12,P18_T2,P18,69,1539,1000825,1002650,I,D,155+156,_auch,2465,1002650,1005115,28,78+79+80+114+115+116+126+128+134+151+155+156,7,1005115,1010747,I,156+157+158,_die_für_Elektrizitzät,True,False,False,2,False,False,False,2,2,True,False,False,1,2,2,False,ist auch,1.0,100.0
SG12,P18_T2,P18,70,1539,1005115,1010747,I,D,156+157+158,_die_für_Elektrizitzät,2355,1010747,1013102,12,157+158,12,1013102,1013102,I,158,_,True,False,False,2,False,False,False,2,2,True,False,False,1,2,2,False,auch die Elektrizität,1.0,76.0
SG12,P18_T2,P18,71,1539,1013102,1013102,I,D,158,_,2091,1013102,1015193,15,136+137+148+157+158+159+160,13,1015193,1015193,D,158,[z,True,False,False,2,True,False,False,1,2,True,False,False,1,2,2,False,Elektrizität,,
SG12,P18_T2,P18,72,1539,1015193,1015193,D,D,158,[z,14757,1015193,1029950,82,149+150+151+152+153+154+155+156+157+158,31,1029950,1030403,D,157,[rüf_,False,False,False,2,False,False,False,2,2,False,False,False,2,2,2,False,Elektrizität,0.0,50.0
SG12,P18_T2,P18,73,1539,1029950,1030403,D,D,157,[rüf_,2371,1030403,1032774,5,156,0,1032774,1033866,C,155,[dnis]ist,False,False,False,2,False,False,False,2,2,False,False,False,2,2,2,False,die,0.0,0.0
SG12,P18_T2,P18,74,1539,1032774,1033866,C,D,155,[dnis]ist,2090,1033866,1035956,18,156+157+158,0,1035956,1038078,I,159+160+161,teurer_geworden.,False,False,False,2,False,False,False,2,2,False,False,False,2,2,2,False,ist,1.0,100.0
SG12,P18_T2,P18,75,1539,1035956,1038078,I,D,159+160+161,teurer_geworden.,6895,1038078,1044973,41,1+133+148+159+160,3,1044973,1044973,I,161,_,True,False,False,2,False,False,False,2,2,False,False,False,2,2,2,False,teurer geworden .,1.0,94.0
SG12,P18_T2,P18,76,1539,1044973,1044973,I,D,161,_,1669,1044973,1046642,3,1+82+83+154,0,1046642,1050371,I,162+163+164,Fünf_der_sechs_,False,False,False,2,False,False,False,2,2,False,False,False,2,2,2,False,.,,
SG12,P18_T2,P18,77,1539,1046642,1050371,I,D,162+163+164,Fünf_der_sechs_,1950,1050371,1052321,6,1+5+128+147,0,1052321,1056564,I,165+166,größten_Anbieter_,False,False,False,2,False,False,False,2,2,False,False,False,2,2,2,False,Fünf der sechs,1.0,100.0
SG12,P18_T2,P18,78,1539,1052321,1056564,I,D,165+166,größten_Anbieter_,1544,1056564,1058108,6,134+146+151+152,0,1058108,1063756,I,167+168+169+170+171,haben_ihre_Kosten_erhöht.,False,False,False,2,False,False,False,2,2,False,False,False,2,2,2,False,größten Anbieter,1.0,100.0
SG12,P18_T2,P18,79,1539,1058108,1063756,I,D,167+168+169+170+171,haben_ihre_Kosten_erhöht.,16489,1063756,1080245,124,1+9+10+13+99+100+104+118+152+170,2,1080245,1080682,D,44,[ed_n],False,True,False,2,False,False,False,2,2,False,False,False,2,2,2,False,haben ihre Kosten erhöht .,1.0,96.0
SG12,P18_T6,P18,80,1141,18455,18455,I,D,1,D,1825,18455,20280,9,1,9,20280,22932,I,1+2,er_Großteil_,True,False,False,2,False,False,False,2,2,False,False,False,2,2,2,False,Der,,
SG12,P18_T6,P18,81,1141,20280,22932,I,D,1+2,er_Großteil_,3261,22932,26193,1,1,1,26193,29765,I,3+4,"von_Gesellschaften,_die",False,False,False,2,False,False,False,2,2,False,False,False,2,2,2,False,Der Großteil,1.0,100.0
SG12,P18_T6,P18,82,1141,26193,29765,I,D,3+4,"von_Gesellschaften,_die",4165,29765,33930,33,1+4,5,33930,34461,D,4,"[eid_,",True,False,False,2,True,False,False,1,2,True,False,False,1,2,2,False,von Gesellschaften,1.0,100.0
SG12,P18_T6,P18,83,1141,33930,34461,D,D,4,"[eid_,",10358,34461,44819,69,1,0,44819,51496,C,10+11+5+6+7+8+9,",_die_vom_Ha[aH]Jagen_leben,_sind_",False,False,False,2,False,False,False,2,2,False,False,False,2,2,2,False,Gesellschaften,0.0,17.0
SG12,P18_T6,P18,84,1141,44819,51496,C,D,10+11+5+6+7+8+9,",_die_vom_Ha[aH]Jagen_leben,_sind_",24009,51496,75505,123,1+11,1,75505,77205,I,12+13,nomadisch._,False,False,False,2,False,False,False,2,2,False,False,False,2,2,2,False,", sind , die vom Jagen leben",1.0,78.0
SG12,P18_T6,P18,85,1141,75505,77205,I,D,12+13,nomadisch._,30124,77205,107329,117,1+4+13+15+16+18+19+20+21+22+23,1,107329,110667,I,14+15+16,Es_ist_schwierig,False,False,False,2,False,False,False,2,2,False,False,False,2,2,2,False,nomadisch .,1.0,90.0
SG12,P18_T6,P18,86,1141,107329,110667,I,D,14+15+16,Es_ist_schwierig,2028,110667,112695,13,1+14+15+16+22+23,7,112695,112914,I,17,",_",False,False,False,2,False,False,False,2,2,False,False,False,2,2,2,False,Es ist schwierig,1.0,100.0
SG12,P18_T6,P18,87,1141,112695,112914,I,D,17,",_",4851,112914,117765,26,15+16+18+19+20+21+22+23,0,117765,120324,I,18+19+20,in_so_einem_,False,False,False,2,False,False,False,2,2,False,False,False,2,2,2,False,",",,
SG12,P18_T6,P18,88,1141,117765,120324,I,D,18+19+20,in_so_einem_,14976,120324,135300,81,1+12,0,135300,136938,I,21+22,System_zu_,False,False,False,2,False,False,False,2,2,False,False,False,2,2,2,False,in so einem,1.0,100.0
SG12,P18_T6,P18,89,1141,135300,136938,I,D,21+22,System_zu_,2870,136938,139808,16,12+18+19+21+22+23,11,139808,141836,I,23+24+25,"leben,_da_",False,False,False,2,False,False,False,2,2,False,False,False,2,2,2,False,System zu,1.0,100.0
SG12,P18_T6,P18,90,1141,139808,141836,I,D,23+24+25,"leben,_da_",10749,141836,152585,26,1+4,0,152585,153755,I,26,die_,False,False,False,2,False,False,False,2,2,False,False,False,2,2,2,False,"leben , da",1.0,89.0
SG12,P18_T6,P18,91,1141,152585,153755,I,D,26,die_,4742,153755,158497,9,1+2+3+4,0,158497,160978,I,26,Ressurcen_,True,False,False,2,False,False,False,2,2,True,True,False,1,1,2,False,die,1.0,100.0
SG12,P18_T6,P18,92,1141,158497,160978,I,D,26,Ressurcen_,24102,160978,185080,136,1+3+4+6+7+8+9,0,185080,187981,C,26+27,[necrusseR]Mittel_,True,True,True,1,True,False,False,1,2,True,True,False,1,1,2,False,die,0.0,33.0
SG12,P18_T6,P18,93,1141,190774,193551,I,D,28+29+30,in_einer_Region_,1482,193551,195033,4,1+31,0,195033,200118,I,31+32+33+34+35,schnell_erschöpft_sein_können._,False,False,False,2,False,False,False,2,2,False,False,False,2,2,2,False,in einer Region,1.0,100.0
SG12,P18_T6,P18,94,1141,195033,200118,I,D,31+32+33+34+35,schnell_erschöpft_sein_können._,11981,200118,212099,46,1+4+12+16+29,0,212099,215204,I,36+37,Diese_Gesellshaften,False,False,False,2,False,False,False,2,2,False,False,False,2,2,2,False,schnell erschöpft sein können .,1.0,97.0
SG12,P18_T6,P18,95,1141,212099,215204,I,D,36+37,Diese_Gesellshaften,1419,215204,216623,12,1,0,216623,218636,C,37,[netfah]chaften,True,True,True,1,True,False,False,1,2,True,True,False,1,1,2,False,Diese Gesellschaften,1.0,95.0
SG12,P18_T6,P18,96,1141,220352,220352,I,D,37,_,2464,220352,222816,8,19+20+21+37+38+39+40+41,1,222816,223815,I,38,sind_,False,False,False,2,False,False,False,2,2,False,False,False,2,2,2,False,Gesellschaften,,
SG12,P18_T6,P18,97,1141,222816,223815,I,D,38,sind_,3182,223815,226997,0,,0,226997,233409,C,40+41+42+43+44,"oft_nicht_reich_Bev[veB]bevölkert,",False,False,False,2,False,False,False,2,2,False,False,False,2,2,2,False,sind,1.0,100.0
SG12,P18_T6,P18,98,1141,226997,233409,C,D,40+41+42+43+44,"oft_nicht_reich_Bev[veB]bevölkert,",5398,233409,238807,30,1+38+39+40+41,1,238807,238807,D,44,"[,",True,False,False,2,True,False,False,1,2,True,False,False,1,2,2,False,oftmals auch nicht reich bevölkert,1.0,85.0
SG12,P18_T6,P18,99,1141,238807,238807,D,D,44,"[,",7144,238807,245951,30,32+37+38+39+40+41,0,245951,247995,C,39+40,fl[l]olgerichtig_,False,False,False,2,False,False,False,2,2,False,False,False,2,2,2,False,bevölkert,0.0,0.0
SG12,P18_T6,P18,100,1141,245951,247995,C,D,39+40,fl[l]olgerichtig_,3604,247995,251599,17,1+27+38+39+40+41+42,5,251599,252379,I,40+41,mals_auch,True,False,False,2,False,False,False,2,2,False,False,False,2,2,2,False,folgerichtig oftmals,1.0,100.0
SG12,P18_T6,P18,101,1141,251599,252379,I,D,40+41,mals_auch,3042,252379,255421,19,1+37+38+39+40+41,5,255421,255421,I,45,.,False,False,False,2,False,False,False,2,2,False,False,False,2,2,2,False,oftmals auch,1.0,100.0
SG12,P18_T6,P18,102,1141,255421,255421,I,D,45,.,2745,255421,258166,19,0+4+11+12+13+15+16+22+23,0,258166,258166,I,115,_,False,False,False,2,False,False,False,2,2,True,False,False,1,2,2,False,.,,
SG12,P18_T6,P18,103,1141,258166,258166,I,D,115,_,49359,258166,307525,222,0+1+4+11+12+15+16+22+23,0,307525,313952,C,115+45+46+47+48+49+50+51,"_Völker,_die_von_l[l]Landwirtschaft_leben",True,False,False,2,True,False,False,1,2,True,True,False,1,1,2,False,.,,
SG12,P18_T6,P18,104,1141,307525,313952,C,D,115+45+46+47+48+49+50+51,"_Völker,_die_von_l[l]Landwirtschaft_leben",15164,313952,329116,81,1+43+44+54+55,0,329116,330644,I,52+53,",_können_",False,False,False,2,False,False,False,2,2,True,True,False,1,1,2,False,". . Völker , die von Landwirtschaft leben",1.0,97.0
SG12,P18_T6,P18,105,1141,329116,330644,I,D,52+53,",_können_",1373,330644,332017,0,,0,332017,336994,I,54+55+56+57+58,"eine_Bevölkerung_ernähren,_die_",False,False,False,2,False,False,False,2,2,False,False,False,2,2,2,False,", können",1.0,100.0
SG12,P18_T6,P18,106,1141,332017,336994,I,D,54+55+56+57+58,"eine_Bevölkerung_ernähren,_die_",1747,336994,338741,4,1+53,0,338741,341908,I,59+60+61+62,60_bis_100_Mal_,False,False,False,2,False,False,False,2,2,False,False,False,2,2,2,False,"eine Bevölkerung ernähren , die",1.0,97.0
SG12,P18_T6,P18,107,1141,338741,341908,I,D,59+60+61+62,60_bis_100_Mal_,2574,341908,344482,7,1+2,0,344482,346135,I,63+64+65,so_groß_ist,False,False,False,2,False,False,False,2,2,False,False,False,2,2,2,False,60 bis 100 Mal,1.0,100.0
SG12,P18_T6,P18,108,1141,344482,346135,I,D,63+64+65,so_groß_ist,9828,346135,355963,43,1+57,0,355963,357477,I,65+66,_wie,True,False,False,2,False,False,False,2,2,False,False,False,2,2,2,False,so groß ist,1.0,100.0
SG12,P18_T6,P18,109,1141,355963,357477,I,D,65+66,_wie,8361,357477,365838,47,1+62,0,365838,374013,I,66+67+68+69+70+71+72+73+74+75,"_die_von_Völkern,_die_ihr_Land_nicht_bestellen",True,False,False,2,False,False,False,2,2,False,False,False,2,2,2,False,ist wie,1.0,100.0
SG12,P18_T6,P18,110,1141,365838,374013,I,D,66+67+68+69+70+71+72+73+74+75,"_die_von_Völkern,_die_ihr_Land_nicht_bestellen",8876,374013,382889,56,1+76,0,382889,382889,I,76,.,False,False,False,2,False,False,False,2,2,False,False,False,2,2,2,False,"wie die von Völkern , die ihr Land nicht bestellen",1.0,98.0
SG12,P18_T6,P18,111,1141,382889,382889,I,D,76,.,9563,382889,392452,51,1+32+46+48+49+51,0,392452,392452,I,76,_,True,False,False,2,False,False,False,2,2,False,False,False,2,2,2,False,.,,
SG12,P18_T6,P18,112,1141,392452,392452,I,D,76,_,6973,392452,399425,15,1+76,1,399425,399425,I,77,J,False,False,False,2,False,False,False,2,2,False,False,False,2,2,2,False,.,,
SG12,P18_T6,P18,113,1141,399425,399425,I,D,77,J,1186,399425,400611,0,,0,400611,400611,I,77,ä,True,False,False,2,False,False,False,2,2,False,False,False,2,2,2,False,Jäger,,
SG12,P18_T6,P18,114,1141,400611,400611,I,D,77,ä,1451,400611,402062,0,,0,402062,405852,I,77+78+79,ger-Gesellschaften_,True,False,False,2,False,False,False,2,2,False,False,False,2,2,2,False,Jäger,,
SG12,P18_T6,P18,115,1141,402062,405852,I,D,77+78+79,ger-Gesellschaften_,7957,405852,413809,53,1+79,1,413809,414557,I,80,haben_,False,False,False,2,False,False,False,2,2,False,False,False,2,2,2,False,Jäger - Gesellschaften,1.0,89.0
SG12,P18_T6,P18,116,1141,413809,414557,I,D,80,haben_,3292,414557,417849,14,1+81,0,417849,422295,C,115+81+82+83,zumeist_keine_Hierarche[e]ie,False,False,False,2,False,False,False,2,2,False,False,False,2,2,2,False,haben,1.0,100.0
SG12,P18_T6,P18,117,1141,417849,422295,C,D,115+81+82+83,zumeist_keine_Hierarche[e]ie,1170,422295,423465,13,1,0,423465,423465,I,83,_,True,False,False,2,False,False,False,2,2,True,True,False,1,1,2,False,. zumeist keine Hierarchie,1.0,100.0
SG12,P18_T6,P18,118,1141,423465,423465,I,D,83,_,2434,423465,425899,18,1+80,0,425899,430781,I,84+85+86+87,in_ihren_sozialen_Strukturen,False,False,False,2,False,False,False,2,2,False,False,False,2,2,2,False,Hierarchie,,
SG12,P18_T6,P18,119,1141,425899,430781,I,D,84+85+86+87,in_ihren_sozialen_Strukturen,5195,430781,435976,27,1+86,1,435976,436865,I,88,",_",False,False,False,2,False,False,False,2,2,False,False,False,2,2,2,False,in ihren sozialen Strukturen,1.0,100.0
SG12,P18_T6,P18,120,1141,435976,436865,I,D,88,",_",1248,436865,438113,0,,0,438113,438613,I,115,dies_,False,False,False,2,False,False,False,2,2,False,False,False,2,2,2,False,",",,
SG12,P18_T6,P18,121,1141,438113,438613,I,D,115,dies_,2527,438613,441140,23,83+85+86+87,0,441140,447162,C,115+89+90+91+92+93+94+95+96,[_seid]was_allerdings_nicht_immer_der_Fall_ist.,True,True,True,1,True,False,False,1,2,True,True,False,1,1,2,False,.,,
SG12,P18_T6,P18,122,1141,466864,468424,I,D,96+97,_Da_,1638,468424,470062,4,1+93,0,470062,472870,I,98+99,diese_Gesellschaften,False,False,False,2,False,False,False,2,2,False,False,False,2,2,2,False,. Da,1.0,100.0
SG12,P18_T6,P18,123,1141,470062,472870,I,D,98+99,diese_Gesellschaften,1186,472870,474056,0,,0,474056,478097,I,100+101+102+99,_oftmals_nomadisch_sind,True,False,False,2,False,False,False,2,2,False,False,False,2,2,2,False,diese Gesellschaften,1.0,100.0
SG12,P18_T6,P18,124,1141,474056,478097,I,D,100+101+102+99,_oftmals_nomadisch_sind,2574,478097,480671,17,1+81+82+101,1,480671,481466,I,103,",_",False,False,False,2,False,False,False,2,2,False,False,False,2,2,2,False,oftmals nomadisch sind Gesellschaften,1.0,100.0
SG12,P18_T6,P18,125,1141,480671,481466,I,D,103,",_",2699,481466,484165,13,0+1+71+72+74+75+126,0,484165,485163,I,104+105,haben_sie_,False,False,False,2,False,False,False,2,2,False,False,False,2,2,2,False,",",,
SG12,P18_T6,P18,126,1141,484165,485163,I,D,104+105,haben_sie_,3479,485163,488642,20,1+100+101+102+103+104,4,488642,500171,I,106+107+108+109+110+111+112+113+114+115,"nicht_wirklich_die_Möglichkeit,_größere_Essensvorräte_zu_lagern.",False,False,False,2,False,False,False,2,2,False,False,False,2,2,2,False,haben sie,1.0,100.0
SG12,P18_T6,P18,127,1141,488642,500171,I,D,106+107+108+109+110+111+112+113+114+115,"nicht_wirklich_die_Möglichkeit,_größere_Essensvorräte_zu_lagern.",29328,500171,529499,161,1+111+112,1,529499,530716,I,116,Daher_,False,False,False,2,False,False,False,2,2,False,False,False,2,2,2,False,"nicht wirklich die Möglichkeit , größere Essensvorräte zu lagern .",1.0,98.0
SG12,P18_T6,P18,128,1141,529499,530716,I,D,116,Daher_,1809,530716,532525,9,0+101+111+112+116,2,532525,534226,I,117,sind_,False,False,False,2,False,False,False,2,2,False,False,False,2,2,2,False,Daher,1.0,100.0
SG12,P18_T6,P18,129,1141,532525,534226,I,D,117,sind_,2605,534226,536831,5,0+102+116,0,536831,540310,I,118+119,führende_Personen,False,False,False,2,False,False,False,2,2,False,False,False,2,2,2,False,sind,1.0,100.0
SG12,P18_T6,P18,130,1141,536831,540310,I,D,118+119,führende_Personen,1513,540310,541823,7,1,0,541823,546503,I,120+121+122+123,",_Bürokraten_und_Handwerker",False,False,False,2,False,False,False,2,2,False,False,False,2,2,2,False,führende Personen,1.0,100.0
SG12,P18_T6,P18,131,1141,541823,546503,I,D,120+121+122+123,",_Bürokraten_und_Handwerker",1638,546503,548141,15,1+73,0,548141,552525,I,123+124+125+126,_nur_selten_Mitglieder,True,False,False,2,False,False,False,2,2,False,False,False,2,2,2,False,", Bürokraten und Handwerker",1.0,100.0
SG12,P18_T6,P18,132,1141,548141,552525,I,D,123+124+125+126,_nur_selten_Mitglieder,1185,552525,553710,10,0+123+124+125+126+128+129+131+132+133+134,6,553710,553710,I,126,_,True,False,False,2,False,False,False,2,2,False,False,False,2,2,2,False,Handwerker nur selten Mitglieder,1.0,100.0
SG12,P18_T6,P18,133,1141,553710,553710,I,D,126,_,1451,553710,555161,6,0+115+118+119+128+129+131+132+134+135,0,555161,557158,I,127+128,in_einer_,False,False,False,2,False,False,False,2,2,False,False,False,2,2,2,False,Mitglieder,,
SG12,P18_T6,P18,134,1141,555161,557158,I,D,127+128,in_einer_,2543,557158,559701,7,1+111+112+118+119,0,559701,565894,I,129+130+131+132+133+134+135,"Gesellschaft,_die_vom_Jagen_lebt.",False,False,False,2,False,False,False,2,2,False,False,False,2,2,2,False,in einer,1.0,100.0
SG12,P19_T3,P19,1,686,89778,93694,I,D,1+2+3,Spielberg_zeigt_Peking,858,93694,94552,3,3,3,94552,94973,I,3+4,_die_,True,False,False,2,False,False,False,2,2,False,False,False,2,2,2,False,Spielberg zeigt Peking,1.0,100.0
SG12,P19_T3,P19,2,686,94552,94973,I,D,3+4,_die_,4602,94973,99575,14,4+5+6+7,4,99575,105409,C,5+6+7+8,Rote_kar[rak]Karte_wegen_Darfu,False,False,False,2,False,False,False,2,2,False,False,False,2,2,2,False,Peking die,1.0,100.0
SG12,P19_T3,P19,3,686,99575,105409,C,D,5+6+7+8,Rote_kar[rak]Karte_wegen_Darfu,718,105409,106127,4,8,4,106127,106127,I,8,r,True,False,False,2,False,False,False,2,2,False,False,False,2,2,2,False,Rote Karte wegen Darfur,1.0,100.0
SG12,P19_T3,P19,4,686,106127,106127,I,D,8,r,38220,106127,144347,148,1+2+3+4+5+6+7+8+16+18+19+24+40+41+43+46+47+69+70+71+83+84+89+90+91+93+118+153+154+155,35,144347,144348,I,8,__,True,False,False,2,False,False,False,2,2,False,False,False,2,2,2,False,Darfur,,
SG12,P19_T3,P19,5,686,144347,144348,I,D,8,__,24601,144348,168949,83,1+2+3+4+5+6+7+8+9+14+18+19+21+22+23+25+26+27+28+29+30+33+34+35+44,19,168949,172100,I,10+11+12+13+9,"Mit_einer_Geste,_die_",False,False,False,2,False,False,False,2,2,False,False,False,2,2,2,False,Darfur,,
SG12,P19_T3,P19,6,686,168949,172100,I,D,10+11+12+13+9,"Mit_einer_Geste,_die_",702,172100,172802,4,3+4+5+6+7,0,172802,174424,I,14+15,sicherlich_das_,False,False,False,2,False,False,False,2,2,False,False,False,2,2,2,False,"einer Geste , die Mit",1.0,80.0
SG12,P19_T3,P19,7,686,172802,174424,I,D,14+15,sicherlich_das_,733,174424,175157,7,15+17+167,3,175157,175922,C,15,[_sa]ie_,True,True,True,1,True,False,False,1,2,True,True,False,1,1,2,False,sicherlich die,1.0,86.0
SG12,P19_T3,P19,8,686,178137,186031,C,D,16+17+18+19+20+21+22,"chini[i]esische_Regierung_erschüttern_wird,_hat_sich_",873,186031,186904,4,21+22+33,4,186904,188995,I,23+24,Steven_Spielber,False,False,False,2,False,False,False,2,2,False,False,False,2,2,2,False,"chinesische Regierung erschüttern wird , hat sich",1.0,98.0
SG12,P19_T3,P19,9,686,186904,188995,I,D,23+24,Steven_Spielber,1139,188995,190134,8,23+24+31+32,7,190134,191226,I,24,g_aus_der_,True,False,False,2,False,False,False,2,2,True,False,False,1,2,2,False,Steven Spielberg,1.0,100.0
SG12,P19_T3,P19,10,686,190134,191226,I,D,24,g_aus_der_,3634,191226,194860,33,1+9+21+22+24+25+33,9,194860,195921,D,24,[_red_sua,True,False,False,2,True,False,False,1,2,True,False,False,1,2,2,False,Spielberg,0.0,33.0
SG12,P19_T3,P19,11,686,194860,195921,D,D,24,[_red_sua,1950,195921,197871,18,21+22+23+24+33,10,197871,198183,I,25,von_,False,False,False,2,False,False,False,2,2,False,False,False,2,2,2,False,Spielberg,0.0,11.0
SG12,P19_T3,P19,12,686,197871,198183,I,D,25,von_,967,198183,199150,4,23+24,0,199150,202832,I,26+27+28+29,der_Organisation_der_Ol,False,False,False,2,False,False,False,2,2,False,False,False,2,2,2,False,von,1.0,100.0
SG12,P19_T3,P19,13,686,199150,202832,I,D,26+27+28+29,der_Organisation_der_Ol,1716,202832,204548,7,26+27+28+29+30+93,6,204548,211942,I,29+30+31+32+33+34+35+36,"ympischen_Spiele_in_Peking_zurückgezogen,_um_ge",True,False,False,2,False,False,False,2,2,False,False,False,2,2,2,False,der Organisation der Olympischen,1.0,100.0
SG12,P19_T3,P19,14,686,204548,211942,I,D,29+30+31+32+33+34+35+36,"ympischen_Spiele_in_Peking_zurückgezogen,_um_ge",999,211942,212941,9,16+17+18+19+36,6,212941,213222,I,36,gen,True,False,False,2,False,False,False,2,2,False,False,False,2,2,2,False,"Olympischen Spiele in Peking zurückgezogen , um gegen",1.0,98.0
SG12,P19_T3,P19,15,686,212941,213222,I,D,36,gen,1497,213222,214719,9,36+38+40,6,214719,214719,I,36,_,True,False,False,2,False,False,False,2,2,False,False,False,2,2,2,False,gegen,1.0,100.0
SG12,P19_T3,P19,16,686,214719,214719,I,D,36,_,4556,214719,219275,21,9+16+17+18+19+26+27+28+29+30+31+32+37+40,0,219275,223112,I,37+38,Chinas_Unterstützung_,False,False,False,2,False,False,False,2,2,False,False,False,2,2,2,False,gegen,,
SG12,P19_T3,P19,17,686,219275,223112,I,D,37+38,Chinas_Unterstützung_,8674,223112,231786,53,36+37+38+69+70+71+161+162+165,33,231786,240553,I,39+40+41+42+43+44+45+46,der_sudanesischen_Politik_in_Darfur_zu_protestieren._,False,False,False,2,False,False,False,2,2,False,False,False,2,2,2,False,Chinas Unterstützung,1.0,100.0
SG12,P19_T3,P19,18,686,231786,240553,I,D,39+40+41+42+43+44+45+46,der_sudanesischen_Politik_in_Darfur_zu_protestieren._,120604,240553,361157,483,3+4+5+6+7+8+9+11+13+14+15+16+17+18+19+20+21+22+23+24+25+26+27+28+29+30+31+32+33+34+35+36+37+38+39+40+41+42+43+44+45+46+47+48+49+50+51+52+53+54+56+57+69+70+73+75+80+83+84+89+92+96+98+103+111+112+117+118+119+120+130+133+135+136+140+158+161+162+163+164+165+166+167,37,361157,373918,I,47+48+49+50+51+52+53+54+55+56+57+58,Sein_Rückzug_hängt_mit_dem_Wiederaufflammen_der_Kämpfe_in_Darfur_zusammen_und_,False,False,False,2,False,False,False,2,2,False,False,False,2,2,2,False,der sudanesischen Politik in Darfur zu protestieren .,1.0,98.0
SG12,P19_T3,P19,19,686,361157,373918,I,D,47+48+49+50+51+52+53+54+55+56+57+58,Sein_Rückzug_hängt_mit_dem_Wiederaufflammen_der_Kämpfe_in_Darfur_zusammen_und_,49765,373918,423683,309,7+8+9+11+13+14+17+18+19+23+24+34+35+37+38+39+40+42+43+44+45+49+51+52+53+54+55+56+57+59+60+64+66+67+68+69+70+71+74+75+76+88+89+92+119+120+149+153+154+155+156+158+160+163+164+166+167,194,423683,424260,I,59,wird_,False,False,False,2,False,False,False,2,2,False,False,False,2,2,2,False,Sein Rückzug hängt mit dem Wiederaufflammen der Kämpfe in Darfur zusammen und,1.0,100.0
SG12,P19_T3,P19,20,686,423683,424260,I,D,59,wird_,1435,424260,425695,8,9+40+60+66+67+68+71+73+167,0,425695,426740,I,60,China_,False,False,False,2,False,False,False,2,2,False,False,False,2,2,2,False,wird,1.0,100.0
SG12,P19_T3,P19,21,686,425695,426740,I,D,60,China_,19329,426740,446069,147,11+13+14+16+17+18+19+26+27+28+29+30+36+38+39+40+41+45+49+51+52+53+54+55+56+57+58+59+60+61+62+63+64+69+70+83+91+92+111+112+118,4,446069,449345,I,61+62+63,in_Verlegenheit_bringen._,False,False,False,2,False,False,False,2,2,False,False,False,2,2,2,False,China,1.0,100.0
SG12,P19_T3,P19,22,686,446069,449345,I,D,61+62+63,in_Verlegenheit_bringen._,34772,449345,484117,187,4+6+7+9+15+16+21+22+24+31+32+33+38+39+40+41+42+43+46+47+48+49+50+51+52+53+54+55+56+57+58+59+61+62+63+64+69+70+71+73+74+76+78+81+83+84+89+93,42,484117,484866,C,63+64,"[_.],_",True,False,False,2,True,False,False,1,2,True,False,False,1,2,2,False,in Verlegenheit bringen,1.0,100.0
SG12,P19_T3,P19,23,686,484117,484866,C,D,63+64,"[_.],_",3635,484866,488501,37,23+24+25+40+53+54+56+133,0,488501,493337,C,65+66+67,da_die_chineisch[hcsi]siche_Re,False,False,False,2,False,False,False,2,2,False,False,False,2,2,2,False,"bringen ,",,
SG12,P19_T3,P19,24,686,488501,493337,C,D,65+66+67,da_die_chineisch[hcsi]siche_Re,967,493337,494304,4,51+52,0,494304,497346,C,67+68,[eR_ehc]sche_Regierung_,True,True,True,1,True,False,False,1,2,True,True,False,1,1,2,False,da die chinesische,1.0,94.0
SG12,P19_T3,P19,25,686,508095,510716,I,D,69+70+71+72+73,"sich_bemüht_hat,_die_",16037,510716,526753,98,38+48+49+51+52+53+54+55+57+61+62+63+69+70+71+73+74+75+76+77+95+112+133,19,526753,530699,C,74+75,negative_[_]n_Auswirkungen_,False,False,False,2,False,False,False,2,2,False,False,False,2,2,2,False,"sich bemüht hat , die",1.0,95.0
SG12,P19_T3,P19,26,686,526753,530699,C,D,74+75,negative_[_]n_Auswirkungen_,1904,530699,532603,18,50+51+52+73+74+75,5,532603,533149,I,76,ihrer_,False,False,False,2,False,False,False,2,2,False,False,False,2,2,2,False,negativen Auswirkungen,1.0,100.0
SG12,P19_T3,P19,27,686,532603,533149,I,D,76,ihrer_,811,533149,533960,7,40+50+53+54+75,0,533960,534646,I,77,engen_,False,False,False,2,False,False,False,2,2,False,False,False,2,2,2,False,ihrer,1.0,100.0
SG12,P19_T3,P19,28,686,533960,534646,I,D,77,engen_,1591,534646,536237,14,51+52+75+76,0,536237,538983,I,78+79+80,Zusammenarbeit_mit_de,False,False,False,2,False,False,False,2,2,False,False,False,2,2,2,False,engen,1.0,100.0
SG12,P19_T3,P19,29,686,536237,538983,I,D,78+79+80,Zusammenarbeit_mit_de,811,538983,539794,4,80,4,539794,544084,I,80+81+82,r_sudanesischen_Regierung,True,False,False,2,False,False,False,2,2,False,False,False,2,2,2,False,Zusammenarbeit mit der,1.0,100.0
SG12,P19_T3,P19,30,686,539794,544084,I,D,80+81+82,r_sudanesischen_Regierung,1810,544084,545894,16,58+59+69+70+74+75+78+81,3,545894,548093,I,82+83+84+85,_zu_begrenzen._,True,False,False,2,False,False,False,2,2,False,False,False,2,2,2,False,der sudanesischen Regierung,1.0,100.0
SG12,P19_T3,P19,31,686,545894,548093,I,D,82+83+84+85,_zu_begrenzen._,36645,548093,584738,171,14+37+38+40+41+47+48+49+51+52+55+57+60+61+62+63+66+67+68+69+70+71+73+74+75+76+77+78+79+80+81+82+83+84+85+86+87+88+89+90+92+93+94+96+97+98+99+100+101+102+103+107+110+117+121+160,13,584738,586173,I,86,China_tä,False,False,False,2,False,False,False,2,2,False,False,False,2,2,2,False,Regierung zu begrenzen .,1.0,92.0
SG12,P19_T3,P19,32,686,584738,586173,I,D,86,China_tä,1030,586173,587203,7,87+94+107+110+121,0,587203,589761,C,86+87,[ät]hat_,True,False,False,2,True,False,False,1,2,True,False,False,1,2,2,False,China,1.0,100.0
SG12,P19_T3,P19,33,686,587203,589761,C,D,86+87,[ät]hat_,24960,589761,614721,133,2+7+9+16+17+20+21+22+33+37+38+51+52+53+54+69+70+73+74+75+77+78+81+82+83+84+85+86+87+88+89+90+94+96+99+100+101+102+103+111+112+117+118+119+120+158+160,22,614721,616547,I,88,umfangreiche,False,False,False,2,False,False,False,2,2,False,False,False,2,2,2,False,China hat,1.0,100.0
SG12,P19_T3,P19,34,686,614721,616547,I,D,88,umfangreiche,1310,616547,617857,11,87+88+94+118,6,617857,620478,I,88+89+90+91,_Investitionen_in_die_,True,False,False,2,False,False,False,2,2,False,False,False,2,2,2,False,umfangreiche,1.0,100.0
SG12,P19_T3,P19,35,686,617857,620478,I,D,88+89+90+91,_Investitionen_in_die_,4056,620478,624534,47,86+89+90+91+92+93,41,624534,625330,I,92,sudane,False,False,False,2,False,False,False,2,2,False,False,False,2,2,2,False,umfangreiche Investitionen in die,1.0,100.0
SG12,P19_T3,P19,36,686,624534,625330,I,D,92,sudane,702,625330,626032,13,91+92,2,626032,627186,I,92,siche_Ö,True,False,False,2,False,False,False,2,2,True,True,False,1,1,2,False,sudanesische,1.0,100.0
SG12,P19_T3,P19,37,686,626032,627186,I,D,92,siche_Ö,1014,627186,628200,14,91+92,11,628200,633395,C,92+93+94,[Ö_ehc]sche_Ölindustrie_getätigt,True,True,True,1,True,False,False,1,2,True,True,False,1,1,2,False,sudanesische,0.0,71.0
SG12,P19_T3,P19,38,686,634830,635345,I,D,94+95,_und_,9126,635345,644471,55,76+77+78+81+96+97+103+135,0,644471,649759,I,100+103+96+97+98+99,arbeitet_eng_mit_der_Regierung_zusammen,False,False,False,2,False,False,False,2,2,False,False,False,2,2,2,False,getätigt und,1.0,100.0
SG12,P19_T3,P19,39,686,644471,649759,I,D,100+103+96+97+98+99,arbeitet_eng_mit_der_Regierung_zusammen,70310,649759,720069,615,7+8+9+16+17+25+36+37+38+51+52+55+56+60+61+62+63+66+67+68+69+70+71+73+74+75+77+78+79+80+81+82+83+85+86+87+88+89+90+91+92+93+94+95+96+97+98+99+100+101+102+103+104+107+110+117+118+119+120+121+133+149+153+154+163,298,720069,723329,I,104+105,._Eines_der_Mitglieder,False,False,False,2,False,False,False,2,2,False,False,False,2,2,2,False,Regierung zusammen arbeitet eng mit der,0.0,51.0
SG12,P19_T3,P19,40,686,720069,723329,I,D,104+105,._Eines_der_Mitglieder,3635,723329,726964,24,69+70+81+82+87+88+89+94+105+108+109,9,726964,728555,D,105,[redeilgtiM_red_s,True,False,False,2,True,False,False,1,2,True,False,False,1,2,2,False,. Einem,1.0,86.0
SG12,P19_T3,P19,41,686,726964,728555,D,D,105,[redeilgtiM_red_s,1155,728555,729710,7,105+108+109,7,729710,733937,I,105+106+107+108+109,r_der_Minister_dieser_Regierung,True,False,False,2,False,False,False,2,2,True,False,False,1,2,2,False,Einem,0.0,40.0
SG12,P19_T3,P19,42,686,729710,733937,I,D,105+106+107+108+109,r_der_Minister_dieser_Regierung,1748,733937,735685,9,89+91+92+93+117+119+120,0,735685,735685,I,109,_,True,False,False,2,False,False,False,2,2,True,False,False,1,2,2,False,Einem der Minister dieser Regierung,1.0,97.0
SG12,P19_T3,P19,43,686,735685,735685,I,D,109,_,7004,735685,742689,54,9+69+70+74+88+89+91+93+105+106+107+108+109+110+117+118+119+120+121+134+135+137+138+139,13,742689,744436,I,110+111,wurde_vor_dem_,False,False,False,2,False,False,False,2,2,False,False,False,2,2,2,False,Regierung,,
SG12,P19_T3,P19,44,686,742689,744436,I,D,110+111,wurde_vor_dem_,3978,744436,748414,39,77+89+90+91+92+96+97+98+103,0,748414,754498,I,112+113+114+115+116,Internationalen_Strafgerichtshof_in_Den_Haag_,False,False,False,2,False,False,False,2,2,True,False,False,1,2,2,False,werden vom,0.0,70.0
SG12,P19_T3,P19,45,686,748414,754498,I,D,112+113+114+115+116,Internationalen_Strafgerichtshof_in_Den_Haag_,3854,754498,758352,29,89+107+111+113+114+115+116+117+118+119+120,13,758352,759272,I,117,wegen_,False,False,False,2,False,False,False,2,2,False,False,False,2,2,2,False,Internationalen Strafgerichtshof in Den Haag,1.0,100.0
SG12,P19_T3,P19,46,686,758352,759272,I,D,117,wegen_,2808,759272,762080,18,117+130,14,762080,763921,I,117,Verbrechen,True,False,False,2,False,False,False,2,2,True,False,False,1,2,2,False,Verbrechen,0.0,60.0
SG12,P19_T3,P19,47,686,762080,763921,I,D,117,Verbrechen,4727,763921,768648,26,117+118+119+120,20,768648,768648,I,117,s,True,False,False,2,False,False,False,2,2,True,False,False,1,2,2,False,Verbrechen,1.0,100.0
SG12,P19_T3,P19,48,686,768648,768648,I,D,117,s,2028,768648,770676,17,92+117,15,770676,775418,I,117+118+119+120+122+167,_gegen_die_Menschlichkeit_angeklagt._,True,False,False,2,False,False,False,2,2,True,False,False,1,2,2,False,Verbrechen,,
SG12,P19_T3,P19,49,686,770676,775418,I,D,117+118+119+120+122+167,_gegen_die_Menschlichkeit_angeklagt._,85847,775418,861265,469,1+2+3+4+5+6+7+8+15+16+17+18+19+20+23+36+37+42+50+51+52+69+70+81+82+83+85+86+89+90+91+92+93+95+96+97+98+99+100+101+102+103+105+106+107+108+109+110+112+113+114+115+116+117+118+119+120+121+122+129+130+131+132+150+153+154+155+156+157+158+159+160+166+167,74,861265,861265,D,105,[r,False,False,False,2,False,False,False,2,2,True,True,False,1,1,2,False,Verbrechen gegen die Menschlichkeit . .,0.0,74.0
SG12,P19_T3,P19,50,686,861265,861265,D,D,105,[r,1311,861265,862576,2,112+122,0,862576,862576,I,105,m,True,False,False,2,False,False,False,2,2,False,False,False,2,2,2,False,Einem,0.0,0.0
SG12,P19_T3,P19,51,686,862576,862576,I,D,105,m,5398,862576,867974,18,88+112+118+119+120+122+129+134+167,0,867974,868364,I,110,erde,False,False,False,2,False,False,False,2,2,False,False,False,2,2,2,False,Einem,,
SG12,P19_T3,P19,52,686,867974,868364,I,D,110,erde,717,868364,869081,3,112+167,0,869081,869081,I,110,n,True,False,False,2,False,False,False,2,2,True,False,False,1,2,2,False,werden,1.0,100.0
SG12,P19_T3,P19,53,686,869081,869081,I,D,110,n,1077,869081,870158,6,111+112+113+122+167,0,870158,871078,D,110,[urde,True,False,False,2,True,False,False,1,2,True,False,False,1,2,2,False,werden,,
SG12,P19_T3,P19,54,686,870158,871078,D,D,110,[urde,1638,871078,872716,21,112+119+120+122+163,0,872716,872716,I,111,m,False,False,False,2,False,False,False,2,2,False,False,False,2,2,2,False,werden,0.0,60.0
SG12,P19_T3,P19,55,686,872716,872716,I,D,111,m,2933,872716,875649,18,105+108+109+111+112+117,3,875649,876398,D,111,[r_dem,True,False,False,2,True,False,False,1,2,True,False,False,1,2,2,False,vom,,
SG12,P19_T3,P19,56,686,875649,876398,D,D,111,[r_dem,3541,876398,879939,15,111+112+113+114+116+124+125,2,879939,880781,D,117,[wegen_,False,False,False,2,False,False,False,2,2,False,False,False,2,2,2,False,vom,0.0,33.0
SG12,P19_T3,P19,57,686,879939,880781,D,D,117,[wegen_,2902,880781,883683,12,93+112+113+124+125+167,0,883683,883683,D,117,[s,True,False,False,2,True,False,False,1,2,True,False,False,1,2,2,False,Verbrechen,0.0,50.0
SG12,P19_T3,P19,58,686,883683,883683,D,D,117,[s,2621,883683,886304,3,119+120+122,0,886304,891608,C,121+122,vorgeowr[rwo]worden[ned]fen[angeklagt,False,False,False,2,False,False,False,2,2,False,False,False,2,2,2,False,Verbrechen,0.0,0.0
SG12,P19_T3,P19,59,686,886304,891608,C,D,121+122,vorgeowr[rwo]worden[ned]fen[angeklagt,1872,891608,893480,4,112+167,0,893480,893480,I,122,_,True,False,False,2,False,False,False,2,2,False,False,False,2,2,2,False,vorgeworfen .,1.0,85.0
SG12,P19_T3,P19,60,686,893480,893480,I,D,122,_,6115,893480,899595,31,73+88+89+93+96+97+100+101+102+103+107+110+111+112+113+115+116+117+119+120+121+126+127+128,0,899595,905008,C,123+124+125+126+127,"Obow[wo]wohl_Spielberg_betont,_dass_",False,False,False,2,False,False,False,2,2,False,False,False,2,2,2,False,.,,
SG12,P19_T3,P19,61,686,899595,905008,C,D,123+124+125+126+127,"Obow[wo]wohl_Spielberg_betont,_dass_",2839,905008,907847,19,26+27+28+29+30+89+126+127+128+129+130+131+132+167,1,907847,910016,I,128,Khartoum_,False,False,False,2,False,False,False,2,2,False,False,False,2,2,2,False,"Obwohl Spielberg betont , dass",1.0,97.0
SG12,P19_T3,P19,62,686,907847,910016,I,D,128,Khartoum_,1560,910016,911576,17,80+87+94+113+114+117+118+119+120,0,911576,912356,I,129,den_,False,False,False,2,False,False,False,2,2,False,False,False,2,2,2,False,Khartoum,1.0,100.0
SG12,P19_T3,P19,63,686,911576,912356,I,D,129,den_,2028,912356,914384,31,66+67+68+81+93+95+96+103+117+118+129+134+135+137+138+139+155,4,914384,917956,C,129+130,[_ne]ie_Hauptschuld_an_,True,True,True,1,True,False,False,1,2,True,True,False,1,1,2,False,die,0.0,67.0
SG12,P19_T3,P19,64,686,982119,984818,I,D,136+137+138+139,_immer_weiter_gehen,6022,984818,990840,32,38+91+92+96+103+105+108+109+112+113+117+126+127+128+129+130+131+132+137+138+139+140+153+154+167,2,990840,991339,I,140,",_",False,False,False,2,False,False,False,2,2,False,False,False,2,2,2,False,Gräueltaten immer weiter gehen,1.0,100.0
SG12,P19_T3,P19,65,686,990840,991339,I,D,140,",_",19765,991339,1011104,103,110+119+120+121+124+125+126+127+129+130+131+132+134+135+136+137+138+139+141+142+143+144+145+150+167,0,1011104,1015644,I,141+142+143+144+145+146+147+148,"ist_er_dennoch_der_Meinung,_dass_die_",False,False,False,2,False,False,False,2,2,False,False,False,2,2,2,False,",",,
SG12,P19_T3,P19,66,686,1011104,1015644,I,D,141+142+143+144+145+146+147+148,"ist_er_dennoch_der_Meinung,_dass_die_",889,1015644,1016533,10,141+143+144+145,10,1016533,1016689,I,149,in,False,False,False,2,False,False,False,2,2,False,False,False,2,2,2,False,"ist er dennoch der Meinung , dass die",1.0,97.0
SG12,P19_T3,P19,67,686,1016533,1016689,I,D,149,in,749,1016689,1017438,5,149+167,1,1017438,1026861,I,149+150+151+152+153+154+155+156,"ternationale_Staatengemeinschaft,_und_hier_insbesondere_China,_",True,False,False,2,False,False,False,2,2,False,False,False,2,2,2,False,internationale,1.0,100.0
SG12,P19_T3,P19,68,686,1017438,1026861,I,D,149+150+151+152+153+154+155+156,"ternationale_Staatengemeinschaft,_und_hier_insbesondere_China,_",842,1026861,1027703,10,155+156+158+160,4,1027703,1027812,I,156,me,True,False,False,2,False,False,False,2,2,True,False,False,1,2,2,False,"internationale Staatengemeinschaft , und hier insbesondere China ,",1.0,98.0
SG12,P19_T3,P19,69,686,1027703,1027812,I,D,156,me,1451,1027812,1029263,4,156+157+159,2,1029263,1031119,C,156+157+158+159,[em]sich_mehr_engagi,True,False,False,2,True,False,False,1,2,True,False,False,1,2,2,False,",",,
SG12,P19_T3,P19,70,686,1029263,1031119,C,D,156+157+158+159,[em]sich_mehr_engagi,687,1031119,1031806,1,157+159,1,1031806,1034083,I,159+160+161+162,"eren_sollte,_um_",True,False,False,2,False,False,False,2,2,False,False,False,2,2,2,False,", sich mehr engagieren",1.0,100.0
SG12,P19_T3,P19,71,686,1031806,1034083,I,D,159+160+161+162,"eren_sollte,_um_",1607,1034083,1035690,20,135+136+141+142+143+144+145+157+158+159+160+161+162+165+166,8,1035690,1041228,C,163+164+165+166+167,dieses_l[l]leide[ediel]Leiden_zu_beenden._,False,True,False,2,False,False,False,2,2,False,False,False,2,2,2,False,"engagieren sollte , um",1.0,93.0
SG12,P19_T6,P19,72,943,64787,66254,I,D,1+2,Die_meisten_,2293,66254,68547,8,1+2+3+9+122,4,68547,75645,I,3+4+5+6+7+8+9,Jäger-und-Sammler-Gesellschaften_sin,False,False,False,2,False,False,False,2,2,False,False,False,2,2,2,False,Die meisten,1.0,100.0
SG12,P19_T6,P19,73,943,68547,75645,I,D,3+4+5+6+7+8+9,Jäger-und-Sammler-Gesellschaften_sin,2028,75645,77673,10,9+144,9,77673,78437,D,9,[nis,True,False,False,2,True,False,False,1,2,True,False,False,1,2,2,False,Jäger - und - Sammler - Gesellschaften,1.0,83.0
SG12,P19_T6,P19,74,943,77673,78437,D,D,9,[nis,7988,78437,86425,28,4+5+6+9+10+11,3,86425,88359,I,10+11+12,sind_Nomaden._,False,False,False,2,False,False,False,2,2,False,False,False,2,2,2,False,Gesellschaften,0.0,25.0
SG12,P19_T6,P19,75,943,86425,88359,I,D,10+11+12,sind_Nomaden._,8097,88359,96456,26,1+2+3+7+9+11+12+13,3,96456,104115,C,13+14+15+16+17,Da_die_Ressourcen_einer_e[e]Region_,False,False,False,2,False,False,False,2,2,False,False,False,2,2,2,False,sind Nomaden .,1.0,92.0
SG12,P19_T6,P19,76,943,96456,104115,C,D,13+14+15+16+17,Da_die_Ressourcen_einer_e[e]Region_,3214,104115,107329,11,15+16+18+19+20,4,107329,111728,I,18+19,schnell_erschöpft_werden,False,False,False,2,False,False,False,2,2,False,False,False,2,2,2,False,Da die Ressourcen einer Region,1.0,100.0
SG12,P19_T6,P19,77,943,107329,111728,I,D,18+19,schnell_erschöpft_werden,3713,111728,115441,15,15+18+19+20,10,115441,118592,C,19+20+21+22,"[nedrew]sein_können,_",True,True,True,1,True,False,False,1,2,True,True,False,1,1,2,False,schnell erschöpft,1.0,100.0
SG12,P19_T6,P19,78,943,123459,125612,I,D,23+24+25+26,ist_es_bei_einem_,2605,125612,128217,6,1+9+27,0,128217,130058,I,27,solchen_,False,False,False,2,False,False,False,2,2,False,False,False,2,2,2,False,ist es bei einem,1.0,100.0
SG12,P19_T6,P19,79,943,128217,130058,I,D,27,solchen_,3214,130058,133272,15,9+25+26+27+28+29+30+45+59+119,1,133272,134847,I,28+29,System_der_,False,False,False,2,False,False,False,2,2,False,False,False,2,2,2,False,solchen,1.0,100.0
SG12,P19_T6,P19,80,943,133272,134847,I,D,28+29,System_der_,2122,134847,136969,12,10+11+26+29+30,4,136969,142257,I,30+31+32,"Substistenzwirtschaft_schwierig,_",False,False,False,2,False,False,False,2,2,False,False,False,2,2,2,False,System der,1.0,100.0
SG12,P19_T6,P19,81,943,136969,142257,I,D,30+31+32,"Substistenzwirtschaft_schwierig,_",11919,142257,154176,63,1+15+21+23+27+29+30+31+33+35+136,21,154176,157046,I,33+34+35+36,sesshaft_zu_werden._,False,False,False,2,False,False,False,2,2,False,False,False,2,2,2,False,"Substistenzwirtschaft schwierig ,",1.0,97.0
SG12,P19_T6,P19,82,943,154176,157046,I,D,33+34+35+36,sesshaft_zu_werden._,11123,157046,168169,58,7+11+16+17+21+23+25+27+29+30+31+33+34+35+37+39+45+49+60+82+136,21,168169,170275,I,37+38,Außerdem_haben_,False,False,False,2,False,False,False,2,2,False,False,False,2,2,2,False,sesshaft zu werden .,1.0,95.0
SG12,P19_T6,P19,83,943,168169,170275,I,D,37+38,Außerdem_haben_,2871,170275,173146,14,0+37+39+43+45,2,173146,178543,I,39+40+41+42+43+44+45,Jäger-und-Sammler-Gesellschaften_,False,False,False,2,False,False,False,2,2,False,False,False,2,2,2,False,Außerdem haben,1.0,100.0
SG12,P19_T6,P19,84,943,173146,178543,I,D,39+40+41+42+43+44+45,Jäger-und-Sammler-Gesellschaften_,5055,178543,183598,22,0+16+17+18+20+29+30+31+38+45+46+48+49,1,183598,183598,I,45,m,True,False,False,2,False,False,False,2,2,True,False,False,1,2,2,False,Jäger - und - Sammler - Gesellschaften,1.0,84.0
SG12,P19_T6,P19,85,943,183598,183598,I,D,45,m,1404,183598,185002,8,17+18+20+45+144,4,185002,185002,D,45,[m,True,False,False,2,True,False,False,1,2,True,False,False,1,2,2,False,Gesellschaften,,
SG12,P19_T6,P19,86,943,185002,185002,D,D,45,[m,2449,185002,187451,12,18+19+20+28+46,0,187451,189557,I,46+47,aufgrund_ihrer,False,False,False,2,False,False,False,2,2,False,False,False,2,2,2,False,Gesellschaften,0.0,0.0
SG12,P19_T6,P19,87,943,187451,189557,I,D,46+47,aufgrund_ihrer,1404,189557,190961,11,29+30+47+48,5,190961,190961,I,47,_,True,False,False,2,False,False,False,2,2,False,False,False,2,2,2,False,aufgrund ihrer,1.0,100.0
SG12,P19_T6,P19,88,943,190961,190961,I,D,47,_,1030,190961,191991,7,9+20+29+30,0,191991,196780,C,48,Subst[t]it[t]stenzwirtschaft,False,False,False,2,False,False,False,2,2,False,False,False,2,2,2,False,ihrer,,
SG12,P19_T6,P19,89,943,191991,196780,C,D,48,Subst[t]it[t]stenzwirtschaft,4227,196780,201007,24,38+48+49+52+59+60+68+69,1,201007,201007,I,48,_,True,False,False,2,False,False,False,2,2,False,False,False,2,2,2,False,Subsistenzwirtschaft,1.0,100.0
SG12,P19_T6,P19,90,943,201007,201007,I,D,48,_,1217,201007,202224,7,16+17+20+29+30+48+49,1,202224,205126,I,49+50+51+52,oft_nur_eine_geringe_,False,False,False,2,False,False,False,2,2,False,False,False,2,2,2,False,Subsistenzwirtschaft,,
SG12,P19_T6,P19,91,943,202224,205126,I,D,49+50+51+52,oft_nur_eine_geringe_,1014,205126,206140,7,52,7,206140,208371,I,53,Populationsdichte,False,False,False,2,False,False,False,2,2,False,False,False,2,2,2,False,oft nur eine geringe,1.0,100.0
SG12,P19_T6,P19,92,943,206140,208371,I,D,53,Populationsdichte,1575,208371,209946,9,46+47+48+54+55+56+57+58+59+69,0,209946,210196,I,54,._,False,False,False,2,False,False,False,2,2,False,False,False,2,2,2,False,Populationsdichte,1.0,100.0
SG12,P19_T6,P19,93,943,209946,210196,I,D,54,._,15756,210196,225952,64,46+47+48+54+55+56+57+58+59+60+68+69+84+86+87,1,225952,226248,I,55,In_,False,False,False,2,False,False,False,2,2,False,False,False,2,2,2,False,.,,
SG12,P19_T6,P19,94,943,225952,226248,I,D,55,In_,1638,226248,227886,11,55+56+57+58+59+60+68+69,1,227886,228495,I,56,einem_,False,False,False,2,False,False,False,2,2,False,False,False,2,2,2,False,In,1.0,100.0
SG12,P19_T6,P19,95,943,227886,228495,I,D,56,einem_,2355,228495,230850,8,18+34+37+38,0,230850,237543,C,56,landwirtschaftlich_g[g_hciltfahcstriwdnal_m,True,False,False,2,True,False,False,1,2,True,False,False,1,2,2,False,einer,1.0,80.0
SG12,P19_T6,P19,96,943,230850,237543,C,D,56,landwirtschaftlich_g[g_hciltfahcstriwdnal_m,983,237543,238526,5,55+56+57+58+59+60,1,238526,238728,I,56,r_,True,False,False,2,False,False,False,2,2,False,False,False,2,2,2,False,einer,0.0,40.0
SG12,P19_T6,P19,97,943,238526,238728,I,D,56,r_,2122,238728,240850,8,51+53+54+144,0,240850,245967,I,57+58,landwirtschaftlich_geprägten_,False,False,False,2,False,False,False,2,2,False,False,False,2,2,2,False,einer,,
SG12,P19_T6,P19,98,943,240850,245967,I,D,57+58,landwirtschaftlich_geprägten_,1186,245967,247153,5,9+28+45+46+59,0,247153,253595,C,59,Subsit[t]stezn[nz]nzwirtschf[f]aft_,False,False,False,2,False,False,False,2,2,False,False,False,2,2,2,False,landwirtschaftlich geprägten,1.0,100.0
SG12,P19_T6,P19,99,943,247153,253595,C,D,59,Subsit[t]stezn[nz]nzwirtschf[f]aft_,2262,253595,255857,9,46+47+48+59+60+68+69,2,255857,256435,I,60,kann_,False,False,False,2,False,False,False,2,2,False,False,False,2,2,2,False,Subsistenzwirtschaft,1.0,100.0
SG12,P19_T6,P19,100,943,255857,256435,I,D,60,kann_,3525,256435,259960,19,54+55+56+57+58+59+60+136,4,259960,259960,I,61,d,False,False,False,2,False,False,False,2,2,False,False,False,2,2,2,False,kann,1.0,100.0
SG12,P19_T6,P19,101,943,259960,259960,I,D,61,d,3401,259960,263361,23,48+51+53+55+56+57+58+60+136,0,263361,264827,I,61+62,as_Land_,True,False,False,2,False,False,False,2,2,False,False,False,2,2,2,False,das,,
SG12,P19_T6,P19,102,943,263361,264827,I,D,61+62,as_Land_,9891,264827,274718,60,16+17+26+29+30+31+39+47+48+49+51+52+53+55+56+57+58+59+60+68+69+84+136,0,274718,275436,I,63,eine_,False,False,False,2,False,False,False,2,2,False,False,False,2,2,2,False,das Land,1.0,100.0
SG12,P19_T6,P19,103,943,274718,275436,I,D,63,eine_,1076,275436,276512,3,60+64,0,276512,288898,C,64+65+66+67+68+69,60_bis_100-mal_höhr[r]ere_Populationsdichte_ernähren,False,False,False,2,False,False,False,2,2,False,False,False,2,2,2,False,eine,1.0,100.0
SG12,P19_T6,P19,104,943,276512,288898,C,D,64+65+66+67+68+69,60_bis_100-mal_höhr[r]ere_Populationsdichte_ernähren,45287,288898,334185,213,0+7+16+17+18+19+20+21+36+37+38+39+43+45+46+47+48+49+51+52+53+54+55+56+57+58+59+60+64+66+67+68+69+70+71+72+73+74+75+76+93+94+98+101+118+136+137+138+139+140+141+143,51,334185,334732,I,69+70,_als,True,False,False,2,False,False,False,2,2,False,False,False,2,2,2,False,60 bis 100-mal höhere Populationsdichte ernähren,1.0,100.0
SG12,P19_T6,P19,105,943,334185,334732,I,D,69+70,_als,2074,334732,336806,14,55+56+57+58+68+69+96+101+118,3,336806,336806,I,70,_,True,False,False,2,False,False,False,2,2,False,False,False,2,2,2,False,ernähren als,1.0,100.0
SG12,P19_T6,P19,106,943,336806,336806,I,D,70,_,13323,336806,350129,71,0+33+45+48+49+51+53+54+55+56+57+58+59+66+67+68+69+90+91+93+94+113+119,0,350129,351236,I,71+72,wenn_das_,False,False,False,2,False,False,False,2,2,False,False,False,2,2,2,False,als,,
SG12,P19_T6,P19,107,943,350129,351236,I,D,71+72,wenn_das_,1202,351236,352438,4,55+56+57+58+72+73,1,352438,353717,I,73+74,Land_nicht_,False,False,False,2,False,False,False,2,2,False,False,False,2,2,2,False,wenn das,1.0,100.0
SG12,P19_T6,P19,108,943,352438,353717,I,D,73+74,Land_nicht_,1560,353717,355277,8,46+55+56+57+58+71+74+75+76,5,355277,357726,I,75+76+77,kultiviert_wird._,False,False,False,2,False,False,False,2,2,False,False,False,2,2,2,False,Land nicht,1.0,100.0
SG12,P19_T6,P19,109,943,355277,357726,I,D,75+76+77,kultiviert_wird._,5788,357726,363514,27,0+48+55+56+57+58+59+66+67+68+69+71+72+73+74+75+76+77+78+82+84+104,3,363514,369613,I,78+79+80+81+82+83+84+85+86,Jäger-und-Sammler-Gesellschaften_haben_auch_,False,False,False,2,False,False,False,2,2,False,False,False,2,2,2,False,kultiviert wird .,1.0,94.0
SG12,P19_T6,P19,110,943,363514,369613,I,D,78+79+80+81+82+83+84+85+86,Jäger-und-Sammler-Gesellschaften_haben_auch_,8331,369613,377944,56,0+60+67+68+69+70+71+72+73+74+75+76+84+85+86+87+91+97+105+106+107+133,23,377944,379239,I,87,häufig,False,False,False,2,False,False,False,2,2,False,False,False,2,2,2,False,Jäger - und - Sammler - Gesellschaften haben auch,1.0,88.0
SG12,P19_T6,P19,111,943,377944,379239,I,D,87,häufig,1170,379239,380409,8,0+70+71+74+75+76+84+86+87,1,380409,381157,I,87+88,_keine_,True,False,False,2,False,False,False,2,2,False,False,False,2,2,2,False,häufig,1.0,100.0
SG12,P19_T6,P19,112,943,380409,381157,I,D,87+88,_keine_,2481,381157,383638,14,0+67+86+87+88,10,383638,394449,I,100+89+90+91+92+93+94+95+96+97+98+99,"hierarchischen_sozialen_Strukturen,_obwohl_das_nicht_immer_der_Fall_ist._",False,False,False,2,False,False,False,2,2,False,False,False,2,2,2,False,häufig keine,1.0,100.0
SG12,P19_T6,P19,113,943,383638,394449,I,D,100+89+90+91+92+93+94+95+96+97+98+99,"hierarchischen_sozialen_Strukturen,_obwohl_das_nicht_immer_der_Fall_ist._",12948,394449,407397,68,0+78+82+84+86+90+91+93+95+96+97+98+101+102+103+104+105+106+107+109+112+114+116+117+119+134+137+138+139+140+141+142+143,7,407397,416944,I,101+102+103+104+105+106+107+108+109+110+111,"Da_Jäger_und_Sammler_als_Nomaden_leben,_haben_sie_meistens_",False,False,False,2,False,False,False,2,2,False,False,False,2,2,2,False,". hierarchischen sozialen Strukturen , obwohl das nicht immer der Fall ist",1.0,99.0
SG12,P19_T6,P19,114,943,407397,416944,I,D,101+102+103+104+105+106+107+108+109+110+111,"Da_Jäger_und_Sammler_als_Nomaden_leben,_haben_sie_meistens_",2512,416944,419456,12,29+30+88+109+110+113+114+116+117,2,419456,422685,C,112+113+114+115,"nicht_die_Mögliche[e]keit,_",False,False,False,2,False,False,False,2,2,False,False,False,2,2,2,False,"Da Jäger und Sammler als Nomaden leben , haben sie meistens",1.0,98.0
SG12,P19_T6,P19,115,943,419456,422685,C,D,112+113+114+115,"nicht_die_Mögliche[e]keit,_",5834,422685,428519,28,93+95+114+116+117,3,428519,433839,C,116+117+118,Lebensmittelvorräte_ein7[7]zulagern._,False,False,False,2,False,False,False,2,2,False,False,False,2,2,2,False,"nicht die Möglichkeit ,",1.0,95.0
SG12,P19_T6,P19,116,943,428519,433839,C,D,116+117+118,Lebensmittelvorräte_ein7[7]zulagern._,21044,433839,454883,92,0+112+113+117+118+119+122+123+124+125+126+128+130+131+132+134+137+138+139+140+141+142+143+144,4,454883,455476,I,119,Daher_,False,False,False,2,False,False,False,2,2,False,False,False,2,2,2,False,Lebensmittelvorräte einzulagern .,1.0,97.0
SG12,P19_T6,P19,117,943,454883,455476,I,D,119,Daher_,10234,455476,465710,51,0+98+100+101+102+111+114+118+119+120+122+126+128+131+132+133+135+137+138+139+140+141+143+144,8,465710,466708,I,120,kommen_,False,False,False,2,False,False,False,2,2,False,False,False,2,2,2,False,Daher,1.0,100.0
SG12,P19_T6,P19,118,943,465710,466708,I,D,120,kommen_,3167,466708,469875,14,113+114+117+119+121+137+138+139+140+141+143,0,469875,477706,C,121+122+123+124+125+126+127+128,in_H[H]Jä#[#]ger-und-Sammler-Gesellschaften_,False,False,False,2,False,False,False,2,2,False,False,False,2,2,2,False,kommen,1.0,100.0
SG12,P19_T6,P19,119,943,469875,477706,C,D,121+122+123+124+125+126+127+128,in_H[H]Jä#[#]ger-und-Sammler-Gesellschaften_,6053,477706,483759,32,119+120+121+122+126+128+130+132+135+137+138+139+140+141+143,13,483759,484446,I,129,kaum_,False,False,False,2,False,False,False,2,2,False,False,False,2,2,2,False,in Jäger - und - Sammler - Gesellschaften,1.0,83.0
SG12,P19_T6,P19,120,943,483759,484446,I,D,129,kaum_,33602,484446,518048,154,0+1+15+37+82+89+101+102+103+104+105+107+108+109+111+112+114+119+120+122+123+124+125+126+128+129+130+132+134+135+137+138+139+140+141+142+143,4,518048,519249,I,129,Vollzeit,True,False,False,2,False,False,False,2,2,True,False,False,1,2,2,False,kaum,1.0,100.0
SG12,P19_T6,P19,121,943,518048,519249,I,D,129,Vollzeit,2918,519249,522167,15,126+129+134+137+138+139+140+141+142+143,8,522167,522167,I,129,-,True,False,False,2,False,False,False,2,2,True,False,False,1,2,2,False,kaum,0.0,0.0
SG12,P19_T6,P19,122,943,522167,522167,I,D,129,-,28626,522167,550793,63,13+18+33+59+89+101+109+111+113+114+117+119+120+128+129+130+134+135+136+137+138+139+140+141+142+143+144,10,550793,552025,D,129,[-tiezlloV,True,False,False,2,True,False,False,1,2,True,False,False,1,2,2,False,kaum,,
SG12,P19_T6,P19,123,943,550793,552025,D,D,129,[-tiezlloV,1030,552025,553055,4,68+89+129,2,553055,553367,I,130,Bür,False,False,False,2,False,False,False,2,2,False,False,False,2,2,2,False,kaum,0.0,0.0
SG12,P19_T6,P19,124,943,553055,553367,I,D,130,Bür,998,553367,554365,8,114,0,554365,559155,C,130+131,"okraten,_Künstler[reltsnüK",True,False,False,2,True,False,False,1,2,True,False,False,1,2,2,False,Bürokraten,1.0,100.0
SG12,P19_T6,P19,125,943,554365,559155,C,D,130+131,"okraten,_Künstler[reltsnüK",4804,559155,563959,38,82+87+89+90+91+101+104+105+106+107+112+113+114+116+130+132+133+144,6,563959,565488,I,132,Handwerker,False,False,False,2,False,False,False,2,2,False,False,False,2,2,2,False,"Bürokraten ,",0.0,67.0
SG12,P19_T6,P19,126,943,563959,565488,I,D,132,Handwerker,1155,565488,566643,6,130+133+137+138+139+140+141+143+144,0,566643,567298,I,132+133,_oder,True,False,False,2,False,False,False,2,2,False,False,False,2,2,2,False,Handwerker,1.0,100.0
SG12,P19_T6,P19,127,943,566643,567298,I,D,132+133,_oder,1092,567298,568390,9,133+134+142,8,568390,574552,C,133+134+135+136+137+138+139+140,"_Personen_vor,_die_ihre_gesamte_zei[iez]Zeit",True,False,False,2,True,False,False,1,2,True,False,False,1,2,2,False,Handwerker oder,1.0,100.0
SG12,P19_T6,P19,128,943,568390,574552,C,D,133+134+135+136+137+138+139+140,"_Personen_vor,_die_ihre_gesamte_zei[iez]Zeit",2090,574552,576642,17,0+134+137+138+139+140+141+142+143,16,576642,576642,I,140,_,True,False,False,2,False,False,False,2,2,True,True,False,1,1,2,False,"oder Personen vor , die ihre gesamte Zeit",1.0,97.0
SG12,P19_T6,P19,129,943,576642,576642,I,D,140,_,2340,576642,578982,8,137+138+139+140+141+143,8,578982,579435,I,140,der_,True,False,False,2,False,False,False,2,2,True,True,False,1,1,2,False,Zeit,,
SG12,P19_T6,P19,130,943,578982,579435,I,D,140,der_,2558,579435,581993,11,137+138+139+140+141+143,11,581993,586720,C,140+141+142+143,[_red]als_Anführer_verbringen,True,True,True,1,True,False,False,1,2,True,True,False,1,1,2,False,Zeit,0.0,33.0
SG12,P20_T2,P20,1,997,17909,17909,I,D,1,F,1124,17909,19033,4,1+160,3,19033,28954,C,1+2+3+4,[F]Steigende_Lebenshaltungskosten_treffen_FAmi[imA]amilien_,True,False,False,2,True,False,False,1,2,True,False,False,1,2,2,False,Steigende,,
SG12,P20_T2,P20,2,997,19033,28954,C,D,1+2+3+4,[F]Steigende_Lebenshaltungskosten_treffen_FAmi[imA]amilien_,1092,28954,30046,7,1+4,7,30046,32776,I,5+6,Britische_Familien,False,False,False,2,False,False,False,2,2,False,False,False,2,2,2,False,Steigende Lebenshaltungskosten treffen Familien,1.0,100.0
SG12,P20_T2,P20,3,997,30046,32776,I,D,5+6,Britische_Familien,1342,32776,34118,7,1+2+4,0,34118,34679,I,6+7,_müs,True,False,False,2,False,False,False,2,2,False,False,False,2,2,2,False,Britische Familien,1.0,100.0
SG12,P20_T2,P20,4,997,34118,34679,I,D,6+7,_müs,1529,34679,36208,9,4+7,1,36208,36926,I,7,sen_,True,False,False,2,False,False,False,2,2,False,False,False,2,2,2,False,Familien müssen,1.0,100.0
SG12,P20_T2,P20,5,997,36208,36926,I,D,7,sen_,998,36926,37924,5,1+2+4,0,37924,40264,I,8,31.000_,False,False,False,2,False,False,False,2,2,False,False,False,2,2,2,False,müssen,1.0,100.0
SG12,P20_T2,P20,6,997,37924,40264,I,D,8,31.000_,9485,40264,49749,14,1+4+8+9,1,49749,49749,I,9,£,False,False,False,2,False,False,False,2,2,False,False,False,2,2,2,False,31.000,1.0,100.0
SG12,P20_T2,P20,7,997,49749,49749,I,D,9,£,2403,49749,52152,14,1+4,0,52152,57019,I,10+11+12+13+9,_mehr_pro_Jahr_ausgebe,True,False,False,2,False,False,False,2,2,False,False,False,2,2,2,False,£,,
SG12,P20_T2,P20,8,997,52152,57019,I,D,10+11+12+13+9,_mehr_pro_Jahr_ausgebe,1092,57019,58111,4,11+12+19,3,58111,58111,I,13,n,True,False,False,2,False,False,False,2,2,False,False,False,2,2,2,False,mehr pro Jahr ausgeben £,1.0,100.0
SG12,P20_T2,P20,9,997,58111,58111,I,D,13,n,1529,58111,59640,7,11+12+13+14+15+19,3,59640,66956,I,14+15+16+17+18+19+20,",_da_die_Preise_für_Lebensmittel_und",False,False,False,2,False,False,False,2,2,False,False,False,2,2,2,False,ausgeben,,
SG12,P20_T2,P20,10,997,59640,66956,I,D,14+15+16+17+18+19+20,",_da_die_Preise_für_Lebensmittel_und",999,66956,67955,6,19+21+23+24,3,67955,69515,I,20+21,_Benzin_,True,False,False,2,False,False,False,2,2,False,False,False,2,2,2,False,", da die Preise für Lebensmittel und",1.0,100.0
SG12,P20_T2,P20,11,997,67955,69515,I,D,20+21,_Benzin_,31465,69515,100980,137,1+4+19,0,100980,101323,I,22,skd,False,False,False,2,False,False,False,2,2,False,False,False,2,2,2,False,und Benzin,1.0,100.0
SG12,P20_T2,P20,12,997,100980,101323,I,D,22,skd,1045,101323,102368,1,20,0,102368,102571,D,22,[dk,True,False,False,2,True,False,False,1,2,True,False,False,1,2,2,False,stärker,0.0,33.0
SG12,P20_T2,P20,13,997,102368,102571,D,D,22,[dk,13120,102571,115691,59,1+4+5+11+19,0,115691,130901,C,22+23+24+25+26+27+28+29+30+31+32+33+34+35+36,tärker_gestiegen_sind_als_in_den_letzten_17_Jahren._Die_Pri[i]eise_in_den_Supermärkten,True,False,False,2,True,False,False,1,2,True,False,False,1,2,2,False,stärker,0.0,33.0
SG12,P20_T2,P20,14,997,115691,130901,C,D,22+23+24+25+26+27+28+29+30+31+32+33+34+35+36,tärker_gestiegen_sind_als_in_den_letzten_17_Jahren._Die_Pri[i]eise_in_den_Supermärkten,2418,130901,133319,11,35+36+38+39+41,3,133319,144894,C,36+37+38+39+40+41+42+43,_sind_im_letzten_jahr[rhaj]HJ[JH]Jahr_alarmierend_gestiegen.,True,False,False,2,True,False,False,1,2,True,False,False,1,2,2,False,stärker gestiegen sind als in den letzten 17 Jahren . Die Preise in den Supermärkten,1.0,99.0
SG12,P20_T2,P20,15,997,133319,144894,C,D,36+37+38+39+40+41+42+43,_sind_im_letzten_jahr[rhaj]HJ[JH]Jahr_alarmierend_gestiegen.,3183,144894,148077,17,1+4+8+11+41+160,1,148077,148077,I,93,_,False,False,False,2,False,False,False,2,2,False,False,False,2,2,2,False,Supermärkten sind im letzten Jahr alarmierend angestiegen .,1.0,95.0
SG12,P20_T2,P20,16,997,148077,148077,I,D,93,_,5101,148077,153178,6,40+41+44,0,153178,153303,I,42,an,False,False,False,2,False,False,False,2,2,True,True,False,1,1,2,False,als,,
SG12,P20_T2,P20,17,997,153178,153303,I,D,42,an,3432,153303,156735,13,32+33+35+36+39+40+41+43+44,0,156735,158716,I,43+44,_Analysten_,False,False,False,2,False,False,False,2,2,False,False,False,2,2,2,False,angestiegen,1.0,100.0
SG12,P20_T2,P20,18,997,156735,158716,I,D,43+44,_Analysten_,2917,158716,161633,11,13+16+17+18+21+22+23+24+25+42,0,161633,161898,I,93,wa,False,False,False,2,False,False,False,2,2,False,False,False,2,2,2,False,. Analysten,1.0,100.0
SG12,P20_T2,P20,19,997,161633,161898,I,D,93,wa,6490,161898,168388,14,1+4+13,0,168388,168560,D,93,[aw,True,False,False,2,True,False,False,1,2,True,True,False,1,1,2,False,als,0.0,50.0
SG12,P20_T2,P20,20,997,168388,168560,D,D,93,[aw,5709,168560,174269,16,1+16+17+18+22+23+24+25+29+37+41+42,0,174269,191382,C,45+46+47+48+49+50+51+52+53+54+55+56+57+58+59+60+61+62+63+93,"haben_davor_gewarnt,_dass_die_Preise_weiter_steigen_werden,_so_dass_es_für_die_A[A]Bank_of_England",True,False,False,2,True,False,False,1,2,True,True,False,1,1,2,False,als,0.0,33.0
SG12,P20_T2,P20,21,997,174269,191382,C,D,45+46+47+48+49+50+51+52+53+54+55+56+57+58+59+60+61+62+63+93,"haben_davor_gewarnt,_dass_die_Preise_weiter_steigen_werden,_so_dass_es_für_die_A[A]Bank_of_England",6147,191382,197529,21,4+64,0,197529,200072,I,63+64+65+66,"_schwierig_wird,_",True,False,False,2,False,False,False,2,2,True,True,False,1,1,2,False,"haben davor gewarnt , dass die Preise weiter steigen werden , so dass es für die Bank of England als",1.0,98.0
SG12,P20_T2,P20,22,997,197529,200072,I,D,63+64+65+66,"_schwierig_wird,_",8174,200072,208246,34,1+4+38+39+40+41+42+44+64,1,208246,211772,I,67+68+69+71,den_Zinssatz_zu_halten,False,False,False,2,False,False,False,2,2,False,False,False,2,2,2,False,"England schwierig wird ,",1.0,93.0
SG12,P20_T2,P20,23,997,208246,211772,I,D,67+68+69+71,den_Zinssatz_zu_halten,2870,211772,214642,10,0+48+49+73+74+82,0,214642,215875,I,71+72+73,",_um_die",True,False,False,2,False,False,False,2,2,False,False,False,2,2,2,False,"den Zinssatz zu ,",1.0,94.0
SG12,P20_T2,P20,24,997,214642,215875,I,D,71+72+73,",_um_die",3744,215875,219619,14,1+4+50+51,0,219619,222427,C,73+74+75+93,_Ink[k]flation_und_,True,False,False,2,True,False,False,1,2,True,False,False,1,2,2,False,", um die",1.0,100.0
SG12,P20_T2,P20,25,997,219619,222427,C,D,73+74+75+93,_Ink[k]flation_und_,2621,222427,225048,14,1+4+46+47+48+49+50+51+76,0,225048,233924,I,76+77+78+79+80+81+82+83,die_wirtschaftliche_Situation_unter_Kontrolle_zu_halten._,False,False,False,2,False,False,False,2,2,True,True,False,1,1,2,False,die Inflation und als,1.0,100.0
SG12,P20_T2,P20,26,997,225048,233924,I,D,76+77+78+79+80+81+82+83,die_wirtschaftliche_Situation_unter_Kontrolle_zu_halten._,16458,233924,250382,54,1+4+71+72+81,1,250382,255499,C,84+85+86+87+93,"Noch_schlimme_ris[sir]r[r_e]r[r]er_ist,_",False,True,False,2,False,False,False,2,2,False,False,False,2,2,2,False,die wirtschaftliche Situation unter Kontrolle zu halten .,1.0,98.0
SG12,P20_T2,P20,27,997,260819,267683,I,D,88+89+90+91+92+93,"dass_die_Preise_schneller_steigen,_",2106,267683,269789,7,0+67+68+75+77+78,0,269789,270023,C,92+93,"[_,]_",True,False,False,2,True,False,False,1,2,True,False,False,1,2,2,False,dass die Preise schneller steigen als,1.0,97.0
SG12,P20_T2,P20,28,997,269789,270023,C,D,92+93,"[_,]_",17113,270023,287136,42,1+4+75+77+78,0,287136,287136,I,93,a,True,False,False,2,False,False,False,2,2,True,False,False,1,2,2,False,steigen als,,
SG12,P20_T2,P20,29,997,287136,287136,I,D,93,a,1466,287136,288602,3,75+91+92+93,2,288602,289024,I,93,ls,True,False,False,2,False,False,False,2,2,True,False,False,1,2,2,False,als,,
SG12,P20_T2,P20,30,997,288602,289024,I,D,93,ls,6567,289024,295591,2,91+92+93,2,295591,295591,I,93,_,True,False,False,2,False,False,False,2,2,True,False,False,1,2,2,False,als,1.0,100.0
SG12,P20_T2,P20,31,997,295591,295591,I,D,93,_,35865,295591,331456,84,1+76+108+109,0,331456,332158,C,93+94,[_]die_,True,False,False,2,True,False,False,1,2,True,False,False,1,2,2,False,als,,
SG12,P20_T2,P20,32,997,331456,332158,C,D,93+94,[_]die_,1076,332158,333234,3,94+95,3,333234,337306,C,94+95,Läh[häL]Gehöl[lö,True,False,False,2,True,False,False,1,2,True,False,False,1,2,2,False,als die,1.0,100.0
SG12,P20_T2,P20,33,997,333234,337306,C,D,94+95,Läh[häL]Gehöl[lö,1404,337306,338710,8,91+92+93+94+95,5,338710,340987,I,95+96,älter_steigen,True,False,False,2,False,False,False,2,2,False,False,False,2,2,2,False,die Gehälter,0.0,50.0
SG12,P20_T2,P20,34,997,338710,340987,I,D,95+96,älter_steigen,4322,340987,345309,26,1+4+75+84+85+86+89+90+91+92+93+94+95+96,2,345309,348023,I,96+97+98+99,",_das_gilt_besonders",True,False,False,2,False,False,False,2,2,True,False,False,1,2,2,False,"Gehälter ,",0.0,60.0
SG12,P20_T2,P20,35,997,345309,348023,I,D,96+97+98+99,",_das_gilt_besonders",2153,348023,350176,10,1+4+97+98+99+100,1,350176,354606,I,100+101+102+103+99,_für_die_Gehälter_von_,True,False,False,2,False,False,False,2,2,True,False,False,1,2,2,False,", das gilt insbesondere",1.0,85.0
SG12,P20_T2,P20,36,997,350176,354606,I,D,100+101+102+103+99,_für_die_Gehälter_von_,4587,354606,359193,17,1+4+50+51+103,1,359193,366400,C,103+104+105+106,kra[ark]kra[ark]Krankenschwestern_und_anderen,True,False,False,2,True,False,False,1,2,True,False,False,1,2,2,False,für die Gehälter von insbesondere,1.0,100.0
SG12,P20_T2,P20,37,997,359193,366400,C,D,103+104+105+106,kra[ark]kra[ark]Krankenschwestern_und_anderen,17207,366400,383607,64,1+4,0,383607,384293,I,106,_P,True,False,False,2,False,False,False,2,2,True,False,False,1,2,2,False,von Krankenschwestern und anderen,1.0,100.0
SG12,P20_T2,P20,38,997,383607,384293,I,D,106,_P,16131,384293,400424,39,1+4+104,0,400424,400424,D,106,[P,True,False,False,2,True,False,False,1,2,True,False,False,1,2,2,False,anderen,,
SG12,P20_T2,P20,39,997,400424,400424,D,D,106,[P,2387,400424,402811,12,1+4+104,0,402811,408801,C,107+108+109,Bediensteet[te]ten_im_Gesundheitssektor,False,False,False,2,False,False,False,2,2,False,False,False,2,2,2,False,anderen,0.0,0.0
SG12,P20_T2,P20,40,997,402811,408801,C,D,107+108+109,Bediensteet[te]ten_im_Gesundheitssektor,4852,408801,413653,20,110+111+112+113+115+117+118+119+120+121+122+125+127,0,413653,413653,I,110,",",False,False,False,2,False,False,False,2,2,False,False,False,2,2,2,False,Bediensteten im Gesundheitssektor,1.0,100.0
SG12,P20_T2,P20,41,997,413653,413653,I,D,110,",",2121,413653,415774,10,107+111+113+116+127,0,415774,415774,I,110,_,True,False,False,2,False,False,False,2,2,False,False,False,2,2,2,False,",",,
SG12,P20_T2,P20,42,997,415774,415774,I,D,110,_,44289,415774,460063,167,1+4+89+90+91+92+93+111,0,460063,462933,I,111+112+113,die_darunter_leiden,False,False,False,2,False,False,False,2,2,False,False,False,2,2,2,False,",",,
SG12,P20_T2,P20,43,997,460063,462933,I,D,111+112+113,die_darunter_leiden,3058,462933,465991,13,89+90+91+92+93+112+113,3,465991,469657,I,114+115+116+117,",_dass_die_Regierung",False,False,False,2,False,False,False,2,2,False,False,False,2,2,2,False,die darunter leiden,1.0,100.0
SG12,P20_T2,P20,44,997,465991,469657,I,D,114+115+116+117,",_dass_die_Regierung",1404,469657,471061,8,117+142+144+145+146+147,2,471061,474634,I,117+118+119+120+121,"_darauf_beharrt,_da",True,False,False,2,False,False,False,2,2,False,False,False,2,2,2,False,", dass die Regierung",1.0,100.0
SG12,P20_T2,P20,45,997,471061,474634,I,D,117+118+119+120+121,"_darauf_beharrt,_da",1731,474634,476365,9,115+117+118+119+120+121+127,6,476365,477676,I,121,ss_,True,False,False,2,False,False,False,2,2,False,False,False,2,2,2,False,"Regierung darauf beharrt , dass",1.0,94.0
SG12,P20_T2,P20,46,997,476365,477676,I,D,121,ss_,2262,477676,479938,7,118+119+122+125+126+127,0,479938,484493,I,125,Angestellte_der_öffentlichen_Hand,False,False,False,2,False,False,False,2,2,False,False,False,2,2,2,False,dass,1.0,100.0
SG12,P20_T2,P20,47,997,479938,484493,I,D,125,Angestellte_der_öffentlichen_Hand,8595,484493,493088,40,1+94+95+97+98+99+100+101+102+122+125,1,493088,499750,C,125+126+127+128,[dnaH_nehciltneffö_red]im_lö[öl]öffentlichen_Dienst,True,True,True,1,True,True,True,1,1,True,True,True,1,1,1,False,Angestellten,1.0,92.0
SG12,P20_T2,P20,48,997,506973,506973,I,D,128,_,4321,506973,511294,7,118+119+120+121+122+125,0,511294,514398,I,122+123+124,die_Gehälter_von_,False,False,False,2,False,False,False,2,2,False,False,False,2,2,2,False,Dienst,,
SG12,P20_T2,P20,49,997,511294,514398,I,D,122+123+124,die_Gehälter_von_,2980,514398,517378,5,108+109+113+123+124,1,517378,517378,I,125,n,False,False,False,2,False,False,False,2,2,False,False,False,2,2,2,False,die Gehälter von,1.0,100.0
SG12,P20_T2,P20,50,997,517378,517378,I,D,125,n,5943,517378,523321,32,1+4+108+109+110+111+112,0,523321,525599,I,129+130,geringer_ansteigen,False,False,False,2,False,False,False,2,2,False,False,False,2,2,2,False,Angestellten,,
SG12,P20_T2,P20,51,997,523321,525599,I,D,129+130,geringer_ansteigen,3791,525599,529390,16,1+4+130,1,529390,530045,I,130+132,_als_,True,False,False,2,False,False,False,2,2,False,False,False,2,2,2,False,geringer ansteigen,1.0,100.0
SG12,P20_T2,P20,52,997,529390,530045,I,D,130+132,_als_,1856,530045,531901,2,1,0,531901,534990,I,133+134+136,die_Inflation._,False,False,False,2,False,False,False,2,2,False,False,False,2,2,2,False,ansteigen als,1.0,100.0
SG12,P20_T2,P20,53,997,531901,534990,I,D,133+134+136,die_Inflation._,3074,534990,538064,14,0+129+132+133+134+135+137+138+139+141+146+147,3,538064,539748,I,137+138,Zusätzlich_zu_,False,False,False,2,False,False,False,2,2,False,False,False,2,2,2,False,die Inflation .,1.0,93.0
SG12,P20_T2,P20,54,997,538064,539748,I,D,137+138,Zusätzlich_zu_,1295,539748,541043,4,137+140,3,541043,543149,I,141,Lebensmitteln_und_,False,False,False,2,False,False,False,2,2,False,False,False,2,2,2,False,Zusätzlich zu,1.0,100.0
SG12,P20_T2,P20,55,997,541043,543149,I,D,141,Lebensmitteln_und_,2808,543149,545957,15,122+125+128+137+138+139+140+141,3,545957,546503,D,141,[_dnu_,True,False,False,2,True,False,False,1,2,True,False,False,1,2,2,False,Lebensmitteln,1.0,100.0
SG12,P20_T2,P20,56,997,545957,546503,D,D,141,[_dnu_,4306,546503,550809,14,137+138+141,8,550809,552119,I,139+140,Benzin_und_,False,False,False,2,False,False,False,2,2,False,False,False,2,2,2,False,Lebensmitteln,0.0,20.0
SG12,P20_T2,P20,57,997,550809,552119,I,D,139+140,Benzin_und_,5694,552119,557813,21,0+137+138+140+141+146+147,3,557813,558250,I,141+142,",_st",False,False,False,2,False,False,False,2,2,False,False,False,2,2,2,False,Benzin und,1.0,100.0
SG12,P20_T2,P20,58,997,557813,558250,I,D,141+142,",_st",2044,558250,560294,13,137+139+141+144+145+146+147,2,560294,564880,C,142+143+144+145+146,eigen_auch_die_Rechniu[ui]ungen_für,True,False,False,2,True,False,False,1,2,True,False,False,1,2,2,False,Lebensmitteln steigen,1.0,75.0
SG12,P20_T2,P20,59,997,560294,564880,C,D,142+143+144+145+146,eigen_auch_die_Rechniu[ui]ungen_für,1420,564880,566300,7,4+117,0,566300,569997,C,146+147,_Elekti[i]rizität,True,False,False,2,True,False,False,1,2,True,False,False,1,2,2,False,steigen auch die Rechnungen für,1.0,100.0
SG12,P20_T2,P20,60,997,566300,569997,C,D,146+147,_Elekti[i]rizität,3151,569997,573148,7,146+147+148,2,573148,573148,I,148,.,False,False,False,2,False,False,False,2,2,False,False,False,2,2,2,False,für Elektrizität,1.0,100.0
SG12,P20_T2,P20,61,997,573148,573148,I,D,148,.,3651,573148,576799,19,1+4+79+148,1,576799,576799,I,148,_,True,False,False,2,False,False,False,2,2,False,False,False,2,2,2,False,.,,
SG12,P20_T2,P20,62,997,576799,576799,I,D,148,_,6973,576799,583772,25,1+4+149,0,583772,593038,C,149+150+151+152+153,Fünd[d]f_der_sechs_grl[l]ößten_Stromkonzerne,False,False,False,2,False,False,False,2,2,False,False,False,2,2,2,False,.,,
SG12,P20_T2,P20,63,997,583772,593038,C,D,149+150+151+152+153,Fünd[d]f_der_sechs_grl[l]ößten_Stromkonzerne,4134,593038,597172,10,153+157+158+159+160,3,597172,598124,I,153+154,_habe,True,False,False,2,False,False,False,2,2,False,False,False,2,2,2,False,Fünf der sechs größten Stromkonzerne,1.0,100.0
SG12,P20_T2,P20,64,997,597172,598124,I,D,153+154,_habe,1248,598124,599372,7,153+154+155+156+158,2,599372,599575,I,154,n_,True,False,False,2,False,False,False,2,2,False,False,False,2,2,2,False,Stromkonzerne haben,1.0,100.0
SG12,P20_T2,P20,65,997,599372,599575,I,D,154,n_,1794,599575,601369,9,1+4+154,1,601369,605986,I,155+156,die_Rechnungen_der_Verbraucher,False,False,False,2,False,False,False,2,2,False,False,False,2,2,2,False,haben,,
SG12,P20_T2,P20,66,997,601369,605986,I,D,155+156,die_Rechnungen_der_Verbraucher,1311,605986,607297,7,4+137+155+156+157,2,607297,614286,C,156+157+158+159+160,[rehcuarbreV_red]ihrer_Kunden_erhöht.,True,True,True,1,True,True,True,1,1,True,True,True,1,1,1,False,die Rechnungen,1.0,100.0
SG12,P20_T5,P20,67,1790,57814,66035,C,D,1+2+3+4+5,Sozu[u]ioll[l]ogie_ist_ein_[_]e_relativ_neue,7691,66035,73726,34,4+5+6+7,28,73726,79592,I,5+6+7+8,_akademische_Fachrichtung._,True,False,False,2,False,False,False,2,2,False,False,False,2,2,2,False,Soziologie ist eine relativ neue,1.0,100.0
SG12,P20_T5,P20,68,1790,73726,79592,I,D,5+6+7+8,_akademische_Fachrichtung._,6552,79592,86144,27,1+8+9+10+11+12+13+16+17+18,1,86144,87953,I,10+9,Sie_entstand,False,False,False,2,False,False,False,2,2,False,False,False,2,2,2,False,neue akademische Fachrichtung .,1.0,96.0
SG12,P20_T5,P20,69,1790,86144,87953,I,D,10+9,Sie_entstand,4244,87953,92197,19,10+11+12+13+15,7,92197,96377,I,10+11+12+13+14,_zu_Beginn_des_19,True,False,False,2,False,False,False,2,2,False,False,False,2,2,2,False,entstand Sie,0.0,67.0
SG12,P20_T5,P20,70,1790,92197,96377,I,D,10+11+12+13+14,_zu_Beginn_des_19,3198,96377,99575,15,12+13+14+15,14,99575,114271,C,15+16+17+18+19+20+21+22+23+24,._Jahrth[ht]hunderts_als_Antwort_auf_die_Herausforderungen_der_Moderne._,False,False,False,2,False,False,False,2,2,False,False,False,2,2,2,False,entstand zu Beginn des 19,1.0,100.0
SG12,P20_T5,P20,71,1790,99575,114271,C,D,15+16+17+18+19+20+21+22+23+24,._Jahrth[ht]hunderts_als_Antwort_auf_die_Herausforderungen_der_Moderne._,13821,114271,128092,51,1+25+26,0,128092,136875,I,25+26+27+28+29,Die_steigende_Mobilität_und_technologische_,False,False,False,2,False,False,False,2,2,False,False,False,2,2,2,False,. Jahrhunderts als Antwort auf die Herausforderungen der Moderne .,1.0,98.0
SG12,P20_T5,P20,72,1790,128092,136875,I,D,25+26+27+28+29,Die_steigende_Mobilität_und_technologische_,7956,136875,144831,29,1+29,2,144831,146391,I,30,Fortschritte,False,False,False,2,False,False,False,2,2,False,False,False,2,2,2,False,Die steigende Mobilität und technologische,1.0,100.0
SG12,P20_T5,P20,73,1790,144831,146391,I,D,30,Fortschritte,14056,146391,160447,61,1+30,1,160447,163255,I,30+31,_führten_,True,False,False,2,False,False,False,2,2,False,False,False,2,2,2,False,Fortschritte,1.0,100.0
SG12,P20_T5,P20,74,1790,160447,163255,I,D,30+31,_führten_,2933,163255,166188,11,1+30,1,166188,167982,I,32+33+34,"dazu,_dass",False,False,False,2,False,False,False,2,2,False,False,False,2,2,2,False,Fortschritte führten,1.0,100.0
SG12,P20_T5,P20,75,1790,166188,167982,I,D,32+33+34,"dazu,_dass",3510,167982,171492,16,1+31+34,1,171492,171492,I,34,_,True,False,False,2,False,False,False,2,2,False,False,False,2,2,2,False,"dazu , dass",1.0,90.0
SG12,P20_T5,P20,76,1790,171492,171492,I,D,34,_,1810,171492,173302,7,1+31+34,1,173302,174674,I,35+36,die_Menschen,False,False,False,2,False,False,False,2,2,False,False,False,2,2,2,False,dass,,
SG12,P20_T5,P20,77,1790,173302,174674,I,D,35+36,die_Menschen,5944,174674,180618,30,1+17,0,180618,184877,I,38+39+40,_anderen_Kulturen_und_,False,False,False,2,False,False,False,2,2,False,False,False,2,2,2,False,die Menschen,1.0,100.0
SG12,P20_T5,P20,78,1790,180618,184877,I,D,38+39+40,_anderen_Kulturen_und_,5226,184877,190103,15,1+41,0,190103,192458,I,41,Gesellschaften,False,False,False,2,False,False,False,2,2,True,False,False,1,2,2,False,mit Kulturen und,1.0,81.0
SG12,P20_T5,P20,79,1790,190103,192458,I,D,41,Gesellschaften,9251,192458,201709,41,1+30+31+32+34+40+41,5,201709,205890,I,41+45+46,"_ausgesetzt_wurden,_die_ni",True,False,False,2,False,False,False,2,2,False,False,False,2,2,2,False,Gesellschaften,1.0,100.0
SG12,P20_T5,P20,80,1790,201709,205890,I,D,41+45+46,"_ausgesetzt_wurden,_die_ni",2044,205890,207934,12,1,0,207934,212349,C,46+47+48+49+50+51+52,[in]anders_waren_als_die_eigene.,True,False,False,2,True,False,False,1,2,True,True,True,1,1,1,False,"Gesellschaften , die",0.0,60.0
SG12,P20_T5,P20,81,1790,207934,212349,C,D,46+47+48+49+50+51+52,[in]anders_waren_als_die_eigene.,5818,212349,218167,24,1+38,0,218167,220944,D,38,[neredna_,False,False,False,2,False,False,False,2,2,False,False,False,2,2,2,False,die anders waren als die eigene .,1.0,96.0
SG12,P20_T5,P20,82,1790,218167,220944,D,D,38,[neredna_,13760,220944,234704,60,1+17+18,0,234704,235125,I,36+38,_mit,True,False,False,2,False,False,False,2,2,True,False,False,1,2,2,False,mit,0.0,0.0
SG12,P20_T5,P20,83,1790,234704,235125,I,D,36+38,_mit,3822,235125,238947,14,39+40+41+92,0,238947,244672,C,42+43+44+45,[nedruw_tztesegsua]in_Kontakt_kamen,False,True,False,2,False,True,False,2,2,True,False,False,1,2,2,False,Menschen mit,1.0,100.0
SG12,P20_T5,P20,84,1790,254516,256154,C,D,37+38,mäu[uäm]h,2028,256154,258182,14,37+39+40+41,1,258182,259165,I,37,äufiger_,True,False,False,2,False,False,False,2,2,False,False,False,2,2,2,False,häufiger mit,,
SG12,P20_T5,P20,85,1790,258182,259165,I,D,37,äufiger_,5163,259165,264328,19,25+26+27+28+29+30+39+41+92+111,0,264328,264328,I,52,n,False,False,False,2,False,False,False,2,2,False,False,False,2,2,2,False,häufiger,1.0,100.0
SG12,P20_T5,P20,86,1790,264328,264328,I,D,52,n,24071,264328,288399,95,1+30+42+43+44+49+50+92,0,288399,288399,I,52,_,True,False,False,2,False,False,False,2,2,False,False,False,2,2,2,False,.,,
SG12,P20_T5,P20,87,1790,288399,288399,I,D,52,_,69467,288399,357866,235,1+42+43+44,0,357866,360565,I,53+54,Die_Auswirkungen_,False,False,False,2,False,False,False,2,2,False,False,False,2,2,2,False,.,,
SG12,P20_T5,P20,88,1790,357866,360565,I,D,53+54,Die_Auswirkungen_,1794,360565,362359,10,49+50+52+53+54+56+57+59,3,362359,367242,C,55+56,dieser_Koknt[tnk]ntakte,False,False,False,2,False,False,False,2,2,False,False,False,2,2,2,False,Die Auswirkungen,1.0,100.0
SG12,P20_T5,P20,89,1790,362359,367242,C,D,55+56,dieser_Koknt[tnk]ntakte,4196,367242,371438,16,1+40,0,371438,374028,I,56,_waren_unterschiedlich,True,False,False,2,False,False,False,2,2,True,True,True,1,1,1,False,dieser Kontakte,1.0,100.0
SG12,P20_T5,P20,90,1790,371438,374028,I,D,56,_waren_unterschiedlich,3838,374028,377866,18,1+12+13+28+30+31+34+56,1,377866,380611,C,56+57,[hcildeihcsretnu_neraw]vari,True,True,True,1,True,True,True,1,1,True,True,True,1,1,1,False,Kontakte,0.0,38.0
SG12,P20_T5,P20,91,1790,382405,383841,I,D,57+58,"ierten,_",14445,383841,398286,55,1+41,0,398286,404729,C,59+60+61+62,aberf[f]_für_manche_Menschen_bede,False,False,False,2,False,False,False,2,2,False,False,False,2,2,2,False,"variierten ,",1.0,86.0
SG12,P20_T5,P20,92,1790,398286,404729,C,D,59+60+61+62,aberf[f]_für_manche_Menschen_bede,6115,404729,410844,27,1+62,1,410844,416663,C,62+63+64,[edeb]enthield_[_d]t_es_,True,False,False,2,True,False,False,1,2,True,False,False,1,2,2,False,aber für manche Menschen,1.0,100.0
SG12,P20_T5,P20,93,1790,410844,416663,C,D,62+63+64,[edeb]enthield_[_d]t_es_,2153,416663,418816,10,1+46+47+48+63+64,1,418816,422264,C,65+66,dde[ed]en_Zusammenbruch,False,False,False,2,False,False,False,2,2,True,True,False,1,1,2,False,Menschen bedeutete dies,0.0,55.0
SG12,P20_T5,P20,94,1790,418816,422264,C,D,65+66,dde[ed]en_Zusammenbruch,5444,422264,427708,13,54+57+60+61+62+63+64+65+66,5,427708,428301,I,64,di,False,False,False,2,False,False,False,2,2,False,False,False,2,2,2,False,den Zusammenbruch,1.0,100.0
SG12,P20_T5,P20,95,1790,427708,428301,I,D,64,di,4992,428301,433293,13,61+62+63+64+65+66,3,433293,433293,I,66,_,False,False,False,2,False,False,False,2,2,False,False,False,2,2,2,False,dies,1.0,100.0
SG12,P20_T5,P20,96,1790,433293,433293,I,D,66,_,5678,433293,438971,15,56+63+64+66,3,438971,442029,C,63,[tleihtne]bedeutete,False,True,False,2,False,False,False,2,2,False,False,False,2,2,2,False,Zusammenbruch,,
SG12,P20_T5,P20,97,1790,447099,452465,I,D,67+68+69,traditioneller_NOrmen_und,3308,452465,455773,10,29+52+53+61+67+69,6,455773,456178,C,68,[O]o,True,False,False,2,True,False,False,1,2,True,False,False,1,2,2,False,traditioneller Normen und,1.0,100.0
SG12,P20_T5,P20,98,1790,455773,456178,C,D,68,[O]o,2964,456178,459142,12,1+49+50+51+54+67,0,459142,459142,I,69,_,False,False,False,2,False,False,False,2,2,False,False,False,2,2,2,False,Normen,,
SG12,P20_T5,P20,99,1790,459142,459142,I,D,69,_,58625,459142,517767,173,1+56+60+62+63+64+66+67,0,517767,518719,I,71,Zölle,False,False,False,2,False,False,False,2,2,False,False,False,2,2,2,False,und,,
SG12,P20_T5,P20,100,1790,517767,518719,I,D,71,Zölle,4103,518719,522822,19,1+68,0,522822,527845,C,71+72+73+74,_udn_[_nd]nd_führte_zu_einer,True,True,True,1,True,False,False,1,2,True,True,False,1,1,2,False,und,0.0,0.0
SG12,P20_T5,P20,101,1790,541901,544600,I,D,75+76,_Verständnis,6645,544600,551245,22,41+57+59+60+62+76+77+78+79,6,551245,559279,I,76+77+79+80+81,_davon_wie_die_Welt_funktioniert._,True,False,False,2,False,False,False,2,2,False,False,False,2,2,2,False,anderen Verständnis,1.0,100.0
SG12,P20_T5,P20,102,1790,551245,559279,I,D,76+77+79+80+81,_davon_wie_die_Welt_funktioniert._,4805,559279,564084,19,1+4+29+36+42+43+44+81,1,564084,566252,I,82,Soziologen,False,False,False,2,False,False,False,2,2,False,False,False,2,2,2,False,Verständnis vom der Welt .,0.0,46.0
SG12,P20_T5,P20,103,1790,564084,566252,I,D,82,Soziologen,15569,566252,581821,63,1+91,0,581821,581821,I,82,_,True,False,False,2,False,False,False,2,2,False,False,False,2,2,2,False,Soziologen,1.0,100.0
SG12,P20_T5,P20,104,1790,581821,581821,I,D,82,_,3620,581821,585441,10,71+72+73+75+81+82,4,585441,594551,C,83+84+85+86+87,reagierten_auf_diese_ÄNger[regN]nderungen_d,False,False,False,2,False,False,False,2,2,False,False,False,2,2,2,False,Soziologen,,
SG12,P20_T5,P20,105,1790,585441,594551,C,D,83+84+85+86+87,reagierten_auf_diese_ÄNger[regN]nderungen_d,4914,594551,599465,17,1+67+69+70,0,599465,605846,I,87+89+90+91,"amit,_dass_sie_versuchten_zu_verstehen",True,False,False,2,False,False,False,2,2,False,False,False,2,2,2,False,reagierten auf diese Änderungen mit,1.0,97.0
SG12,P20_T5,P20,106,1790,599465,605846,I,D,87+89+90+91,"amit,_dass_sie_versuchten_zu_verstehen",2028,605846,607874,9,91+93+94+95+96+97+98,3,607874,613926,I,92+93+95+96+97+98,",_was_soziale_Gruppen_zusamm",False,False,False,2,False,False,False,2,2,False,False,False,2,2,2,False,mit Versuch zu verstehen,1.0,88.0
SG12,P20_T5,P20,107,1790,607874,613926,I,D,92+93+95+96+97+98,",_was_soziale_Gruppen_zusamm",15476,613926,629402,41,1+128,0,629402,630244,C,93+95,[sa]ie,True,False,False,2,True,False,False,1,2,True,False,False,1,2,2,False,", wie Zusammenhalt sozialer Gruppen funktioniert",0.0,68.0
SG12,P20_T5,P20,108,1790,629402,630244,C,D,93+95,[sa]ie,2075,630244,632319,15,41+94+95+96+97+98,1,632319,634737,I,93+94+95,_der_Zusammenhalt,True,False,False,2,False,False,False,2,2,False,False,False,2,2,2,False,wie Zusammenhalt,1.0,100.0
SG12,P20_T5,P20,109,1790,632319,634737,I,D,93+94+95,_der_Zusammenhalt,2184,634737,636921,1,1,0,636921,636921,I,96,r,False,False,False,2,False,False,False,2,2,False,False,False,2,2,2,False,wie der Zusammenhalt,1.0,100.0
SG12,P20_T5,P20,110,1790,636921,636921,I,D,96,r,2278,636921,639199,7,1+96,3,639199,642490,C,98,funktionierte[zusamm,False,False,False,2,False,False,False,2,2,False,False,False,2,2,2,False,sozialer,,
SG12,P20_T5,P20,111,1790,639199,642490,C,D,98,funktionierte[zusamm,10967,642490,653457,51,1+75+76+78+79+80+82+83+94+95+96+98,3,653457,654159,I,100+98+99,_und_,True,False,False,2,False,False,False,2,2,False,False,False,2,2,2,False,funktioniert,1.0,100.0
SG12,P20_T5,P20,112,1790,653457,654159,I,D,100+98+99,_und_,17566,654159,671725,64,1+78+79+80,0,671725,675828,I,101+108,Lösungen_suchten,False,False,False,2,False,False,False,2,2,False,False,False,2,2,2,False,suchten funktioniert und,1.0,100.0
SG12,P20_T5,P20,113,1790,671725,675828,I,D,101+108,Lösungen_suchten,25537,675828,701365,88,1+99,0,701365,713533,C,102+103+104+105+106+107+108,für_den_Zusammnebruch_der_sozii[i]alen_Solidarität_,True,False,False,2,True,False,False,1,2,True,False,False,1,2,2,False,Lösungen .,1.0,90.0
SG12,P20_T5,P20,114,1790,701365,713533,C,D,102+103+104+105+106+107+108,für_den_Zusammnebruch_der_sozii[i]alen_Solidarität_,5429,713533,718962,8,106+107+108,8,718962,720631,C,104,[n]n,True,False,False,2,True,False,False,1,2,True,False,False,1,2,2,False,für den Zusammenbruch der sozialen Solidarität .,1.0,98.0
SG12,P20_T5,P20,115,1790,718962,720631,C,D,104,[n]n,5289,720631,725920,20,1+108,0,725920,725920,I,108,.,False,False,False,2,False,False,False,2,2,False,False,False,2,2,2,False,Zusammenbruch,,
SG12,P20_T5,P20,116,1790,725920,725920,I,D,108,.,3104,725920,729024,15,91+93+94+95+96+97+98+108,6,729024,735217,I,108+109+110+111,_Der_Begriff_Sozialogie,True,False,False,2,False,False,False,2,2,False,False,False,2,2,2,False,.,,
SG12,P20_T5,P20,117,1790,729024,735217,I,D,108+109+110+111,_Der_Begriff_Sozialogie,2543,735217,737760,6,107+108+111,5,737760,738290,C,111,[a]o,True,False,False,2,True,False,False,1,2,True,False,False,1,2,2,False,. Der Begriff Soziologie,1.0,95.0
SG12,P20_T5,P20,118,1790,737760,738290,C,D,111,[a]o,4743,738290,743033,17,1+108+110+111+114,2,743033,743033,I,111,_,True,False,False,2,False,False,False,2,2,False,False,False,2,2,2,False,Soziologie,,
SG12,P20_T5,P20,119,1790,743033,743033,I,D,111,_,22105,743033,765138,85,1+96+97+100,0,765138,771129,I,112+113+114+115+116,wurde_von_Auguste_Comte_(,False,False,False,2,False,False,False,2,2,False,False,False,2,2,2,False,Soziologie,,
SG12,P20_T5,P20,120,1790,765138,771129,I,D,112+113+114+115+116,wurde_von_Auguste_Comte_(,1996,771129,773125,15,82+107+112+113+114+115+142+144,8,773125,780582,I,117+118+119+120,1798-1857),False,False,False,2,False,False,False,2,2,False,False,False,2,2,2,False,wurde von Auguste Comte (,1.0,100.0
SG12,P20_T5,P20,121,1790,773125,780582,I,D,117+118+119+120,1798-1857),11388,780582,791970,56,1+112+115+128,0,791970,807368,C,120+121+122+123+124+125+126+127+128+129,_im_Jahr_1838_aus_dem_lati[i]einischen_Begriff_socius_(,True,False,False,2,True,False,False,1,2,True,False,False,1,2,2,False,1798 - 1857 ),1.0,80.0
SG12,P20_T5,P20,122,1790,791970,807368,C,D,120+121+122+123+124+125+126+127+128+129,_im_Jahr_1838_aus_dem_lati[i]einischen_Begriff_socius_(,6598,807368,813966,26,1+23+88+89+129,1,813966,826509,C,132+133+134+135+136+137+138,_und_dem_griecch[hc]hischen_Begriff_logia_(,False,False,False,2,False,False,False,2,2,False,False,False,2,2,2,False,) im Jahr 1838 aus dem lateinischen Begriff socius (,1.0,100.0
SG12,P20_T5,P20,123,1790,813966,826509,C,D,132+133+134+135+136+137+138,_und_dem_griecch[hc]hischen_Begriff_logia_(,3526,826509,830035,13,135+136+138+139,12,830035,831236,I,138,Lehre,True,False,False,2,False,False,False,2,2,False,False,False,2,2,2,False,und dem griechischen Begriff logia ( Lehre,1.0,100.0
SG12,P20_T5,P20,124,1790,830035,831236,I,D,138,Lehre,2075,831236,833311,8,1+135,0,833311,835541,I,139+140,"_von,",False,False,False,2,False,False,False,2,2,False,False,False,2,2,2,False,Lehre,1.0,100.0
SG12,P20_T5,P20,125,1790,833311,835541,I,D,139+140,"_von,",3027,835541,838568,9,133+136+138+139+141,4,838568,841906,I,141+142+143+144,_)_geprägt.,False,False,False,2,False,False,False,2,2,False,False,False,2,2,2,False,"von ,",1.0,75.0
SG12,P20_T5,P20,126,1790,838568,841906,I,D,141+142+143+144,_)_geprägt.,267885,841906,1109791,924,1+115+117+126+127+128+133,0,1109791,1110992,I,130,Gefährte,False,False,False,2,False,False,False,2,2,False,False,False,2,2,2,False,Rede ) geprägt .,1.0,90.0
SG12,P21_T1,P21,1,761,25257,25257,I,D,1,M,1014,25257,26271,8,1,8,26271,26271,I,1,o,True,False,False,2,False,False,False,2,2,True,False,False,1,2,2,False,Mörder,,
SG12,P21_T1,P21,2,761,26271,26271,I,D,1,o,826,26271,27097,10,1,10,27097,27269,D,1,[oM,True,False,False,2,True,False,False,1,2,True,False,False,1,2,2,False,Mörder,,
SG12,P21_T1,P21,3,761,27097,27269,D,D,1,[oM,6490,27269,33759,12,1,12,33759,34617,I,1,Mörder,True,False,False,2,False,False,False,2,2,False,False,False,2,2,2,False,Mörder,0.0,33.0
SG12,P21_T1,P21,4,761,33759,34617,I,D,1,Mörder,1014,34617,35631,6,1,6,35631,38267,C,2+3+4,-Krankenschwe[e,False,False,False,2,False,False,False,2,2,False,False,False,2,2,2,False,Mörder,1.0,100.0
SG12,P21_T1,P21,5,761,35631,38267,C,D,2+3+4,-Krankenschwe[e,967,38267,39234,7,1,0,39234,39983,I,4,ester_,True,False,False,2,False,False,False,2,2,True,True,False,1,1,2,False,- Krankenpfleger :,0.0,67.0
SG12,P21_T1,P21,6,761,39234,39983,I,D,4,ester_,4618,39983,44601,23,1+4,1,44601,49234,C,4+5+6+7,[_]:_Vier_Maql_[_lq]l_lebenslang_,True,True,True,1,True,False,False,1,2,True,True,False,1,1,2,False,:,,
SG12,P21_T1,P21,7,761,51355,51855,I,D,13,Krank,1778,51855,53633,17,4+5+6+7,0,53633,54164,I,8,Col,False,False,False,2,False,False,False,2,2,True,True,False,1,1,2,False,Krankenpfleger,1.0,100.0
SG12,P21_T1,P21,8,761,53633,54164,I,D,8,Col,967,54164,55131,6,4,0,55131,55646,I,8,in_,True,False,False,2,False,False,False,2,2,False,False,False,2,2,2,False,Colin,1.0,100.0
SG12,P21_T1,P21,9,761,55131,55646,I,D,8,in_,1201,55646,56847,10,1+4,0,56847,58126,I,10+11+9,"Norris,_eine_",False,False,False,2,False,False,False,2,2,False,False,False,2,2,2,False,Colin,1.0,100.0
SG12,P21_T1,P21,10,761,56847,58126,I,D,10+11+9,"Norris,_eine_",5304,58126,63430,34,1+4+5+6,0,63430,66456,I,13+16+20,"enschwester,_wurde_",False,False,False,2,False,False,False,2,2,True,False,False,1,2,2,False,", ein Norris",0.0,50.0
SG12,P21_T1,P21,11,761,63430,66456,I,D,13+16+20,"enschwester,_wurde_",1514,66456,67970,12,1+7,0,67970,69826,I,20+29,lebenslänglich,True,False,False,2,False,False,False,2,2,True,True,False,1,1,2,False,"Krankenpfleger , lebenslange",0.0,44.0
SG12,P21_T1,P21,12,761,67970,69826,I,D,20+29,lebenslänglich,13540,69826,83366,86,1,0,83366,84833,C,13,[schwester]pfleger,False,True,False,2,False,False,False,2,2,True,True,True,1,1,1,False,lebenslange von,0.0,64.0
SG12,P21_T1,P21,13,761,86315,86315,D,D,11,[e,6240,86315,92555,48,1+3+5+6,0,92555,95660,C,3+4,[retsewhcs]pfleger,False,True,False,2,False,False,False,2,2,False,False,False,2,2,2,False,ein,0.0,50.0
SG12,P21_T1,P21,14,761,99373,99919,I,D,20,heute_,1341,99919,101260,4,1+41,0,101260,104443,C,20,für_die_e[e]Ermordung_,True,False,False,2,True,False,False,1,2,True,True,False,1,1,2,False,lebenslange,0.0,40.0
SG12,P21_T1,P21,15,761,101260,104443,C,D,20,für_die_e[e]Ermordung_,936,104443,105379,4,1,0,105379,110183,C,20,von_vier_seiner_Pate[e]ienten_,True,False,False,2,True,False,False,1,2,True,True,False,1,1,2,False,lebenslange,0.0,36.0
SG12,P21_T1,P21,16,761,105379,110183,C,D,20,von_vier_seiner_Pate[e]ienten_,1451,110183,111634,9,1,0,111634,112102,I,20,zu_,True,False,False,2,False,False,False,2,2,True,True,False,1,1,2,False,lebenslange,0.0,36.0
SG12,P21_T1,P21,17,761,111634,112102,I,D,20,zu_,9048,112102,121150,61,1,0,121150,121150,D,20,[zu_,True,False,False,2,True,False,False,1,2,True,True,False,1,1,2,False,lebenslange,0.0,0.0
SG12,P21_T1,P21,18,761,121150,121150,D,D,20,[zu_,3353,121150,124503,29,1+7,0,124503,124863,C,17,[wurde_]kam_,False,True,False,2,False,False,False,2,2,True,True,False,1,1,2,False,lebenslange,0.0,0.0
SG12,P21_T1,P21,19,761,124503,124863,C,D,17,[wurde_]kam_,3401,124863,128264,45,1+7,0,128264,128264,D,20,[für_die_Ermordung_von_vier_seiner_Patienten_,False,False,False,2,False,False,False,2,2,True,True,False,1,1,2,False,trat,0.0,33.0
SG12,P21_T1,P21,20,761,128264,128264,D,D,20,[für_die_Ermordung_von_vier_seiner_Patienten_,874,128264,129138,8,1+7+47,0,129138,132180,I,29,_ins_Gefängnis._,False,False,False,2,False,False,False,2,2,True,True,False,1,1,2,False,lebenslange,0.0,36.0
SG12,P21_T1,P21,21,761,129138,132180,I,D,29,_ins_Gefängnis._,1871,132180,134051,20,1+7,0,134051,134582,C,17,[heute_]trat_,False,True,False,2,False,False,False,2,2,True,True,True,1,1,1,False,von,0.0,33.0
SG12,P21_T1,P21,22,761,136204,136204,D,D,17,[kam_,874,136204,137078,4,1+7,0,137078,138482,I,18+19,heute_seine_,False,False,False,2,False,False,False,2,2,False,False,False,2,2,2,False,trat,0.0,25.0
SG12,P21_T1,P21,23,761,137078,138482,I,D,18+19,heute_seine_,2401,138482,140883,28,1,0,140883,144067,C,20+21+22+29,"[änglich_]ange_Haftstrafe_an,_",False,True,False,2,False,False,False,2,2,False,False,False,2,2,2,False,heute seine,1.0,100.0
SG12,P21_T1,P21,24,761,146547,151898,C,D,23+24+25+26+27+28+29,"[_,].._[_.]_Grund_dafür_war_die_Ermordung_",2136,151898,154034,19,1+28,1,154034,158653,C,29+30+31+32+33,[ins_Gefängnis._]von_vier_seiner_Patente[etne]ienten._,True,True,True,1,True,True,True,1,1,True,True,True,1,1,1,False,. Grund dafür war die Ermordung von,1.0,100.0
SG12,P21_T1,P21,25,761,169370,169604,I,D,12,32-,905,169604,170509,2,1+18,0,170509,175314,I,12+13+14+15,jähriger__aus_Glasgow,True,False,False,2,False,False,False,2,2,False,False,False,2,2,2,False,32-jähriger,1.0,100.0
SG12,P21_T1,P21,26,761,170509,175314,I,D,12+13+14+15,jähriger__aus_Glasgow,3791,175314,179105,23,1+72,0,179105,184003,C,34+35+36+37,Norris_tät[tä]ötet_[_]e_die_Menschen_,False,False,False,2,False,False,False,2,2,False,False,False,2,2,2,False,32-jähriger Krankenpfleger aus Glasgow,1.0,75.0
SG12,P21_T1,P21,27,761,179105,184003,C,D,34+35+36+37,Norris_tät[tä]ötet_[_]e_die_Menschen_,1356,184003,185359,15,36+37+47+49,10,185359,186640,C,37+38,[Menschen_]vier_Frauen_,True,True,True,1,True,True,True,1,1,True,True,True,1,1,1,False,Norris tötete die vier,1.0,86.0
SG12,P21_T1,P21,28,761,191164,196826,I,D,39+40+41+42+43,durch_große_Mengen_Schlafmittel._,968,196826,197794,8,41,8,197794,199728,I,44+45+46,Gestern_wurde_er_,False,False,False,2,False,False,False,2,2,False,False,False,2,2,2,False,durch große Mengen Schlafmittel .,1.0,97.0
SG12,P21_T1,P21,29,761,197794,199728,I,D,44+45+46,Gestern_wurde_er_,5226,199728,204954,32,1+28,0,204954,208199,I,47+48+49+50,nach_einem_langen_Prozess_,False,False,False,2,False,False,False,2,2,False,False,False,2,2,2,False,Gestern wurde er,1.0,100.0
SG12,P21_T1,P21,30,761,204954,208199,I,D,47+48+49+50,nach_einem_langen_Prozess_,4836,208199,213035,31,1+34,0,213035,217512,I,51+52+53+54+55+56+57,für_diese_vier_Morde_schuldig_gesprochen._,False,False,False,2,False,False,False,2,2,False,False,False,2,2,2,False,nach einem langen Prozess,1.0,100.0
SG12,P21_T1,P21,31,761,213035,217512,I,D,51+52+53+54+55+56+57,für_diese_vier_Morde_schuldig_gesprochen._,6334,217512,223846,45,1+57,1,223846,225811,I,58+59+60,Für_jede_dieser,False,False,False,2,False,False,False,2,2,False,False,False,2,2,2,False,für diese vier Morde schuldig gesprochen .,1.0,98.0
SG12,P21_T1,P21,32,761,223846,225811,I,D,58+59+60,Für_jede_dieser,796,225811,226607,7,40+59+65+67,1,226607,227215,I,60+61,_vier_,True,False,False,2,False,False,False,2,2,False,False,False,2,2,2,False,Für jeden dieser,1.0,93.0
SG12,P21_T1,P21,33,761,226607,227215,I,D,60+61,_vier_,2793,227215,230008,26,37+38+39+40+51+52+53+54,0,230008,230866,I,62,Morde,False,False,False,2,False,False,False,2,2,False,False,False,2,2,2,False,dieser vier,1.0,100.0
SG12,P21_T1,P21,34,761,230008,230866,I,D,62,Morde,1731,230866,232597,25,38+39+40+41,0,232597,232597,I,59,n,False,False,False,2,False,False,False,2,2,True,False,False,1,2,2,False,Morde,1.0,100.0
SG12,P21_T1,P21,35,761,232597,232597,I,D,59,n,1014,232597,233611,16,1+24+25+26+39,0,233611,240522,C,62+63+64+65+66,_erjo[oj]j[j]hielt_er_eine_lebenslängi[i]liche_,False,False,False,2,False,False,False,2,2,False,False,False,2,2,2,False,jeden,,
SG12,P21_T1,P21,36,761,233611,240522,C,D,62+63+64+65+66,_erjo[oj]j[j]hielt_er_eine_lebenslängi[i]liche_,843,240522,241365,9,1+63+64+65,6,241365,241926,I,67,Haft,False,False,False,2,False,False,False,2,2,False,False,False,2,2,2,False,Morde erhielt er eine lebenslängliche,1.0,100.0
SG12,P21_T1,P21,37,761,241365,241926,I,D,67,Haft,1997,241926,243923,20,1+63+64,0,243923,244812,I,67,strafe._,True,False,False,2,False,False,False,2,2,True,False,False,1,2,2,False,Haftstrafe,1.0,100.0
SG12,P21_T1,P21,38,761,243923,244812,I,D,67,strafe._,8253,244812,253065,47,1+51,0,253065,262643,C,67+68+69+70+71+72+73+74+75+76+77,"[_.],_ermus[sum]_muss_also_mindestens_30_Jahre_ins_Gefängi[i]nis._",True,False,False,2,True,False,False,1,2,True,False,False,1,2,2,False,Haftstrafe,1.0,86.0
SG12,P21_T1,P21,39,761,253065,262643,C,D,67+68+69+70+71+72+73+74+75+76+77,"[_.],_ermus[sum]_muss_also_mindestens_30_Jahre_ins_Gefängi[i]nis._",2933,262643,265576,10,78+79+80+81+82+83+84,0,265576,265826,I,77,Chr,True,False,False,2,False,False,False,2,2,True,False,False,1,2,2,False,"Haftstrafe , er muss also mindestens 30 Jahre ins Gefängnis .",1.0,98.0
SG12,P21_T1,P21,40,761,265576,265826,I,D,77,Chr,795,265826,266621,8,77+86,7,266621,274765,C,77+78+79+80+81+82+83,"[rhC]Der_PÜo[oÜ]oz[z]lizeibeamte_Chris_Gregg_sagte,_",True,False,False,2,True,False,False,1,2,True,False,False,1,2,2,False,.,,
SG12,P21_T1,P21,41,761,266621,274765,C,D,77+78+79+80+81+82+83,"[rhC]Der_PÜo[oÜ]oz[z]lizeibeamte_Chris_Gregg_sagte,_",3276,274765,278041,17,81+85+86+87+89+90+91,4,278041,284187,C,84+86+87+88,dass_Norris_im_Kranh[h]kh[h]enhaus,False,False,False,2,False,False,False,2,2,False,False,False,2,2,2,False,". Der Polizeibeamte Chris Gregg sagte ,",1.0,97.0
SG12,P21_T1,P21,42,761,278041,284187,C,D,84+86+87+88,dass_Norris_im_Kranh[h]kh[h]enhaus,1435,284187,285622,11,81+82+83+84+86,6,285622,285997,I,85,sich_,False,False,False,2,False,False,False,2,2,True,False,False,1,2,2,False,dass Norris im Krankenhaus,1.0,100.0
SG12,P21_T1,P21,43,761,285622,285997,I,D,85,sich_,982,285997,286979,10,72+75+76+83+84,0,286979,291847,C,88+89+90+91,"_sehr_seltf[f]sam,_v[v_,]_verhalten_ha_[_]ben",False,False,False,2,False,False,False,2,2,False,False,False,2,2,2,False,sich,1.0,100.0
SG12,P21_T1,P21,44,761,286979,291847,C,D,88+89+90+91,"_sehr_seltf[f]sam,_v[v_,]_verhalten_ha_[_]ben",936,291847,292783,4,91+92,3,292783,293438,C,91+92,[n]._,True,False,False,2,True,False,False,1,2,True,False,False,1,2,2,False,Krankenhaus seltsam verhalten habe,1.0,86.0
SG12,P21_T1,P21,45,761,292783,293438,C,D,91+92,[n]._,1279,293438,294717,17,1+72+89+93+94,0,294717,294717,D,89,[sehr_,False,False,False,2,False,False,False,2,2,False,False,False,2,2,2,False,habe .,,
SG12,P21_T1,P21,46,761,294717,294717,D,D,89,[sehr_,9423,294717,304140,55,1+93+94,0,304140,304498,I,93,Die_,False,False,False,2,False,False,False,2,2,False,False,False,2,2,2,False,seltsam,0.0,40.0
SG12,P21_T1,P21,47,761,304140,304498,I,D,93,Die_,1014,304498,305512,7,93+94,7,305512,308040,I,94+95+96+97,Morde_wurden_nur_durch_,False,False,False,2,False,False,False,2,2,False,False,False,2,2,2,False,Die,1.0,100.0
SG12,P21_T1,P21,48,761,305512,308040,I,D,94+95+96+97,Morde_wurden_nur_durch_,1185,308040,309225,9,95+97+98+104,7,309225,309459,I,98,die_,False,False,False,2,False,False,False,2,2,True,False,False,1,2,2,False,Mordserie wurden nur durch,1.0,86.0
SG12,P21_T1,P21,49,761,309225,309459,I,D,98,die_,8830,309459,318289,28,1+98,2,318289,320286,I,99,Beobachtungen_,False,False,False,2,False,False,False,2,2,False,False,False,2,2,2,False,die,1.0,100.0
SG12,P21_T1,P21,50,761,318289,320286,I,D,99,Beobachtungen_,764,320286,321050,5,95+97+101+102+103+104,0,321050,326510,C,100+101+102+103,anderer_Mitarbeiter_des_Krankenhausse[es]es,False,False,False,2,False,False,False,2,2,False,False,False,2,2,2,False,Beobachtungen,1.0,100.0
SG12,P21_T1,P21,51,761,321050,326510,C,D,100+101+102+103,anderer_Mitarbeiter_des_Krankenhausse[es]es,4196,326510,330706,18,1+93+94+95+97+104,0,330706,331362,C,94,[e]serie,False,False,False,2,False,False,False,2,2,False,False,False,2,2,2,False,anderer Mitarbeiter des Krankenhauses,1.0,100.0
SG12,P21_T1,P21,52,761,330706,331362,C,D,94,[e]serie,936,331362,332298,9,1,0,332298,333437,I,103+104+105,_beendet._,False,False,False,2,False,False,False,2,2,False,False,False,2,2,2,False,Mordserie,1.0,100.0
SG12,P21_T1,P21,53,761,332298,333437,I,D,103+104+105,_beendet._,5070,333437,338507,27,1+127,0,338507,343389,I,106+107+108+109+110+111,Motiv_war_laut_Angaben_der_Polizei_,False,False,False,2,False,False,False,2,2,False,False,False,2,2,2,False,Krankenhauses beendet .,1.0,88.0
SG12,P21_T1,P21,54,761,338507,343389,I,D,106+107+108+109+110+111,Motiv_war_laut_Angaben_der_Polizei_,21201,343389,364590,156,1+52+53+54+112+113+116+117+118+119+121+129+131+132+140,0,364590,369192,C,111+112+113+114,"[_].,_[_,.],_dass_M[M]Norris_",True,False,False,2,True,False,False,1,2,True,False,False,1,2,2,False,Motiv war laut Angaben der Polizei,1.0,100.0
SG12,P21_T1,P21,55,761,364590,369192,C,D,111+112+113+114,"[_].,_[_,.],_dass_M[M]Norris_",3806,369192,372998,25,1+112+113+114,2,372998,374808,I,115+116+117,ungern_mit_alten_,False,False,False,2,False,False,False,2,2,False,False,False,2,2,2,False,"Polizei , dass Norris",1.0,100.0
SG12,P21_T1,P21,56,761,372998,374808,I,D,115+116+117,ungern_mit_alten_,1700,374808,376508,9,115+116,9,376508,376883,C,117,[a]A,True,False,False,2,True,False,False,1,2,True,False,False,1,2,2,False,ungern mit alten,1.0,100.0
SG12,P21_T1,P21,57,761,376508,376883,C,D,117,[a]A,764,376883,377647,3,115+116,0,377647,379660,C,117+119+120,P[P]arbeitete._,True,False,False,2,True,False,False,1,2,True,False,False,1,2,2,False,alten,,
SG12,P21_T1,P21,58,761,377647,379660,C,D,117+119+120,P[P]arbeitete._,1528,379660,381188,22,115+116+117+118,5,381188,381188,D,117,[A,True,False,False,2,True,False,False,1,2,True,False,False,1,2,2,False,alten arbeitete .,1.0,90.0
SG12,P21_T1,P21,59,761,381188,381188,D,D,117,[A,1826,381188,383014,3,78+79+115,0,383014,385853,C,117+118+119,a;Me[eM;]Menschen_,True,False,False,2,True,False,False,1,2,True,False,False,1,2,2,False,alten,0.0,50.0
SG12,P21_T1,P21,60,761,383014,385853,C,D,117+118+119,a;Me[eM;]Menschen_,3167,385853,389020,24,82+93+94+99+110+111+118+121,12,389020,399144,C,121+122+123+124+125+126+127+128+129+130,"Alle_seine_Opfer_warten_al[la]schwache,_alte_Frauen_mit_Herzproblemen",False,False,False,2,False,False,False,2,2,False,False,False,2,2,2,False,alten Menschen arbeitete,1.0,89.0
SG12,P21_T1,P21,61,761,389020,399144,C,D,121+122+123+124+125+126+127+128+129+130,"Alle_seine_Opfer_warten_al[la]schwache,_alte_Frauen_mit_Herzproblemen",1841,399144,400985,15,116+118+119+125+130+131+132,6,400985,401453,I,131+132,",_die_",False,False,False,2,False,False,False,2,2,False,False,False,2,2,2,False,"Alle seine Opfer warten schwache , alte Frauen mit Herzproblemen",1.0,98.0
SG12,P21_T1,P21,62,761,400985,401453,I,D,131+132,",_die_",874,401453,402327,6,130+132+133+137,1,402327,402607,I,132,als_,True,False,False,2,False,False,False,2,2,True,True,False,1,1,2,False,", die",1.0,100.0
SG12,P21_T1,P21,63,761,402327,402607,I,D,132,als_,1654,402607,404261,9,116+117+118+121+132,5,404261,411967,C,132+133+134+135+136+137+138+139,[_sla]für_die_Mitarbeiter_des_Krankenhauses_eine_Belastung,True,True,True,1,True,False,False,1,2,True,True,False,1,1,2,False,die,0.0,0.0
SG12,P21_T1,P21,64,761,412857,415337,C,D,139+140+141,_ds[s]arstellten.,16084,415337,431421,114,1+5+6+18+119,0,431421,431702,I,32,inn,False,False,False,2,False,False,False,2,2,False,False,False,2,2,2,False,Belastung darstellten .,1.0,92.0
SG12,P21_T4,P21,65,710,34726,42947,C,D,1+2+3,Entwicklungsä[ä]lämnder_s[s_rednm]nder_sind_zwr[r]ar,1061,42947,44008,4,3,4,44008,44008,I,3,_,True,False,False,2,False,False,False,2,2,False,False,False,2,2,2,False,Entwicklungsländer sind zwar,1.0,100.0
SG12,P21_T4,P21,66,710,44008,44008,I,D,3,_,826,44008,44834,0,,0,44834,48454,C,4,verstänl[l]dlicherweise_,False,False,False,2,False,False,False,2,2,False,False,False,2,2,2,False,zwar,,
SG12,P21_T4,P21,67,710,44834,48454,C,D,4,verstänl[l]dlicherweise_,6801,48454,55255,20,3,0,55255,57533,I,5+6+7+8,"nur_ungern_bereit,_",False,False,False,2,False,False,False,2,2,False,False,False,2,2,2,False,verständlicherweise,1.0,100.0
SG12,P21_T4,P21,68,710,55255,57533,I,D,5+6+7+8,"nur_ungern_bereit,_",1966,57533,59499,11,5+6+7+8+9+20+21,1,59499,59951,I,9,ihre_,False,False,False,2,False,False,False,2,2,False,False,False,2,2,2,False,"nur ungern bereit ,",1.0,94.0
SG12,P21_T4,P21,69,710,59499,59951,I,D,9,ihre_,2652,59951,62603,11,9+10+17+18+20+21,6,62603,64818,I,10+11,"Chancen,_",False,False,False,2,False,False,False,2,2,False,False,False,2,2,2,False,ihre,1.0,100.0
SG12,P21_T4,P21,70,710,62603,64818,I,D,10+11,"Chancen,_",1404,64818,66222,4,3+10,1,66222,69592,C,12+13,bee[e]ssere_Lebensstand,False,False,False,2,False,False,False,2,2,False,False,False,2,2,2,False,"Chancen ,",1.0,88.0
SG12,P21_T4,P21,71,710,66222,69592,C,D,12+13,bee[e]ssere_Lebensstand,749,69592,70341,2,13,2,70341,72556,C,13+14,ards_füßr_die[eid_rß]r,True,True,True,1,True,False,False,1,2,True,True,False,1,1,2,False,bessere Lebensstandards,1.0,100.0
SG12,P21_T4,P21,72,710,74085,79825,C,D,14+15+16+17+18+19,"_die_Armen_zu_erei[ie]reiceh[he]hen,_",3401,79825,83226,11,1+3+20+21,0,83226,84381,I,20+21,zu_verr,False,False,False,2,False,False,False,2,2,False,False,False,2,2,2,False,"für die Armen zu erreichen ,",1.0,96.0
SG12,P21_T4,P21,73,710,83226,84381,I,D,20+21,zu_verr,905,84381,85286,2,3+4,0,85286,87251,I,21+22,"ingern,_aber_",True,False,False,2,False,False,False,2,2,False,False,False,2,2,2,False,zu verringern,1.0,100.0
SG12,P21_T4,P21,74,710,85286,87251,I,D,21+22,"ingern,_aber_",11762,87251,99013,39,1+3+4,0,99013,99326,C,22,[aber_]es_,True,True,True,1,True,False,False,1,2,True,True,False,1,1,2,False,"verringern ,",0.0,58.0
SG12,P21_T4,P21,75,710,100246,102352,C,D,22,muss_ab[ba_ssum,8908,102352,111260,35,1+3+4,0,111260,111572,D,22,[_se,True,False,False,2,True,False,False,1,2,True,False,False,1,2,2,False,",",,
SG12,P21_T4,P21,76,710,111260,111572,D,D,22,[_se,4711,111572,116283,17,1+3+4,0,116283,116548,I,23,die_,False,False,False,2,False,False,False,2,2,False,False,False,2,2,2,False,",",,
SG12,P21_T4,P21,77,710,116283,116548,I,D,23,die_,1311,116548,117859,1,83,0,117859,124130,C,24+25,wirtschalf[fl]ftlicxhe[ehxc]h[h]che_Entwicklung_,False,False,False,2,False,False,False,2,2,False,False,False,2,2,2,False,die,1.0,100.0
SG12,P21_T4,P21,78,710,117859,124130,C,D,24+25,wirtschalf[fl]ftlicxhe[ehxc]h[h]che_Entwicklung_,1731,124130,125861,9,23+25+26+27+28+29+30+34+35+36,3,125861,130791,I,26+27+28+30,muss_allerdings_nicht_unbedingt_durch_,False,False,False,2,False,False,False,2,2,False,False,False,2,2,2,False,wirtschaftliche Entwicklung,1.0,100.0
SG12,P21_T4,P21,79,710,125861,130791,I,D,26+27+28+30,muss_allerdings_nicht_unbedingt_durch_,4867,130791,135658,14,1+3+27+29+30+35+36,1,135658,138029,C,30+31,'ak[ka']Aktionen_,True,False,False,2,True,False,False,1,2,True,False,False,1,2,2,False,muss allerdings nicht durch,1.0,85.0
SG12,P21_T4,P21,80,710,135658,138029,C,D,30+31,'ak[ka']Aktionen_,3027,138029,141056,13,24+26+27+28+29+30+34+35+36,2,141056,143583,C,32+33,im_Bereich_kLI[ILk,False,False,False,2,False,False,False,2,2,False,False,False,2,2,2,False,durch Aktionen,1.0,100.0
SG12,P21_T4,P21,81,710,141056,143583,C,D,32+33,im_Bereich_kLI[ILk,718,143583,144301,2,24+31,0,144301,146032,I,34,Klimawandel_,False,False,False,2,False,False,False,2,2,False,False,False,2,2,2,False,im Bereich,1.0,100.0
SG12,P21_T4,P21,82,710,144301,146032,I,D,34,Klimawandel_,4992,146032,151024,29,1+3+23+25+26+27+29+30+35+36,0,151024,153224,C,35,bedru[u]oht_,False,False,False,2,False,False,False,2,2,False,False,False,2,2,2,False,Klimawandel,1.0,100.0
SG12,P21_T4,P21,83,710,151024,153224,C,D,35,bedru[u]oht_,733,153224,153957,6,3+4,0,153957,155377,C,36+37,wir[ri]erden._,False,False,False,2,False,False,False,2,2,False,False,False,2,2,2,False,bedroht,1.0,100.0
SG12,P21_T4,P21,84,710,153957,155377,C,D,36+37,wir[ri]erden._,6427,155377,161804,29,1+3,0,161804,174222,C,38+39+40+41+42+43+44,"F´r[r´]ür_doie[eio]oie[eio]ie_Enwe[e]icklungsläng[gn]nder_sind_Anreize_nötig,_",False,False,False,2,False,False,False,2,2,False,False,False,2,2,2,False,werden .,1.0,86.0
SG12,P21_T4,P21,85,710,161804,174222,C,D,38+39+40+41+42+43+44,"F´r[r´]ür_doie[eio]oie[eio]ie_Enwe[e]icklungsläng[gn]nder_sind_Anreize_nötig,_",3947,174222,178169,20,1+3+42,1,178169,179245,I,45+46,damit_diese_,False,False,False,2,False,False,False,2,2,False,False,False,2,2,2,False,"Für die Enwicklungsländer sind Anreize nötig ,",1.0,98.0
SG12,P21_T4,P21,86,710,178169,179245,I,D,45+46,damit_diese_,9251,179245,188496,19,1+3+41+43,0,188496,192567,C,47+48+49,umwelb[b]tbewusster_werden_und_,False,False,False,2,False,False,False,2,2,False,False,False,2,2,2,False,damit diese,1.0,100.0
SG12,P21_T4,P21,87,710,188496,192567,C,D,47+48+49,umwelb[b]tbewusster_werden_und_,7145,192567,199712,13,1+3+34,0,199712,199712,I,50,Ö,False,False,False,2,False,False,False,2,2,False,False,False,2,2,2,False,umweltbewusster werden und,1.0,100.0
SG12,P21_T4,P21,88,710,199712,199712,I,D,50,Ö,843,199712,200555,6,1+3+5+6+7+8+47+48,0,200555,203066,C,50+51+52,ko-Ten[n]cho,True,False,False,2,True,False,False,1,2,True,False,False,1,2,2,False,Öko,,
SG12,P21_T4,P21,89,710,200555,203066,C,D,50+51+52,ko-Ten[n]cho,733,203066,203799,3,27+29+30+35+36+85,0,203799,207606,C,52+53,[o]nologien_umsetzen,True,False,False,2,True,False,False,1,2,True,False,False,1,2,2,False,Öko - Technologien,1.0,75.0
SG12,P21_T4,P21,90,710,203799,207606,C,D,52+53,[o]nologien_umsetzen,24991,207606,232597,147,1+3+60+61+62+63,0,232597,234157,I,53+54+55,_und_dadurch_,True,False,False,2,False,False,False,2,2,False,False,False,2,2,2,False,Technologien umsetzen,1.0,100.0
SG12,P21_T4,P21,91,710,232597,234157,I,D,53+54+55,_und_dadurch_,905,234157,235062,3,60+61+62+63,0,235062,236794,I,57+58,die_Emissionen,False,False,False,2,False,False,False,2,2,False,False,False,2,2,2,False,umsetzen und dadurch,1.0,100.0
SG12,P21_T4,P21,92,710,235062,236794,I,D,57+58,die_Emissionen,2340,236794,239134,15,54+57+58,14,239134,239742,I,57,acuh_,True,False,False,2,False,False,False,2,2,True,True,False,1,1,2,False,die Emissionen,1.0,100.0
SG12,P21_T4,P21,93,710,239134,239742,I,D,57,acuh_,1590,239742,241332,9,1+3+57+58,2,241332,241942,C,56,[acuh_]auch_,False,True,False,2,False,False,False,2,2,False,False,False,2,2,2,False,die,0.0,0.0
SG12,P21_T4,P21,94,710,241332,241942,C,D,56,[acuh_]auch_,2402,241942,244344,16,1+3+4+23+25+38+39+40+46+57+58,0,244344,249414,C,58+59+60+61+62+63,_durcxh_d[d_hx]h_die_Rodung_von_Wald_,False,True,False,2,False,False,False,2,2,False,False,False,2,2,2,False,auch,1.0,100.0
SG12,P21_T4,P21,95,710,250413,250615,I,D,63,ver,1046,250615,251661,7,42+45+60+61+62+63,1,251661,251926,D,63,[rev,True,False,False,2,True,False,False,1,2,True,False,False,1,2,2,False,Wald,0.0,0.0
SG12,P21_T4,P21,96,710,251661,251926,D,D,63,[rev,983,251926,252909,1,60+61+62+63,1,252909,254734,I,64+65+66,minimiert_werden.,False,False,False,2,False,False,False,2,2,False,False,False,2,2,2,False,Wald,0.0,0.0
SG12,P21_T4,P21,97,710,252909,254734,I,D,64+65+66,minimiert_werden.,1014,254734,255748,4,2+3+38+39+40+46,0,255748,255748,I,66,_,True,False,False,2,False,False,False,2,2,False,False,False,2,2,2,False,minimiert werden .,1.0,94.0
SG12,P21_T4,P21,98,710,255748,255748,I,D,66,_,15053,255748,270801,112,1+3+27+29+30+35+36,0,270801,273314,C,29,[unbedingt_]zwangsläufig_,False,True,False,2,False,True,False,2,2,False,False,False,2,2,2,False,.,,
SG12,P21_T4,P21,99,710,270801,273314,C,D,29,[unbedingt_]zwangsläufig_,4820,273314,278134,29,1+3+12+27+29+30+35+36+45,1,278134,279678,I,67+68,Einige_der_,False,False,False,2,False,False,False,2,2,False,False,False,2,2,2,False,zwangsläufig,1.0,100.0
SG12,P21_T4,P21,100,710,278134,279678,I,D,67+68,Einige_der_,2684,279678,282362,13,1+3,0,282362,285263,C,68+69,d[d]Länder_[_,True,False,False,2,True,False,False,1,2,True,False,False,1,2,2,False,Einige der,1.0,100.0
SG12,P21_T4,P21,101,710,282362,285263,C,D,68+69,d[d]Länder_[_,952,285263,286215,12,67+68+69+71,9,286215,286698,I,70+71,",_die_",False,False,False,2,False,False,False,2,2,False,False,False,2,2,2,False,der Länder,1.0,75.0
SG12,P21_T4,P21,102,710,286215,286698,I,D,70+71,",_die_",4478,286698,291176,16,1+3,0,291176,301534,C,72+73+74+75+76+77+78+79,"am_meisten_dur_h_[_h_]ch_dek[k]n_Klimawn[n]andel_gef#[#]ähj[j]rdet_sind,_",False,False,False,2,False,False,False,2,2,False,False,False,2,2,2,False,", die",1.0,100.0
SG12,P21_T4,P21,103,710,291176,301534,C,D,72+73+74+75+76+77+78+79,"am_meisten_dur_h_[_h_]ch_dek[k]n_Klimawn[n]andel_gef#[#]ähj[j]rdet_sind,_",1654,301534,303188,10,60+61+62+63+67+69+71+74+75+76+77+78+80+81+82+84,1,303188,303297,I,80,ha,False,False,False,2,False,False,False,2,2,False,False,False,2,2,2,False,"am meisten durch den Klimawandel gefährdet sind ,",1.0,98.0
SG12,P21_T4,P21,104,710,303188,303297,I,D,80,ha,1295,303297,304592,6,57+58+69+71+74+75+76+77+78,0,304592,308133,C,80+81+82+83,ben_am_weniges[se]sten_dazu_,True,False,False,2,True,False,False,1,2,True,False,False,1,2,2,False,haben,1.0,100.0
SG12,P21_T4,P21,105,710,304592,308133,C,D,80+81+82+83,ben_am_weniges[se]sten_dazu_,749,308133,308882,4,81+82,4,308882,310301,I,84,beigetragen,False,False,False,2,False,False,False,2,2,False,False,False,2,2,2,False,haben am wenigsten dazu,1.0,100.0
SG12,P21_T4,P21,106,710,308882,310301,I,D,84,beigetragen,952,310301,311253,4,88+89+90+91,0,311253,316619,C,85+86+87+88+89+90+91,",_müssen_aber_die_Hauppt[tp]tlast_tragen._",False,False,False,2,False,False,False,2,2,False,False,False,2,2,2,False,beigetragen,1.0,100.0
SG12,P21_T4,P21,107,710,311253,316619,C,D,85+86+87+88+89+90+91,",_müssen_aber_die_Hauppt[tp]tlast_tragen._",1732,316619,318351,10,1+4+68+69+71+72+73+74+75+76+77+78,0,318351,325449,C,91+92+93,W[W]Insbesondere_W[W]Entwicklungsläng[g]der_,True,False,False,2,True,False,False,1,2,True,False,False,1,2,2,False,", müssen aber die Hauptlast tragen .",1.0,97.0
SG12,P21_T4,P21,108,710,318351,325449,C,D,91+92+93,W[W]Insbesondere_W[W]Entwicklungsläng[g]der_,718,325449,326167,6,0+92+94+95+101,2,326167,327118,I,94,müssen_S,False,False,False,2,False,False,False,2,2,False,False,False,2,2,2,False,. Insbesondere Entwicklungsländer,1.0,100.0
SG12,P21_T4,P21,109,710,326167,327118,I,D,94,müssen_S,1997,327118,329115,19,1+3+114,0,329115,330363,C,94+95+96+97,[S]sich_an_die_,True,False,False,2,True,False,False,1,2,True,False,False,1,2,2,False,müssen,1.0,100.0
SG12,P21_T4,P21,110,710,329115,330363,C,D,94+95+96+97,[S]sich_an_die_,858,330363,331221,4,96+97,4,331221,337820,C,100+101+102+98+99,Auswik[k]rkungen_des_Klimawandels_anpassen._,False,False,False,2,False,False,False,2,2,False,False,False,2,2,2,False,müssen sich an die,1.0,100.0
SG12,P21_T4,P21,111,710,331221,337820,C,D,100+101+102+98+99,Auswik[k]rkungen_des_Klimawandels_anpassen._,2012,337820,339832,15,95+100+101+103+104+107+108+109+110,5,339832,341439,I,105+106,Anpassung_und_,False,False,False,2,False,False,False,2,2,False,False,False,2,2,2,False,Klimawandels anpassen . Auswirkungen des,0.0,56.0
SG12,P21_T4,P21,112,710,339832,341439,I,D,105+106,Anpassung_und_,7894,341439,349333,54,95+99+100+101+102+105+106+110+111+112,15,349333,350940,I,103,Maßnahmen_,False,False,False,2,False,False,False,2,2,False,False,False,2,2,2,False,Anpassung und,1.0,100.0
SG12,P21_T4,P21,113,710,349333,350940,I,D,103,Maßnahmen_,1279,350940,352219,8,93+94+95+99+100+101,0,352219,352484,I,104,zu_,False,False,False,2,False,False,False,2,2,False,False,False,2,2,2,False,Maßnahmen,1.0,100.0
SG12,P21_T4,P21,114,710,352219,352484,I,D,104,zu_,4165,352484,356649,22,1+3+92+93,0,356649,357741,I,107,Abschwä,False,False,False,2,False,False,False,2,2,False,False,False,2,2,2,False,zu,1.0,100.0
SG12,P21_T4,P21,115,710,356649,357741,I,D,107,Abschwä,749,357741,358490,3,93+107+108+109,2,358490,364278,I,107+108+109+110+111+112,chung_dieses_Prozesses_müssen_also_paralle,True,False,False,2,False,False,False,2,2,False,False,False,2,2,2,False,Abschwächung,1.0,100.0
SG12,P21_T4,P21,116,710,358490,364278,I,D,107+108+109+110+111+112,chung_dieses_Prozesses_müssen_also_paralle,717,364278,364995,5,112,5,364995,366243,I,112+113+114,l_laufen.,True,False,False,2,False,False,False,2,2,False,False,False,2,2,2,False,Abschwächung dieses Prozesses müssen also parallel,1.0,100.0
SG12,P22_T4,P22,1,623,35896,36863,I,D,1+2,Auch_wenn_,1451,36863,38314,10,1+2,10,38314,44710,C,3,Entwicklungslämd[dm]nder_verstön[nö]ändlicherweise_,False,False,False,2,False,False,False,2,2,False,False,False,2,2,2,False,Auch wenn,1.0,100.0
SG12,P22_T4,P22,2,623,38314,44710,C,D,3,Entwicklungslämd[dm]nder_verstön[nö]ändlicherweise_,39655,44710,84365,145,1+2+3+4+75+77+120,3,84365,89201,C,3+4+5,[esiewrehcildnätsrev]sich_verstönd[dnö]ö[ö,True,True,True,1,True,False,False,1,2,True,True,False,1,1,2,False,Entwicklungsländer,1.0,100.0
SG12,P22_T4,P22,3,623,89856,94692,C,D,5+6+7+8,"ändlicherweise_a[a]dagegen_sträuben,_",1514,94692,96206,10,1+2,0,96206,97797,C,10+9,ihre_CHanc[cnaH,False,False,False,2,False,False,False,2,2,False,False,False,2,2,2,False,"verständlicherweise dagegen sträuben ,",1.0,97.0
SG12,P22_T4,P22,4,623,96206,97797,C,D,10+9,ihre_CHanc[cnaH,1154,97797,98951,7,1+2,0,98951,100293,I,10,hancen_,True,False,False,2,False,False,False,2,2,False,False,False,2,2,2,False,Chancen ihre,0.0,58.0
SG12,P22_T4,P22,5,623,98951,100293,I,D,10,hancen_,8190,100293,108483,45,1+2+12+13,0,108483,109029,I,11,auf_,False,False,False,2,False,False,False,2,2,False,False,False,2,2,2,False,Chancen,1.0,100.0
SG12,P22_T4,P22,6,623,108483,109029,I,D,11,auf_,2137,109029,111166,7,1+2+10,0,111166,113834,I,12+13+14,das_Erreichen_besserer_,False,False,False,2,False,False,False,2,2,False,False,False,2,2,2,False,auf,1.0,100.0
SG12,P22_T4,P22,7,623,111166,113834,I,D,12+13+14,das_Erreichen_besserer_,624,113834,114458,2,12+13,2,114458,116455,I,15,Lebensstandards_,False,False,False,2,False,False,False,2,2,False,False,False,2,2,2,False,das Erreichen besserer,1.0,100.0
SG12,P22_T4,P22,8,623,114458,116455,I,D,15,Lebensstandards_,686,116455,117141,2,3+16,0,117141,119387,I,16+17+21,für_die_Armen_,False,False,False,2,False,False,False,2,2,False,False,False,2,2,2,False,Lebensstandards,1.0,100.0
SG12,P22_T4,P22,9,623,117141,119387,I,D,16+17+21,für_die_Armen_,1888,119387,121275,10,1+2+4+5,0,121275,121400,I,21,zu_,True,False,False,2,False,False,False,2,2,True,True,False,1,1,2,False,für die Bevölkerung,0.0,69.0
SG12,P22_T4,P22,10,623,121275,121400,I,D,21,zu_,1014,121400,122414,8,10+22+26+29+30+39+40+104,0,122414,123537,I,21,"erreichen,_",True,False,False,2,False,False,False,2,2,True,True,False,1,1,2,False,Bevölkerung,0.0,50.0
SG12,P22_T4,P22,11,623,122414,123537,I,D,21,"erreichen,_",1092,123537,124629,5,5+6+7+10+12+13,0,124629,126017,D,21,"[_,nehcierre",True,False,False,2,True,False,False,1,2,True,True,False,1,1,2,False,Bevölkerung,0.0,30.0
SG12,P22_T4,P22,12,623,124629,126017,D,D,21,"[_,nehcierre",1326,126017,127343,6,1+2+4,0,127343,127624,D,21,[_uz,True,False,False,2,True,False,False,1,2,True,True,False,1,1,2,False,Bevölkerung,0.0,27.0
SG12,P22_T4,P22,13,623,127343,127624,D,D,21,[_uz,749,127624,128373,4,1+2+5,0,128373,130370,C,22+23,"af[f]ufzugeben,_",False,False,False,2,False,False,False,2,2,True,True,False,1,1,2,False,Bevölkerung,0.0,25.0
SG12,P22_T4,P22,14,623,128373,130370,C,D,22+23,"af[f]ufzugeben,_",3619,130370,133989,22,1+2,0,133989,134582,I,117,muss_,False,False,False,2,False,False,False,2,2,False,False,False,2,2,2,False,"aufzugeben ,",1.0,91.0
SG12,P22_T4,P22,15,623,133989,134582,I,D,117,muss_,10920,134582,145502,44,1+2+26,0,145502,150026,I,117,das_Vorgehen_gegen_den_Klimawandel_,True,False,False,2,False,False,False,2,2,True,True,True,1,1,1,False,um,0.0,50.0
SG12,P22_T4,P22,16,623,145502,150026,I,D,117,das_Vorgehen_gegen_den_Klimawandel_,624,150026,150650,5,1+2,0,150650,151102,I,117,nicht_,True,False,False,2,False,False,False,2,2,True,True,True,1,1,1,False,um,0.0,50.0
SG12,P22_T4,P22,17,623,150650,151102,I,D,117,nicht_,796,151102,151898,3,1+2+9+117+118+119,1,151898,153692,I,117,notwendigerweise_,True,False,False,2,False,False,False,2,2,True,True,True,1,1,1,False,um,0.0,0.0
SG12,P22_T4,P22,18,623,151898,153692,I,D,117,notwendigerweise_,4462,153692,158154,14,1+2+86,0,158154,158434,I,117,die_,True,False,False,2,False,False,False,2,2,True,True,True,1,1,1,False,um,0.0,0.0
SG12,P22_T4,P22,19,623,158154,158434,I,D,117,die_,2106,158434,160540,18,1+2+33+117+118+119,2,160540,162288,I,117,wirtschaftliche_,True,False,False,2,False,False,False,2,2,True,True,True,1,1,1,False,um,0.0,0.0
SG12,P22_T4,P22,20,623,160540,162288,I,D,117,wirtschaftliche_,858,162288,163146,1,17,0,163146,164846,I,117,Entwicklung_,True,False,False,2,False,False,False,2,2,True,True,True,1,1,1,False,um,0.0,0.0
SG12,P22_T4,P22,21,623,163146,164846,I,D,117,Entwicklung_,16957,164846,181803,80,1+2+5+117+118+119,2,181803,181803,I,117,_,True,False,False,2,False,False,False,2,2,True,True,True,1,1,1,False,um,0.0,50.0
SG12,P22_T4,P22,22,623,181803,181803,I,D,117,_,33883,181803,215686,126,1+2+117+118+119,1,215686,216482,C,117+26,[muss_]müp[pü,True,True,True,1,True,False,False,1,2,True,True,True,1,1,1,False,um,,
SG12,P22_T4,P22,23,623,217309,224750,C,D,117+26+27+28+29+30,üssen_Maßnahmen_im_Zuge_ds_[_s]es_Klimawandels_nicht_,2325,224750,227075,12,1+2+5+11+29+30,2,227075,229072,I,117,notwendigerweise_,True,False,False,2,False,False,False,2,2,True,True,True,1,1,1,False,um Maßnahmen im Zuge des Klimawandels,1.0,95.0
SG12,P22_T4,P22,24,623,227075,229072,I,D,117,notwendigerweise_,733,229072,229805,4,117+118+119,4,229805,234984,C,117,die_wirtschaftlihce_[_ech]che_Enwicklung_,True,True,True,1,True,False,False,1,2,True,True,True,1,1,1,False,um,0.0,0.0
SG12,P22_T4,P22,25,623,256902,266044,C,D,117+30+31+32+33+34+35+36+37,_uz[z]nd_wirtschaftlihc[ch]che_Entwicklung_nicht_nowe[ew]twendigerweise_aus._,2434,266044,268478,13,1+2+26+34+35+38,1,268478,268478,D,117,[_nicht_notwendigerweise_die_wirtschaftliche_Enwicklung_das_Vorgehen_gegen_den_Klimawandel_nicht_notwendigerweise_die_wirtschaftliche_Entwicklung,True,False,False,2,True,False,False,1,2,True,True,True,1,1,1,False,um Klimawandels und wirtschaftliche Entwicklung nicht notwendigerweise aus .,1.0,98.0
SG12,P22_T4,P22,26,623,268478,268478,D,D,117,[_nicht_notwendigerweise_die_wirtschaftliche_Enwicklung_das_Vorgehen_gegen_den_Klimawandel_nicht_notwendigerweise_die_wirtschaftliche_Entwicklung,3369,268478,271847,19,1+2+3+18+19+20+21+34+35+38,0,271847,276122,I,117+41+42,"Es_müssen_Anreize_geschaffen_werden,_",True,False,False,2,False,False,False,2,2,True,True,True,1,1,1,False,um,0.0,50.0
SG12,P22_T4,P22,27,623,271847,276122,I,D,117+41+42,"Es_müssen_Anreize_geschaffen_werden,_",1201,276122,277323,5,1+2,0,277323,277666,I,117,um_,True,False,False,2,False,False,False,2,2,True,True,True,1,1,1,False,um müssen Anreize,1.0,88.0
SG12,P22_T4,P22,28,623,277323,277666,I,D,117,um_,3026,277666,280692,16,1+2+117+118+119,1,280692,282112,D,117,"[_mu_,nedrew_neffahcseg",True,False,False,2,True,False,False,1,2,True,True,True,1,1,1,False,um,1.0,100.0
SG12,P22_T4,P22,29,623,280692,282112,D,D,117,"[_mu_,nedrew_neffahcseg",2699,282112,284811,11,41+42,0,284811,288102,C,117+43,für_Entwickjl[lj]lungs[sg,True,False,False,2,True,False,False,1,2,True,True,True,1,1,1,False,um,0.0,50.0
SG12,P22_T4,P22,30,623,284811,288102,C,D,117+43,für_Entwickjl[lj]lungs[sg,1155,288102,289257,3,43,3,289257,292705,I,43+44+45,"gsländer_geschaffen_werden,_",True,False,False,2,False,False,False,2,2,True,True,True,1,1,1,False,um geschaffen,0.0,23.0
SG12,P22_T4,P22,31,623,289257,292705,I,D,43+44+45,"gsländer_geschaffen_werden,_",7238,292705,299943,35,1+2,0,299943,300364,I,117,den_,False,False,False,2,False,False,False,2,2,False,False,False,2,2,2,False,"geschaffen werden ,",1.0,95.0
SG12,P22_T4,P22,32,623,299943,300364,I,D,117,den_,10047,300364,310411,39,1+2+44,0,310411,314435,C,117+47+48,[_ned]beim_Klimaschutz_und_,True,True,True,1,True,False,False,1,2,True,True,True,1,1,1,False,um,0.0,0.0
SG12,P22_T4,P22,33,623,316042,316385,I,D,117+49,der_,734,316385,317119,2,34+35+117+118+119,1,317119,321190,C,117+49+50,[_r]m_einsat[tasnie]Einsat_[_]z_,True,True,True,1,True,False,False,1,2,True,True,True,1,1,1,False,um den,0.0,67.0
SG12,P22_T4,P22,34,623,322547,327493,C,D,117+51+52+53,saubeer[re]rer_Technologien_besonders_,5880,327493,333373,21,1+2+34+35+41+43+44+46+47+51+53+54+55+56+57,2,333373,334216,C,46,[beim_]auf_,False,True,False,2,False,False,False,2,2,True,True,True,1,1,1,False,um sauberer Technologien besonders,1.0,100.0
SG12,P22_T4,P22,35,623,333373,334216,C,D,46,[beim_]auf_,3323,334216,337539,11,1+2+26+32,0,337539,337758,C,49,[m]n,False,False,False,2,False,False,False,2,2,False,False,False,2,2,2,False,auf,1.0,100.0
SG12,P22_T4,P22,36,623,337539,337758,C,D,49,[m]n,2995,337758,340753,10,34+35+46+47+51+52+53+54+55+56+57,0,340753,343108,I,117+53+54+55+56+57,_großen_Wert_zu_legen_,False,False,False,2,False,False,False,2,2,False,False,False,2,2,2,False,den,,
SG12,P22_T4,P22,37,623,340753,343108,I,D,117+53+54+55+56+57,_großen_Wert_zu_legen_,5819,343108,348927,27,1+2+6+7+43,0,348927,348927,D,117,[_,True,False,False,2,True,False,False,1,2,True,True,True,1,1,1,False,um besonders großen Wert zu legen,1.0,100.0
SG12,P22_T4,P22,38,623,348927,348927,D,D,117,[_,6053,348927,354980,33,1+2+43,0,354980,355386,I,58+59,",_was_",False,False,False,2,False,False,False,2,2,True,True,True,1,1,1,False,um,,
SG12,P22_T4,P22,39,623,354980,355386,I,D,58+59,",_was_",686,355386,356072,6,1+2,0,356072,356462,I,60,auch_,False,False,False,2,False,False,False,2,2,False,False,False,2,2,2,False,", was",1.0,100.0
SG12,P22_T4,P22,40,623,356072,356462,I,D,60,auch_,4353,356462,360815,19,1+2+41,0,360815,361064,I,117+61,de,False,False,False,2,False,False,False,2,2,False,False,False,2,2,2,False,auch,1.0,100.0
SG12,P22_T4,P22,41,623,360815,361064,I,D,117+61,de,1045,361064,362109,6,1+2+39+40+46+47+53+54+55+56+57+59,0,362109,362765,C,117,[e]ie_,True,False,False,2,True,False,False,1,2,True,True,True,1,1,1,False,um dabei,0.0,50.0
SG12,P22_T4,P22,42,623,362109,362765,C,D,117,[e]ie_,36660,362765,399425,145,1+2+42,0,399425,402779,C,117+61+62+63+64,"_[_ei]abei_helfen_könnte,_die_",True,True,True,1,True,False,False,1,2,True,True,True,1,1,1,False,um,0.0,0.0
SG12,P22_T4,P22,43,623,404557,405322,D,D,117,[_eid,624,405322,405946,4,1+2,0,405946,407724,I,117,Emissionen_,True,False,False,2,False,False,False,2,2,True,True,True,1,1,1,False,um,0.0,0.0
SG12,P22_T4,P22,44,623,405946,407724,I,D,117,Emissionen_,52245,407724,459969,207,1+2+65+66+68,0,459969,463510,C,117,im_Zuge_der_Entw[w,True,False,False,2,True,False,False,1,2,True,True,True,1,1,1,False,um,0.0,50.0
SG12,P22_T4,P22,45,623,459969,463510,C,D,117,im_Zuge_der_Entw[w,749,463510,464259,6,63+65+66+68+117+118+119,3,464259,483135,C,117+65+66+67+68+69,"[tnE_red_eguZ_mi]zu_verringern,_die_im_zuge_d[d_eguz]Zuge_der_Entwaldung_entstehen._[_.nehetstne_gnudlawtnE_red_eguZ_mi_eid_,nregnirrev_uz_nenoissimE]as[s]us_der_Entwaldung_entstehende_Emissionen_",True,True,True,1,True,True,True,1,1,True,True,True,1,1,1,False,um,0.0,50.0
SG12,P22_T4,P22,46,623,485787,487331,I,D,70+71+72,zu_reduzieren._,1560,487331,488891,8,92+93+94+95+97+98+99+100+101+102,0,488891,489968,I,73+74,Einige_der_,False,False,False,2,False,False,False,2,2,False,False,False,2,2,2,False,zu reduzieren .,1.0,93.0
SG12,P22_T4,P22,47,623,488891,489968,I,D,73+74,Einige_der_,21637,489968,511605,111,1+2+46+47+53+54+55+56+57,0,511605,513805,I,117,anfälligsten_,False,False,False,2,False,False,False,2,2,False,False,False,2,2,2,False,Einige der,1.0,100.0
SG12,P22_T4,P22,48,623,511605,513805,I,D,117,anfälligsten_,1778,513805,515583,8,1+2+117+118+119,1,515583,520060,C,117,L#ä[ä#]ände_[_]r_der_Erde_haben_,True,False,False,2,True,False,False,1,2,True,True,True,1,1,1,False,um,0.0,0.0
SG12,P22_T4,P22,49,623,515583,520060,C,D,117,L#ä[ä#]ände_[_]r_der_Erde_haben_,5882,520060,525942,31,1+2,0,525942,526144,I,117,am_,True,False,False,2,False,False,False,2,2,True,True,True,1,1,1,False,um,0.0,0.0
SG12,P22_T4,P22,50,623,525942,526144,I,D,117,am_,3386,526144,529530,18,1+2+42+61+62+117+118+119,1,529530,530918,C,117,wenigsten_[_,True,False,False,2,True,False,False,1,2,True,True,True,1,1,1,False,um,0.0,50.0
SG12,P22_T4,P22,51,623,529530,530918,C,D,117,wenigsten_[_,3463,530918,534381,17,74+117+118+119,14,534381,540808,C,117+75+76+77,"[netsginew_ma_nebah_edrE_red_rednäL_netsgilläfna]Länder,_die_f+ür_[_rü+]ür_den_",True,True,True,1,True,True,True,1,1,True,True,True,1,1,1,False,um,0.0,0.0
SG12,P22_T4,P22,52,623,553413,561135,C,D,117+79+80+81+82+83+84+85,"Klimawandel_am_härtst[ts]esten_zu_sp+ü[ü+]üren_bekommen,_",1514,561135,562649,9,1+2+43+63+78+79+80+81+84,3,562649,563163,I,117+86,haben_,True,False,False,2,False,False,False,2,2,True,True,True,1,1,1,False,"um Klimawandel am härtesten zu spüren bekommen ,",1.0,98.0
SG12,P22_T4,P22,53,623,562649,563163,I,D,117+86,haben_,1560,563163,564723,7,1+2+65+66+67+68+75+77+80+81+84,0,564723,573647,C,117+86+87+88+89+90+91,"am_wenigste[etsginew_ma_]_nur_sehr_wenig_dazu_beigetragen_[_],_müssen_nun_aber_",True,True,True,1,True,True,True,1,1,True,True,True,1,1,1,False,um haben,1.0,100.0
SG12,P22_T4,P22,54,623,575472,576018,I,D,117,die_H,811,576018,576829,5,117+118+119,5,576829,576829,D,117,[H,True,False,False,2,True,False,False,1,2,True,True,False,1,1,2,False,um,0.0,0.0
SG12,P22_T4,P22,55,623,576829,576829,D,D,117,[H,1576,576829,578405,8,117+118+119,8,578405,579185,D,117,[_eid,True,False,False,2,True,False,False,1,2,True,True,False,1,1,2,False,um,0.0,0.0
SG12,P22_T4,P22,56,623,578405,579185,D,D,117,[_eid,46675,579185,625860,186,1+2+117+118+119,10,625860,626437,D,117,[_r,True,False,False,2,True,False,False,1,2,True,True,False,1,1,2,False,um,0.0,0.0
SG12,P22_T4,P22,57,623,625860,626437,D,D,117,[_r,1982,626437,628419,7,75+77+78+79+80+81+82+83+84+117+118+119,1,628419,629370,D,117,"[eba_nun_nessüm_,",True,False,False,2,True,False,False,1,2,True,True,False,1,1,2,False,um,0.0,0.0
SG12,P22_T4,P22,58,623,628419,629370,D,D,117,"[eba_nun_nessüm_,",874,629370,630244,1,92,0,630244,631351,C,117+91+92,[n]n._,True,False,False,2,True,False,False,1,2,True,True,False,1,1,2,False,um,0.0,50.0
SG12,P22_T4,P22,59,623,630244,631351,C,D,117+91+92,[n]n._,1295,631351,632646,6,1+2+93,0,632646,634830,I,117,Entwicklungsländer_,True,False,False,2,False,False,False,2,2,True,True,False,1,1,2,False,um beigetragen .,0.0,50.0
SG12,P22_T4,P22,60,623,632646,634830,I,D,117,Entwicklungsländer_,1514,634830,636344,8,1+2,0,636344,636344,D,117,[_,True,False,False,2,True,False,False,1,2,True,True,False,1,1,2,False,um,0.0,50.0
SG12,P22_T4,P22,61,623,636344,636344,D,D,117,[_,2028,636344,638372,9,94+95+97+98+99+100+101+102+103+104+105+111,0,638372,638372,D,117,[r,True,False,False,2,True,False,False,1,2,True,True,False,1,1,2,False,um,,
SG12,P22_T4,P22,62,623,638372,638372,D,D,117,[r,1372,638372,639744,11,113+117+118+119,10,639744,646343,C,103+117+93+94+95,[ednälsgnulkciwtnE]Insbesondere_die_Entwicklungsländer_,True,True,True,1,True,False,False,1,2,True,True,False,1,1,2,False,um,0.0,0.0
SG12,P22_T4,P22,63,623,647482,649104,I,D,104+105+117,müssen_sich_,2278,649104,651382,11,1+2+104,1,651382,651803,C,117,"[_],_",True,False,False,2,True,False,False,1,2,True,True,False,1,1,2,False,müssen sich um,1.0,100.0
SG12,P22_T4,P22,64,623,651382,651803,C,D,117,"[_],_",8143,651803,659946,45,1+2+93+94+95+97+98+99+100+101+102+104+105+111,0,659946,660118,D,117,"[_,",True,False,False,2,True,False,False,1,2,True,True,False,1,1,2,False,um,,
SG12,P22_T4,P22,65,623,659946,660118,D,D,117,"[_,",1685,660118,661803,8,1+2+43+104,0,661803,666187,C,105+117,",_aös[sö]ls_Hauptleidtragende,_",True,False,False,2,True,False,False,1,2,True,True,False,1,1,2,False,um,0.0,0.0
SG12,P22_T4,P22,66,623,661803,666187,C,D,105+117,",_aös[sö]ls_Hauptleidtragende,_",1138,666187,667325,6,104+105+106+107+108+111,1,667325,668511,I,106+107,auf_die_,False,False,False,2,False,False,False,2,2,True,True,False,1,1,2,False,sich um,0.0,43.0
SG12,P22_T4,P22,67,623,667325,668511,I,D,106+107,auf_die_,1763,668511,670274,5,105+108+109+111,0,670274,676763,C,108+109+110+111+117,Veränderungen_des_Klimm[m]awandels_einstellen._,False,False,False,2,False,False,False,2,2,False,False,False,2,2,2,False,auf die,1.0,100.0
SG12,P22_T4,P22,68,623,670274,676763,C,D,108+109+110+111+117,Veränderungen_des_Klimm[m]awandels_einstellen._,25803,676763,702566,107,1+2+93+96+113+114+115+117+118+119,3,702566,702956,I,117,Dies,True,False,False,2,False,False,False,2,2,True,True,False,1,1,2,False,Veränderungen des Klimawandels einstellen um,1.0,98.0
SG12,P22_T4,P22,69,623,702566,702956,I,D,117,Dies,842,702956,703798,6,0+5+117+118+119,2,703798,704282,C,117,_[_,True,False,False,2,True,False,False,1,2,True,True,False,1,1,2,False,um,0.0,0.0
SG12,P22_T4,P22,70,623,703798,704282,C,D,117,_[_,25569,704282,729851,143,1+2+70+71+91+94+95+97+98+99+100+101+102+117+118+119,3,729851,730584,D,117,[seiD_.,True,False,False,2,True,False,False,1,2,True,True,False,1,1,2,False,um,,
SG12,P22_T4,P22,71,623,729851,730584,D,D,117,[seiD_.,3447,730584,734031,16,1+2+94+95+97+98+99+100+101+102,0,734031,734031,I,111,_,False,False,False,2,False,False,False,2,2,True,True,False,1,1,2,False,um,0.0,0.0
SG12,P22_T4,P22,72,623,734031,734031,I,D,111,_,23276,734031,757307,85,1+2+94+95+97+98+99+100+101+102+116+117+118+119,0,757307,759990,I,112+117,und_Maßnahmen_zur_,False,False,False,2,False,False,False,2,2,False,False,False,2,2,2,False,einstellen,,
SG12,P22_T4,P22,73,623,757307,759990,I,D,112+117,und_Maßnahmen_zur_,15241,759990,775231,62,1+2+29+30+59+61+62+78+79+80+81+84+94+95+97+98+99+100+101+102+116+117+118+119,6,775231,775325,I,96,",_",False,False,False,2,False,False,False,2,2,True,True,False,1,1,2,False,und um,1.0,83.0
SG12,P22_T4,P22,74,623,775231,775325,I,D,96,",_",5834,775325,781159,22,90+91+93+94+95+96+97+98+99+100+101+102+104+105+111,3,781159,782766,I,97+98+99,die_nicht_selten,False,False,False,2,False,False,False,2,2,False,False,False,2,2,2,False,",",,
SG12,P22_T4,P22,75,623,781159,782766,I,D,97+98+99,die_nicht_selten,671,782766,783437,3,1+2+80+81+84,0,783437,788023,C,100+101+102+103+99,"_die_HA[A]auptleidtragenden_sind,_[_",True,False,False,2,True,False,False,1,2,True,False,False,1,2,2,False,die nicht selten,1.0,100.0
SG12,P22_T4,P22,76,623,783437,788023,C,D,100+101+102+103+99,"_die_HA[A]auptleidtragenden_sind,_[_",5897,788023,793920,23,104+105+109+110+111+116+117+118+119,0,793920,794076,D,105,"[_als_Hauptleidtragende,,",False,False,False,2,False,False,False,2,2,False,False,False,2,2,2,False,"die Hauptleidtragenden sind , selten",1.0,97.0
SG12,P22_T4,P22,77,623,793920,794076,D,D,105,"[_als_Hauptleidtragende,,",25881,794076,819957,89,1+2+73+91+116,0,819957,821283,D,117,[ruz_nemhanßaM_,False,False,False,2,False,False,False,2,2,False,False,False,2,2,2,False,sich,0.0,50.0
SG12,P22_T4,P22,78,623,819957,821283,D,D,117,[ruz_nemhanßaM_,624,821283,821907,2,94+95+97+98+99+100+101+102,0,821907,821907,I,113,_,False,False,False,2,False,False,False,2,2,True,True,False,1,1,2,False,um,0.0,50.0
SG12,P22_T4,P22,79,623,821907,821907,I,D,113,_,20795,821907,842702,64,76+78+79+94+95+96+97+98+99+100+101+102+105+111+114+115,0,842702,842967,I,114,Maß,False,False,False,2,False,False,False,2,2,False,False,False,2,2,2,False,gleichzeitig,,
SG12,P22_T4,P22,80,623,842702,842967,I,D,114,Maß,1014,842967,843981,5,94+95+97+98+99+100+101+102+104,0,843981,845432,I,114+117,nahmen_zur_,True,False,False,2,False,False,False,2,2,True,True,False,1,1,2,False,Maßnahmen,1.0,100.0
SG12,P22_T4,P22,81,623,843981,845432,I,D,114+117,nahmen_zur_,5756,845432,851188,11,94+95+97+98+99+100+101+102+104+114+115,5,851188,853388,C,114+115+116+117,"[_ruz_]_ergreifen,_",True,True,True,1,True,False,False,1,2,True,True,False,1,1,2,False,Maßnahmen um,1.0,80.0
SG12,P22_T4,P22,82,623,854480,855151,I,D,117,diesen_,37189,855151,892340,134,1+2+104+114+115+116,0,892340,894588,C,117+118+119+120,[diesen_____]um_diesen_aufzuhalten.,True,True,True,1,True,False,False,1,2,True,True,False,1,1,2,False,um,0.0,0.0
SG12,P22_T5,P22,83,670,45022,47892,I,D,1,Soziologie_ist_,1030,47892,48922,5,1+2,5,48922,55209,C,1+2+3+4+5,[_tsi_eigoloizoS]Die_Soziolio[oi]ogie_ist_ein_relativ_,True,True,True,1,True,True,True,1,1,True,True,True,1,1,1,False,Die,0.0,67.0
SG12,P22_T5,P22,84,670,57128,63321,C,D,6+8,"junges_akda[ad]ade,os[so,]misches_Fach._",3822,63321,67143,20,1+2,0,67143,67502,I,9,Sie_,False,False,False,2,False,False,False,2,2,False,False,False,2,2,2,False,junges .,1.0,88.0
SG12,P22_T5,P22,85,670,67143,67502,I,D,9,Sie_,795,67502,68297,4,9+10+11,1,68297,72931,I,10+11+12+13+14+15,entstand_im_frühen_19._Jahrhundert,False,False,False,2,False,False,False,2,2,False,False,False,2,2,2,False,Sie,1.0,100.0
SG12,P22_T5,P22,86,670,68297,72931,I,D,10+11+12+13+14+15,entstand_im_frühen_19._Jahrhundert,5257,72931,78188,26,1+2+15+16,1,78188,80138,I,15+16,_als_Reaktion_,True,False,False,2,False,False,False,2,2,False,False,False,2,2,2,False,entstand im frühen 19 . Jahrhundert,1.0,97.0
SG12,P22_T5,P22,87,670,78188,80138,I,D,15+16,_als_Reaktion_,749,80138,80887,3,17+18,0,80887,80887,D,16,[_,True,False,False,2,True,False,False,1,2,True,False,False,1,2,2,False,Jahrhundert als,0.0,25.0
SG12,P22_T5,P22,88,670,80887,80887,D,D,16,[_,1388,80887,82275,9,1+2+5+7+9+14+17,0,82275,82977,D,16,[noitkaeR,True,False,False,2,True,False,False,1,2,True,False,False,1,2,2,False,als,,
SG12,P22_T5,P22,89,670,82275,82977,D,D,16,[noitkaeR,1357,82977,84334,0,,0,84334,86253,I,17+18+19,Reaktion_auf_die_,False,False,False,2,False,False,False,2,2,False,False,False,2,2,2,False,als,0.0,33.0
SG12,P22_T5,P22,90,670,84334,86253,I,D,17+18+19,Reaktion_auf_die_,10499,86253,96752,40,1+2+17,4,96752,101916,C,20+21+22+23,Herausfr[r]orderungen_der_Moderne._,False,False,False,2,False,False,False,2,2,False,False,False,2,2,2,False,Reaktion auf die,1.0,100.0
SG12,P22_T5,P22,91,670,96752,101916,C,D,20+21+22+23,Herausfr[r]orderungen_der_Moderne._,3369,101916,105285,16,1+2+7+15,0,105285,108795,I,24+25+26,Zunehmende_Mobilität_und_i,False,False,False,2,False,False,False,2,2,False,False,False,2,2,2,False,Herausforderungen der Moderne .,1.0,97.0
SG12,P22_T5,P22,92,670,105285,108795,I,D,24+25+26,Zunehmende_Mobilität_und_i,1513,108795,110308,8,25+26+27+28+29,5,110308,112024,C,26,[i]immer_mehr_,True,False,False,2,True,False,False,1,2,True,True,True,1,1,1,False,Zunehmende Mobilität und,1.0,100.0
SG12,P22_T5,P22,93,670,110308,112024,C,D,26,[i]immer_mehr_,765,112024,112789,4,1+2+26,1,112789,114645,I,26,technologische_,True,False,False,2,False,False,False,2,2,True,True,True,1,1,1,False,und,0.0,0.0
SG12,P22_T5,P22,94,670,112789,114645,I,D,26,technologische_,999,114645,115644,4,24+25+26,1,115644,122165,C,26+27+28+29,[_ehcsigolonhcet_rhem_remmi_]_der_technologische_Fortscr[r]hritt_,True,True,True,1,True,True,True,1,1,True,True,True,1,1,1,False,und,0.0,33.0
SG12,P22_T5,P22,95,670,123335,126283,I,D,30+31+32+33,"führten_dazu,_dass_",9313,126283,135596,40,1+2,0,135596,136095,I,34,imm,False,False,False,2,False,False,False,2,2,False,False,False,2,2,2,False,"führten dazu , dass",1.0,94.0
SG12,P22_T5,P22,96,670,135596,136095,I,D,34,imm,952,136095,137047,4,1+2+37,0,137047,138825,C,34+35,er_M[M]mehr_,True,False,False,2,True,False,False,1,2,True,False,False,1,2,2,False,immer,1.0,100.0
SG12,P22_T5,P22,97,670,137047,138825,C,D,34+35,er_M[M]mehr_,796,138825,139621,4,26+27+29+30+33,0,139621,140385,I,36,Menschen_,False,False,False,2,False,False,False,2,2,False,False,False,2,2,2,False,immer mehr,1.0,100.0
SG12,P22_T5,P22,98,670,139621,140385,I,D,36,Menschen_,1170,140385,141555,7,1+2+20,0,141555,143287,I,36,Kulturen_und_,True,False,False,2,False,False,False,2,2,True,True,True,1,1,1,False,Menschen,1.0,100.0
SG12,P22_T5,P22,99,670,141555,143287,I,D,36,Kulturen_und_,796,143287,144083,3,36,3,144083,145861,I,36,Gesellschaften_,True,False,False,2,False,False,False,2,2,True,True,True,1,1,1,False,Menschen,0.0,38.0
SG12,P22_T5,P22,100,670,144083,145861,I,D,36,Gesellschaften_,4212,145861,150073,22,1+2+27+28+29+31+36+37,2,150073,154862,C,36+37+38+39,[_netfahcslleseG_dnu_nerutluK]in_Kontakt_mit_Kulturen_und_,True,True,True,1,True,True,True,1,1,True,True,True,1,1,1,False,Menschen,0.0,62.0
SG12,P22_T5,P22,101,670,165424,166094,I,D,44+45,kamen._,37550,166094,203644,132,1+2+22+30,0,203644,206233,C,46+47+48,DIe_[_eI]ie_Folgen_die,False,True,False,2,False,False,False,2,2,False,False,False,2,2,2,False,kamen .,1.0,83.0
SG12,P22_T5,P22,102,670,203644,206233,C,D,46+47+48,DIe_[_eI]ie_Folgen_die,796,206233,207029,5,28+46+47,3,207029,207435,I,48,ses_,True,False,False,2,False,False,False,2,2,False,False,False,2,2,2,False,Die Folgen dieses,1.0,100.0
SG12,P22_T5,P22,103,670,207029,207435,I,D,48,ses_,920,207435,208355,4,48,4,208355,209369,I,49,Kontakts_,False,False,False,2,False,False,False,2,2,False,False,False,2,2,2,False,dieses,1.0,100.0
SG12,P22_T5,P22,104,670,208355,209369,I,D,49,Kontakts_,2917,209369,212286,13,1+2+49,1,212286,215235,I,50+51+52,"waren_unterschiedlich,_",False,False,False,2,False,False,False,2,2,False,False,False,2,2,2,False,Kontakts,1.0,100.0
SG12,P22_T5,P22,105,670,212286,215235,I,D,50+51+52,"waren_unterschiedlich,_",1263,215235,216498,7,53+54+55+56+57,0,216498,216498,I,52,f,True,False,False,2,False,False,False,2,2,True,True,True,1,1,1,False,"waren unterschiedlich ,",1.0,95.0
SG12,P22_T5,P22,106,670,216498,216498,I,D,52,f,1217,216498,217715,5,53+57+58,0,217715,217715,D,52,[f,True,False,False,2,True,False,False,1,2,True,True,True,1,1,1,False,",",,
SG12,P22_T5,P22,107,670,217715,217715,D,D,52,[f,1357,217715,219072,9,1+2+51,0,219072,219525,I,52,ließ,True,False,False,2,False,False,False,2,2,True,True,True,1,1,1,False,",",,
SG12,P22_T5,P22,108,670,219072,219525,I,D,52,ließ,764,219525,220289,6,38+43+44+47+50+51,0,220289,221709,I,52,en_jedoch_in_,True,False,False,2,False,False,False,2,2,True,True,True,1,1,1,False,",",,
SG12,P22_T5,P22,109,670,220289,221709,I,D,52,en_jedoch_in_,4212,221709,225921,25,1+2+34+35,0,225921,226872,I,52,einigen_,True,False,False,2,False,False,False,2,2,True,True,True,1,1,1,False,",",,
SG12,P22_T5,P22,110,670,225921,226872,I,D,52,einigen_,2122,226872,228994,9,7+34+35+36+38+40+44+52,3,228994,230679,I,52,Gesellschaften_,True,False,False,2,False,False,False,2,2,True,True,True,1,1,1,False,",",,
SG12,P22_T5,P22,111,670,228994,230679,I,D,52,Gesellschaften_,1263,230679,231942,7,1+2,0,231942,231942,I,52,d,True,False,False,2,False,False,False,2,2,True,True,True,1,1,1,False,",",,
SG12,P22_T5,P22,112,670,231942,231942,I,D,52,d,1436,231942,233378,7,1+2+28+40+48+49,0,233378,237387,C,52+53,[d_netfahcslleseG_neginie_ni_hcodej_neßeil]f+j[j+,True,True,True,1,True,True,True,1,1,True,True,True,1,1,1,False,",",,
SG12,P22_T5,P22,113,670,238058,243284,I,D,53+54+55+56+57+58,ührten_jedoch_in_einigen_Gesellschaften_zu_,1965,243284,245249,14,1+2+42,0,245249,260179,C,58+59+60+61+62+63,[_]m_Wegfall_traditioneller_[_rellenoitidart_llafgeW]Bedeutungsverlust_tradionteller_[_rellet]eller_Normen_und_Gebräuche_,True,True,True,1,True,True,True,1,1,True,True,True,1,1,1,False,führten jedoch in einigen Gesellschaften zum,1.0,100.0
SG12,P22_T5,P22,114,670,262628,262940,I,D,64,und_,8736,262940,271676,44,1+2+49+50+51+54+55+56+63,0,271676,272487,I,65,sorf,False,False,False,2,False,False,False,2,2,False,False,False,2,2,2,False,und,1.0,100.0
SG12,P22_T5,P22,115,670,271676,272487,I,D,65,sorf,687,272487,273174,1,64,0,273174,274734,C,65+66,[f]gten_für_ein_,True,False,False,2,True,False,False,1,2,True,False,False,1,2,2,False,sorgten,1.0,75.0
SG12,P22_T5,P22,116,670,273174,274734,C,D,65+66,[f]gten_für_ein_,5116,274734,279850,20,1+2+50+51+63+65+68+112,1,279850,280474,D,66,[_nie_r,True,False,False,2,True,False,False,1,2,True,False,False,1,2,2,False,sorgten für,0.0,73.0
SG12,P22_T5,P22,117,670,279850,280474,D,D,66,[_nie_r,1872,280474,282346,7,1+2+64,0,282346,282456,I,66,r_,True,False,False,2,False,False,False,2,2,False,False,False,2,2,2,False,für,0.0,33.0
SG12,P22_T5,P22,118,670,282346,282456,I,D,66,r_,1809,282456,284265,7,63+68,0,284265,287104,I,67,neues_Verständnis_für_,False,False,False,2,False,False,False,2,2,False,False,False,2,2,2,False,für,,
SG12,P22_T5,P22,119,670,284265,287104,I,D,67,neues_Verständnis_für_,21872,287104,308976,108,1+2+40+140,0,308976,310193,D,67,[_rüf_sindnät,True,False,False,2,True,False,False,1,2,True,False,False,1,2,2,False,neues,1.0,100.0
SG12,P22_T5,P22,120,670,308976,310193,D,D,67,[_rüf_sindnät,4929,310193,315122,18,1+2+43+55+65,0,315122,316807,I,67,tändnis_der_,True,False,False,2,False,False,False,2,2,True,False,False,1,2,2,False,neues,0.0,20.0
SG12,P22_T5,P22,121,670,315122,316807,I,D,67,tändnis_der_,2324,316807,319131,14,41+55+56+57,0,319131,319818,D,67,[_red_sin,True,False,False,2,True,False,False,1,2,True,False,False,1,2,2,False,neues,0.0,40.0
SG12,P22_T5,P22,122,670,319131,319818,D,D,67,[_red_sin,2433,319818,322251,10,1+2+55,0,322251,322969,D,67,[dnät,True,False,False,2,True,False,False,1,2,True,False,False,1,2,2,False,neues,0.0,40.0
SG12,P22_T5,P22,123,670,322251,322969,D,D,67,[dnät,8221,322969,331190,45,1+2+59+63+65+140,0,331190,334809,C,67+68+69,[sreV]Wö[ö]eltverständnis._,True,False,False,2,True,False,False,1,2,True,False,False,1,2,2,False,neues,0.0,20.0
SG12,P22_T5,P22,124,670,331190,334809,C,D,67+68+69,[sreV]Wö[ö]eltverständnis._,1545,334809,336354,11,61+63+65+67+68+70,4,336354,339084,C,70,Sozilo[ol]ologen_,False,False,False,2,False,False,False,2,2,False,False,False,2,2,2,False,neues Weltverständnis .,1.0,94.0
SG12,P22_T5,P22,125,670,336354,339084,C,D,70,Sozilo[ol]ologen_,3978,339084,343062,22,1+2+63,0,343062,345168,I,70,reagierten_auf_diese_,True,False,False,2,False,False,False,2,2,True,True,True,1,1,1,False,Soziologen,1.0,100.0
SG12,P22_T5,P22,126,670,343062,345168,I,D,70,reagierten_auf_diese_,1154,345168,346322,7,58+59+62+63,0,346322,348179,C,70,Veränderungen_[_,True,False,False,2,True,False,False,1,2,True,True,True,1,1,1,False,Soziologen,0.0,30.0
SG12,P22_T5,P22,127,670,346322,348179,C,D,70,Veränderungen_[_,1809,348179,349988,9,70+78+79+82+84,4,349988,358709,C,70+71+72+73+74+75,",_indem[medni_,negnurednäreV_eseid_fua_netreigaer]beschäftigten_sich_mit_diesen_Veränderungen",True,True,True,1,True,True,True,1,1,True,True,True,1,1,1,False,Soziologen,0.0,30.0
SG12,P22_T5,P22,128,670,359926,362344,C,D,75+76+77,",_[_,]_und_versuchten,_",4633,362344,366977,21,1+2+77,2,366977,369192,C,77+78+79,"[_,]_herauszufinden,_",True,False,False,2,True,False,False,1,2,True,False,False,1,2,2,False,Veränderungen und versuchten,1.0,93.0
SG12,P22_T5,P22,129,670,366977,369192,C,D,77+78+79,"[_,]_herauszufinden,_",1763,369192,370955,9,1+2,0,370955,371236,I,80,was_,False,False,False,2,False,False,False,2,2,False,False,False,2,2,2,False,"versuchten herauszufinden ,",1.0,93.0
SG12,P22_T5,P22,130,670,370955,371236,I,D,80,was_,780,371236,372016,4,1+2+68+78+79,0,372016,377070,C,80,soziale_Gruüüe[eüü]ppen_zusammenhält_,True,False,False,2,True,False,False,1,2,True,True,True,1,1,1,False,welche,0.0,33.0
SG12,P22_T5,P22,131,670,372016,377070,C,D,80,soziale_Gruüüe[eüü]ppen_zusammenhält_,12730,377070,389800,59,1+2+7+64+65+66+67+68+78+79,0,389800,391797,C,80,[_tlähnemmasuz_neppurG_elaizos_sa]e,True,True,True,1,True,True,True,1,1,True,True,True,1,1,1,False,welche,0.0,33.0
SG12,P22_T5,P22,132,670,409986,417724,C,D,80+81+82+83+84,[e]as[sa]elche_Faktio[oi]oren_soziale_Gruppen_zusammenhalten_,1529,417724,419253,8,68,0,419253,419502,I,85,und_,False,False,False,2,False,False,False,2,2,False,False,False,2,2,2,False,welche Faktoren soziale Gruppen zusammenhalten,1.0,100.0
SG12,P22_T5,P22,133,670,419253,419502,I,D,85,und_,6256,419502,425758,39,1+2+80+81+86,0,425758,426616,I,86+87,welche_L,False,False,False,2,False,False,False,2,2,False,False,False,2,2,2,False,und,1.0,100.0
SG12,P22_T5,P22,134,670,425758,426616,I,D,86+87,welche_L,1232,426616,427848,3,87,3,427848,429018,I,87+88,ösungen_es_,True,False,False,2,False,False,False,2,2,False,False,False,2,2,2,False,welche Lösungen,1.0,100.0
SG12,P22_T5,P22,135,670,427848,429018,I,D,87+88,ösungen_es_,983,429018,430001,7,59+75+76+77+78+79+84,0,430001,430672,I,89+90,für_de,False,False,False,2,False,False,False,2,2,False,False,False,2,2,2,False,Lösungen es,1.0,100.0
SG12,P22_T5,P22,136,670,430001,430672,I,D,89+90,für_de,671,430672,431343,3,84+90+99,1,431343,431452,I,90,n_,True,False,False,2,False,False,False,2,2,True,True,True,1,1,1,False,für die,1.0,83.0
SG12,P22_T5,P22,137,670,431343,431452,I,D,90,n_,1685,431452,433137,8,89+90+100,1,433137,433324,D,90,[_n,True,False,False,2,True,False,False,1,2,True,True,True,1,1,1,False,die,,
SG12,P22_T5,P22,138,670,433137,433324,D,D,90,[_n,889,433324,434213,0,,0,434213,434213,D,90,[e,True,False,False,2,True,False,False,1,2,True,True,True,1,1,1,False,die,0.0,0.0
SG12,P22_T5,P22,139,670,434213,434213,D,D,90,[e,2699,434213,436912,13,1+2+60+75+90,1,436912,437177,I,90,ie_,True,False,False,2,False,False,False,2,2,True,True,True,1,1,1,False,die,0.0,50.0
SG12,P22_T5,P22,140,670,436912,437177,I,D,90,ie_,2652,437177,439829,13,1+2+90,1,439829,441109,I,90,abnehmende_,True,False,False,2,False,False,False,2,2,True,True,True,1,1,1,False,die,1.0,100.0
SG12,P22_T5,P22,141,670,439829,441109,I,D,90,abnehmende_,6006,441109,447115,44,1+2+88+90+91+92+97+98,14,447115,456319,C,90+91+92+93+94+95+96,[_ednemhenba]geringer_werdende_Soilda[adli]lidarität_in_der_Gesellschaft_,True,True,True,1,True,True,True,1,1,True,True,True,1,1,1,False,die,0.0,67.0
SG12,P22_T5,P22,142,670,469735,472215,C,D,97+98+99,gene[en]ben_könnte._,1077,472215,473292,6,84+100,0,473292,476240,C,100+101,Der_Begriff_Sozi[izoS,False,False,False,2,False,False,False,2,2,False,False,False,2,2,2,False,geben könnte .,1.0,92.0
SG12,P22_T5,P22,143,670,473292,476240,C,D,100+101,Der_Begriff_Sozi[izoS,686,476240,476926,0,,0,476926,478830,I,102,'Soziologie,False,False,False,2,False,False,False,2,2,False,False,False,2,2,2,False,Der Begriff,1.0,100.0
SG12,P22_T5,P22,144,670,476926,478830,I,D,102,'Soziologie,686,478830,479516,1,102+103,1,479516,479641,I,103,'_,False,False,False,2,False,False,False,2,2,False,False,False,2,2,2,False,'Soziologie,1.0,100.0
SG12,P22_T5,P22,145,670,479516,479641,I,D,103,'_,1045,479641,480686,7,104+106+107+114,0,480686,487176,C,104+106+107+108+109+110,wurde_von_Augü[ü]uste_Comüt[tü]te_(1,False,False,False,2,False,False,False,2,2,False,False,False,2,2,2,False,',,
SG12,P22_T5,P22,146,670,480686,487176,C,D,104+106+107+108+109+110,wurde_von_Augü[ü]uste_Comüt[tü]te_(1,1154,487176,488330,3,110+121+122,2,488330,488330,I,110,7,True,False,False,2,False,False,False,2,2,False,False,False,2,2,2,False,wurde von Auguste Comte ( 1798,1.0,96.0
SG12,P22_T5,P22,147,670,488330,488330,I,D,110,7,1014,488330,489344,5,46+75+85+88+97+98,0,489344,489469,I,110,98,True,False,False,2,False,False,False,2,2,False,False,False,2,2,2,False,1798,,
SG12,P22_T5,P22,148,670,489344,489469,I,D,110,98,702,489469,490171,1,129,0,490171,494991,C,111+112+113+114,-1858[8]7)_geü[ü]prägt,False,False,False,2,False,False,False,2,2,False,False,False,2,2,2,False,1798,1.0,100.0
SG12,P22_T5,P22,149,670,490171,494991,C,D,111+112+113+114,-1858[8]7)_geü[ü]prägt,4774,494991,499765,25,102+103+105+106+107+108+112+114,7,499765,500904,I,105,1838_,False,False,False,2,False,False,False,2,2,False,False,False,2,2,2,False,- 1857 ) geprägt,1.0,93.0
SG12,P22_T5,P22,150,670,499765,500904,I,D,105,1838_,4103,500904,505007,18,1+2+107+108+113+114,0,505007,505007,I,114,_,False,False,False,2,False,False,False,2,2,False,False,False,2,2,2,False,1838,1.0,100.0
SG12,P22_T5,P22,151,670,505007,505007,I,D,114,_,826,505007,505833,3,114+118,2,505833,506130,I,115,und_,False,False,False,2,False,False,False,2,2,False,False,False,2,2,2,False,geprägt,,
SG12,P22_T5,P22,152,670,505833,506130,I,D,115,und_,3822,506130,509952,17,93+94+95+96+99+102+103+105+106+112+114+115+116+117+118+139+140,6,509952,512261,C,115,entstamm[mmatstne,True,False,False,2,True,False,False,1,2,True,False,False,1,2,2,False,und,1.0,100.0
SG12,P22_T5,P22,153,670,509952,512261,C,D,115,entstamm[mmatstne,5709,512261,517970,36,1+2+49+115+116+117+139,2,517970,522463,C,116+117+118,geht_auf_den_latai[ia]eins[snietal,False,False,False,2,False,False,False,2,2,False,False,False,2,2,2,False,und,0.0,33.0
SG12,P22_T5,P22,154,670,517970,522463,C,D,116+117+118,geht_auf_den_latai[ia]eins[snietal,780,522463,523243,0,,0,523243,525661,I,119+120,lateinischen_Begriff_,False,False,False,2,False,False,False,2,2,False,False,False,2,2,2,False,geht auf den,1.0,100.0
SG12,P22_T5,P22,155,670,523243,525661,I,D,119+120,lateinischen_Begriff_,1732,525661,527393,3,114+119,2,527393,530404,C,121,'Soci[icoS]socius,False,False,False,2,False,False,False,2,2,False,False,False,2,2,2,False,lateinischen Begriff,1.0,100.0
SG12,P22_T5,P22,156,670,527393,530404,C,D,121,'Soci[icoS]socius,1653,530404,532057,7,101+106+124+126,0,532057,532556,I,122+123,'_(,False,False,False,2,False,False,False,2,2,False,False,False,2,2,2,False,'socius,1.0,100.0
SG12,P22_T5,P22,157,670,532057,532556,I,D,122+123,'_(,952,532556,533508,5,124+126,0,533508,534740,I,124+125,"Gefährte,_",False,False,False,2,False,False,False,2,2,False,False,False,2,2,2,False,' (,,
SG12,P22_T5,P22,158,670,533508,534740,I,D,124+125,"Gefährte,_",61699,534740,596439,204,1+2+91+92+93+99+100+104+107+125,1,596439,597796,I,126+127,Kollege)_,False,False,False,2,False,False,False,2,2,False,False,False,2,2,2,False,"Gefährte ,",1.0,89.0
SG12,P22_T5,P22,159,670,596439,597796,I,D,126+127,Kollege)_,1700,597796,599496,14,114+115+116+117+118+128+130+131+135+136+137+139+140,0,599496,600963,C,127+128+129,un[nu]sowie_den_,True,False,False,2,True,False,False,1,2,True,False,False,1,2,2,False,Kollege ),1.0,88.0
SG12,P22_T5,P22,160,670,599496,600963,C,D,127+128+129,un[nu]sowie_den_,764,600963,601727,5,105+107+130,0,601727,606329,C,130+131,griechsiche[ehcis]ischen_Begriff_(,False,True,False,2,False,False,False,2,2,False,False,False,2,2,2,False,) sowie den,1.0,100.0
SG12,P22_T5,P22,161,670,601727,606329,C,D,130+131,griechsiche[ehcis]ischen_Begriff_(,749,606329,607078,4,131+132+133,3,607078,608420,C,131+132,[(]'logia,True,False,False,2,True,False,False,1,2,True,False,False,1,2,2,False,griechischen Begriff,1.0,100.0
SG12,P22_T5,P22,162,670,607078,608420,C,D,131+132,[(]'logia,811,608420,609231,2,110+131,1,609231,609995,I,133+134,'_(,False,False,False,2,False,False,False,2,2,False,False,False,2,2,2,False,Begriff 'logia,1.0,100.0
SG12,P22_T5,P22,163,670,609231,609995,I,D,133+134,'_(,2340,609995,612335,14,1+2,0,612335,613989,C,135+136,Lehre_von_[_,False,False,False,2,False,False,False,2,2,False,False,False,2,2,2,False,' (,,
SG12,P22_T5,P22,164,670,612335,613989,C,D,135+136,Lehre_von_[_,920,613989,614909,2,1+2+137,0,614909,615003,I,140,",_",False,False,False,2,False,False,False,2,2,False,False,False,2,2,2,False,"Lehre ,",1.0,86.0
SG12,P22_T5,P22,165,670,614909,615003,I,D,140,",_",2106,615003,617109,10,1+2+114,0,617109,617109,D,140,[_,True,False,False,2,True,False,False,1,2,True,True,False,1,1,2,False,.,,
SG12,P22_T5,P22,166,670,617109,617109,D,D,140,[_,50419,617109,667528,163,1+2+112+131,0,667528,667591,I,136,",_",False,False,False,2,False,False,False,2,2,True,True,False,1,1,2,False,.,,
SG12,P22_T5,P22,167,670,667528,667591,I,D,136,",_",24024,667591,691615,86,1+2,0,691615,692208,I,138,Sprache,False,False,False,2,False,False,False,2,2,False,False,False,2,2,2,False,",",,
SG12,P22_T5,P22,168,670,691615,692208,I,D,138,Sprache,842,692208,693050,1,137,0,693050,696529,C,140,9_[_9]9_ZUR[RUZ_9]9[9,False,True,False,2,False,False,False,2,2,False,False,False,2,2,2,False,),,
SG12,P22_T5,P22,169,670,697512,698947,I,D,138+139+140,)_zurück._,1123,698947,700070,9,1+2+137,0,700070,700070,D,140,[#_,True,False,False,2,True,False,False,1,2,True,False,False,1,2,2,False,) zurück .,1.0,89.0
SG12,P23_T1,P23,1,1556,89451,98514,C,D,1+2+3,Viermal_l[l]Lebenslänglich_für_,3245,98514,101759,0,,0,101759,101759,I,5,_,False,False,False,2,False,False,False,2,2,False,False,False,2,2,2,False,Viermal Lebenslänglich für,1.0,100.0
SG12,P23_T1,P23,2,1556,101759,101759,I,D,5,_,18861,101759,120620,0,,0,120620,120932,I,6,De,False,False,False,2,False,False,False,2,2,False,False,False,2,2,2,False,Krankenpfleger,,
SG12,P23_T1,P23,3,1556,120620,120932,I,D,6,De,3276,120932,124208,0,,0,124208,130510,I,6+7+8,r_Krankenpfleger_Colin_,True,False,False,2,False,False,False,2,2,False,False,False,2,2,2,False,Der,1.0,100.0
SG12,P23_T1,P23,4,1556,124208,130510,I,D,6+7+8,r_Krankenpfleger_Colin_,2090,130510,132600,0,,0,132600,133911,I,9,Norris_,False,False,False,2,False,False,False,2,2,False,False,False,2,2,2,False,Der Krankenpfleger Colin,1.0,100.0
SG12,P23_T1,P23,5,1556,132600,133911,I,D,9,Norris_,4680,133911,138591,0,,0,138591,139574,I,10,wurde_,False,False,False,2,False,False,False,2,2,False,False,False,2,2,2,False,Norris,1.0,100.0
SG12,P23_T1,P23,6,1556,138591,139574,I,D,10,wurde_,2574,139574,142148,0,,0,142148,143349,I,11,gestern_,False,False,False,2,False,False,False,2,2,False,False,False,2,2,2,False,wurde,1.0,100.0
SG12,P23_T1,P23,7,1556,142148,143349,I,D,11,gestern_,6568,143349,149917,0,,0,149917,157124,I,12+13+14+15,zu_lebenslanger_Haft_verurteilt,False,False,False,2,False,False,False,2,2,False,False,False,2,2,2,False,gestern,1.0,100.0
SG12,P23_T1,P23,8,1556,149917,157124,I,D,12+13+14+15,zu_lebenslanger_Haft_verurteilt,3385,157124,160509,0,,0,160509,162085,I,16+17+18,",_weil_er_",False,False,False,2,False,False,False,2,2,False,False,False,2,2,2,False,zu lebenslanger Haft verurteilt,1.0,100.0
SG12,P23_T1,P23,9,1556,160509,162085,I,D,16+17+18,",_weil_er_",2168,162085,164253,0,,0,164253,167919,I,19+20+21,vier_seiner_Patienten_,False,False,False,2,False,False,False,2,2,False,False,False,2,2,2,False,", weil er",1.0,100.0
SG12,P23_T1,P23,10,1556,164253,167919,I,D,19+20+21,vier_seiner_Patienten_,1576,167919,169495,0,,0,169495,172740,I,22+23+24,getötet_hatte.,False,False,False,2,False,False,False,2,2,True,False,False,1,2,2,False,vier seiner Patientinnen,1.0,95.0
SG12,P23_T1,P23,11,1556,169495,172740,I,D,22+23+24,getötet_hatte.,11310,172740,184050,5,19+21+22+23,2,184050,185110,I,24+27,_Der_,True,False,False,2,False,False,False,2,2,False,False,False,2,2,2,False,getötet hatte .,1.0,93.0
SG12,P23_T1,P23,12,1556,184050,185110,I,D,24+27,_Der_,3183,185110,188293,0,,0,188293,190492,I,28,32-J,False,False,False,2,False,False,False,2,2,True,False,False,1,2,2,False,. der,1.0,100.0
SG12,P23_T1,P23,13,1556,188293,190492,I,D,28,32-J,3292,190492,193784,0,,0,193784,199587,C,28+29,[J]jährige_Norris_,True,False,False,2,True,False,False,1,2,True,False,False,1,2,2,False,32-jährige,1.0,100.0
SG12,P23_T1,P23,14,1556,193784,199587,C,D,28+29,[J]jährige_Norris_,2044,199587,201631,0,,0,201631,204423,I,30+31,ais_Glasgow,False,False,False,2,False,False,False,2,2,False,False,False,2,2,2,False,32-jährige Norris,1.0,100.0
SG12,P23_T1,P23,15,1556,201631,204423,I,D,30+31,ais_Glasgow,5523,204423,209946,0,,0,209946,216919,C,31,_tött[t]ete_die_vier_Frauen,True,False,False,2,True,False,False,1,2,True,True,True,1,1,1,False,aus Glasgow,1.0,91.0
SG12,P23_T1,P23,16,1556,209946,216919,C,D,31,_tött[t]ete_die_vier_Frauen,7909,216919,224828,1,11,0,224828,231365,C,31+32,[neuarF_reiv_eid_etetöt]verabreichtete_,True,True,True,1,True,True,True,1,1,True,True,True,1,1,1,False,Glasgow,0.0,14.0
SG12,P23_T1,P23,17,1556,234220,238229,I,D,32+33+34,den_vier_Frauen_,7722,238229,245951,0,,0,245951,257744,C,35+36+37+38+39+40+41+42+43,große_Mengen_an_Schlafmittelu[u]_und_tötete_sie_damit._,False,False,False,2,False,False,False,2,2,False,False,False,2,2,2,False,den vier Frauen,1.0,100.0
SG12,P23_T1,P23,18,1556,245951,257744,C,D,35+36+37+38+39+40+41+42+43,große_Mengen_an_Schlafmittelu[u]_und_tötete_sie_damit._,10125,257744,267869,0,,0,267869,270583,I,44+45,Gestern_wurde_,False,False,False,2,False,False,False,2,2,False,False,False,2,2,2,False,große Mengen an Schlafmittel und tötete sie damit .,1.0,98.0
SG12,P23_T1,P23,19,1556,267869,270583,I,D,44+45,Gestern_wurde_,5258,270583,275841,0,,0,275841,282673,I,46+47+48+49+50,er_in_einer_langer_Gerichtsverhandlung_,False,False,False,2,False,False,False,2,2,False,False,False,2,2,2,False,Gestern wurde,1.0,100.0
SG12,P23_T1,P23,20,1556,275841,282673,I,D,46+47+48+49+50,er_in_einer_langer_Gerichtsverhandlung_,5180,282673,287853,2,45,0,287853,291768,I,51+52+53,des_vierfachen_Mordes,False,False,False,2,False,False,False,2,2,True,False,False,1,2,2,False,er in einer langen Gerichtsverhandlung,1.0,97.0
SG12,P23_T1,P23,21,1556,287853,291768,I,D,51+52+53,des_vierfachen_Mordes,3542,291768,295310,1,38,0,295310,299849,I,53+54+55+56+57,_für_schuldig_befunden.,True,False,False,2,False,False,False,2,2,False,False,False,2,2,2,False,des vierfachen Mordes,1.0,100.0
SG12,P23_T1,P23,22,1556,295310,299849,I,D,53+54+55+56+57,_für_schuldig_befunden.,3900,299849,303749,0,,0,303749,303749,I,57,_,True,False,False,2,False,False,False,2,2,False,False,False,2,2,2,False,Mordes für schuldig befunden .,1.0,95.0
SG12,P23_T1,P23,23,1556,303749,303749,I,D,57,_,1732,303749,305481,0,,0,305481,307010,I,58+59,Er_wurde_,False,False,False,2,False,False,False,2,2,False,False,False,2,2,2,False,.,,
SG12,P23_T1,P23,24,1556,305481,307010,I,D,58+59,Er_wurde_,4056,307010,311066,1,43,0,311066,318195,I,60+61+62+63,zu_viermal_lebenslänglicher_Haft,False,False,False,2,False,False,False,2,2,False,False,False,2,2,2,False,Er wurde,1.0,100.0
SG12,P23_T1,P23,25,1556,311066,318195,I,D,60+61+62+63,zu_viermal_lebenslänglicher_Haft,9391,318195,327586,0,,0,327586,334684,I,63+64+65+66+67,"_verurteilt,_einmal_lebenslänglich_",True,False,False,2,False,False,False,2,2,False,False,False,2,2,2,False,zu viermal lebenslänglicher Haft,1.0,100.0
SG12,P23_T1,P23,26,1556,327586,334684,I,D,63+64+65+66+67,"_verurteilt,_einmal_lebenslänglich_",2044,334684,336728,0,,0,336728,343888,C,68+69+70+71+72,für_jeden_Mor[roM]der_Morde._,False,False,False,2,False,False,False,2,2,False,False,False,2,2,2,False,"Haft verurteilt , einmal lebenslänglich",1.0,97.0
SG12,P23_T1,P23,27,1556,336728,343888,C,D,68+69+70+71+72,für_jeden_Mor[roM]der_Morde._,17800,343888,361688,2,59+63,0,361688,361688,I,80,_,False,False,False,2,False,False,False,2,2,False,False,False,2,2,2,False,für jeden der Morde .,1.0,95.0
SG12,P23_T1,P23,28,1556,361688,361688,I,D,80,_,3401,361688,365089,7,54+55+56+60+64+65+66+67+127+128+129,0,365089,365089,I,80,_,True,False,False,2,False,False,False,2,2,True,False,False,1,2,2,False,Der,,
SG12,P23_T1,P23,29,1556,365089,365089,I,D,80,_,5569,365089,370658,2,60+64,0,370658,377335,I,80+81+82+83,Der_Polizeibeamte_Chris_Gregg,True,False,False,2,False,False,False,2,2,True,False,False,1,2,2,False,Der,,
SG12,P23_T1,P23,30,1556,370658,377335,I,D,80+81+82+83,Der_Polizeibeamte_Chris_Gregg,4103,377335,381438,9,19+66+67+68+80+81,1,381438,381438,I,83,_,True,False,False,2,False,False,False,2,2,True,False,False,1,2,2,False,Der Polizeibeamte Chris Gregg,1.0,100.0
SG12,P23_T1,P23,31,1556,381438,381438,I,D,83,_,3510,381438,384948,0,,0,384948,387194,I,84+85+86,"sagte,_dass",False,False,False,2,False,False,False,2,2,False,False,False,2,2,2,False,Gregg,,
SG12,P23_T1,P23,32,1556,384948,387194,I,D,84+85+86,"sagte,_dass",2496,387194,389690,0,,0,389690,392841,I,86+87+88,_Norris_sich_,True,False,False,2,False,False,False,2,2,False,False,False,2,2,2,False,"sagte , dass",1.0,91.0
SG12,P23_T1,P23,33,1556,389690,392841,I,D,86+87+88,_Norris_sich_,21996,392841,414837,22,71+72+88+89+93,10,414837,418784,I,92+93,auffällig_benahm,False,False,False,2,False,False,False,2,2,False,False,False,2,2,2,False,dass Norris sich,1.0,100.0
SG12,P23_T1,P23,34,1556,414837,418784,I,D,92+93,auffällig_benahm,17270,418784,436054,2,94,0,436054,437114,I,94,._,False,False,False,2,False,False,False,2,2,False,False,False,2,2,2,False,auffällig benahm,1.0,100.0
SG12,P23_T1,P23,35,1556,436054,437114,I,D,94,._,4244,437114,441358,0,,0,441358,441358,I,95,D,False,False,False,2,False,False,False,2,2,False,False,False,2,2,2,False,.,,
SG12,P23_T1,P23,36,1556,441358,441358,I,D,95,D,4321,441358,445679,0,,0,445679,450406,I,95+96,ie_Aufmerksamkeit_,True,False,False,2,False,False,False,2,2,True,False,False,1,2,2,False,Der,,
SG12,P23_T1,P23,37,1556,445679,450406,I,D,95+96,ie_Aufmerksamkeit_,9687,450406,460093,0,,0,460093,465273,I,97+98,des_Krankenhauspersonals,False,False,False,2,False,False,False,2,2,True,False,False,1,2,2,False,Der Aufmerksamkeit,1.0,94.0
SG12,P23_T1,P23,38,1556,460093,465273,I,D,97+98,des_Krankenhauspersonals,9063,465273,474336,9,2+59,0,474336,475553,C,95,[ie]er,False,False,False,2,False,False,False,2,2,True,True,False,1,1,2,False,seiner Kollegen,0.0,33.0
SG12,P23_T1,P23,39,1556,474336,475553,C,D,95,[ie]er,3307,475553,478860,0,,0,478860,500076,C,100+101+102+103+104+105+106+107+108+109+110+111+112+98+99,"_ist_es_zu_verdanken,_dass_er_und_d[d]sein_Morden_aufgeh[hegfua]gestoppt_werden_konnte.",False,True,False,2,False,False,False,2,2,False,False,False,2,2,2,False,Der,1.0,100.0
SG12,P23_T1,P23,40,1556,507190,509358,I,D,112+113,_Als_,9719,509358,519077,0,,0,519077,521121,I,114,Motiv_,False,False,False,2,False,False,False,2,2,False,False,False,2,2,2,False,. Als,1.0,100.0
SG12,P23_T1,P23,41,1556,519077,521121,I,D,114,Motiv_,14867,521121,535988,9,96+97,0,535988,537407,I,114,konnte_die,True,False,False,2,False,False,False,2,2,True,True,True,1,1,1,False,Motiv,1.0,100.0
SG12,P23_T1,P23,42,1556,535988,537407,I,D,114,konnte_die,1732,537407,539139,0,,0,539139,541854,I,114,_Polizei,True,False,False,2,False,False,False,2,2,True,True,True,1,1,1,False,Motiv,0.0,40.0
SG12,P23_T1,P23,43,1556,539139,541854,I,D,114,_Polizei,4758,541854,546612,4,96+97+139,0,546612,548499,D,114,[ieziloP_eid_etnnok,True,False,False,2,True,False,False,1,2,True,True,True,1,1,1,False,Motiv,0.0,40.0
SG12,P23_T1,P23,44,1556,546612,548499,D,D,114,[ieziloP_eid_etnnok,16599,548499,565098,24,88+93+94+95+96+97+99+100+101+102,0,565098,570058,I,114,"gab_er_der_Polizei_an,_",True,False,False,2,False,False,False,2,2,True,True,True,1,1,1,False,Motiv,0.0,40.0
SG12,P23_T1,P23,45,1556,565098,570058,I,D,114,"gab_er_der_Polizei_an,_",1841,570058,571899,0,,0,571899,572898,D,114,"[_,na_ieziloP_red_",True,False,False,2,True,False,False,1,2,True,True,True,1,1,1,False,Motiv,0.0,40.0
SG12,P23_T1,P23,46,1556,571899,572898,D,D,114,"[_,na_ieziloP_red_",7363,572898,580261,0,,0,580261,590214,C,114+119+120+121,"[re_bag]geht_die_Polizei_davon_aus,_dass_Norris",True,True,True,1,True,False,False,1,2,True,True,True,1,1,1,False,Motiv,0.0,20.0
SG12,P23_T1,P23,47,1556,600151,602413,I,D,121+122+123,_nicht_ger,4852,602413,607265,0,,0,607265,612350,I,123+124+125+126+127+128,n_mit_alten_Menschen_zu_tun,True,False,False,2,False,False,False,2,2,False,False,False,2,2,2,False,Norris nicht gern,1.0,100.0
SG12,P23_T1,P23,48,1556,607265,612350,I,D,123+124+125+126+127+128,n_mit_alten_Menschen_zu_tun,3947,612350,616297,17,107+108+109+110+111,0,616297,617249,I,128+129,_hatte,True,False,False,2,False,False,False,2,2,False,False,False,2,2,2,False,gern mit alten Menschen zu tun,1.0,100.0
SG12,P23_T1,P23,49,1556,616297,617249,I,D,128+129,_hatte,12105,617249,629354,7,114,0,629354,633894,C,114+115,[sua_novad_ieziloP_eid_theg]nimmt_,False,True,False,2,False,True,False,2,2,False,False,False,2,2,2,False,tun hatte,1.0,100.0
SG12,P23_T1,P23,50,1556,639619,642069,I,D,116+117+118,die_Polizei_an,18688,642069,660757,41,2+49+52+61+62+63+85+86+89+107+108+109+110+111,0,660757,662099,I,130+131,._Seine_,False,False,False,2,False,False,False,2,2,False,False,False,2,2,2,False,die Polizei an,1.0,100.0
SG12,P23_T1,P23,51,1556,660757,662099,I,D,130+131,._Seine_,1700,662099,663799,12,62+63+65+66+67,0,663799,666140,I,132+133,Opfer_waren_,False,False,False,2,False,False,False,2,2,False,False,False,2,2,2,False,. Seine,1.0,100.0
SG12,P23_T1,P23,52,1556,663799,666140,I,D,132+133,Opfer_waren_,4945,666140,671085,3,22+23+68,0,671085,672692,I,134,alle,False,False,False,2,False,False,False,2,2,False,False,False,2,2,2,False,Opfer waren,1.0,100.0
SG12,P23_T1,P23,53,1556,671085,672692,I,D,134,alle,3572,672692,676264,0,,0,676264,676264,I,134,_,True,False,False,2,False,False,False,2,2,False,False,False,2,2,2,False,alle,1.0,100.0
SG12,P23_T1,P23,54,1556,676264,676264,I,D,134,_,3276,676264,679540,30,66+67+68+69+109+110+111+114+134,12,679540,680226,I,135,alte,False,False,False,2,False,False,False,2,2,False,False,False,2,2,2,False,alle,,
SG12,P23_T1,P23,55,1556,679540,680226,I,D,135,alte,6225,680226,686451,31,68+69+70+109+110+111+114+115+118+133,0,686451,688650,I,136+137,",_gebrechliche_",False,False,False,2,False,False,False,2,2,False,False,False,2,2,2,False,alte,1.0,100.0
SG12,P23_T1,P23,56,1556,686451,688650,I,D,136+137,",_gebrechliche_",1576,688650,690226,0,,0,690226,694734,I,138+139+140,Frauen_mit_Herz,False,False,False,2,False,False,False,2,2,False,False,False,2,2,2,False,", gebrechliche",1.0,100.0
SG12,P23_T1,P23,57,1556,690226,694734,I,D,138+139+140,Frauen_mit_Herz,2699,694734,697433,0,,0,697433,698525,I,140,leiden,True,False,False,2,False,False,False,2,2,False,False,False,2,2,2,False,Frauen mit Herzleiden,1.0,100.0
SG12,P23_T1,P23,58,1556,697433,698525,I,D,140,leiden,9594,698525,708119,46,82+83+84+85+86+87+88+93+137,0,708119,710147,I,141+142,",_die_",False,False,False,2,False,False,False,2,2,False,False,False,2,2,2,False,Herzleiden,1.0,100.0
SG12,P23_T1,P23,59,1556,708119,710147,I,D,141+142,",_die_",7894,710147,718041,32,25+88+93+106+107+108+109+110+111+115+117+118+119+120+133+139+140+150,0,718041,718899,I,142+143,für_,True,False,False,2,False,False,False,2,2,True,False,False,1,2,2,False,", die",1.0,100.0
SG12,P23_T1,P23,60,1556,718041,718899,I,D,142+143,für_,4087,718899,722986,0,,0,722986,726590,I,144,Krankenhauspersonal_,False,False,False,2,False,False,False,2,2,True,False,False,1,2,2,False,die vom,0.0,0.0
SG12,P23_T1,P23,61,1556,722986,726590,I,D,144,Krankenhauspersonal_,5351,726590,731941,0,,0,731941,734265,I,144,eine_Last_sei,True,False,False,2,False,False,False,2,2,True,True,True,1,1,1,False,Krankenhauspersonal,1.0,100.0
SG12,P23_T1,P23,62,1556,731941,734265,I,D,144,eine_Last_sei,5055,734265,739320,23,131+132+143+144,5,739320,741956,C,144,[ies]bedeu,True,False,False,2,True,False,False,1,2,True,True,True,1,1,1,False,Krankenhauspersonal,0.0,31.0
SG12,P23_T1,P23,63,1556,739320,741956,C,D,144,[ies]bedeu,2012,741956,743968,0,,0,743968,747104,I,144,ten_können.,True,False,False,2,False,False,False,2,2,True,True,True,1,1,1,False,Krankenhauspersonal,0.0,40.0
SG12,P23_T1,P23,64,1556,743968,747104,I,D,144,ten_können.,23946,747104,771050,4,39+40+41+42+56+59+66+67,0,771050,773999,I,79,Er_wird_wohl_,False,False,False,2,False,False,False,2,2,True,True,True,1,1,1,False,Krankenhauspersonal,0.0,27.0
SG12,P23_T1,P23,65,1556,771050,773999,I,D,79,Er_wird_wohl_,19063,773999,793062,0,,0,793062,802906,I,79,mindestens_30_Jahre_hinter_Gittern_bleiben.,True,False,False,2,False,False,False,2,2,True,True,True,1,1,1,False,.,,
SG12,P23_T1,P23,66,1556,793062,802906,I,D,79,mindestens_30_Jahre_hinter_Gittern_bleiben.,1887,802906,804793,10,49+57+66+67,0,804793,805339,D,80,[__,False,False,False,2,False,False,False,2,2,True,True,True,1,1,1,False,.,,
SG12,P23_T1,P23,67,1556,804793,805339,D,D,80,[__,28689,805339,834028,5,125+132+137+138+140,0,834028,835198,C,21,[en]innen,False,False,False,2,False,False,False,2,2,False,False,False,2,2,2,False,Der,,
SG12,P23_T1,P23,68,1556,834028,835198,C,D,21,[en]innen,6957,835198,842155,0,,0,842155,842639,C,30,[i]u,False,False,False,2,False,False,False,2,2,False,False,False,2,2,2,False,Patientinnen,1.0,100.0
SG12,P23_T1,P23,69,1556,842155,842639,C,D,30,[i]u,18954,842639,861593,8,36+38+39+40+41+42+56+58+62+79,0,861593,861593,I,79,_,False,False,False,2,False,False,False,2,2,False,False,False,2,2,2,False,aus,,
SG12,P23_T1,P23,70,1556,861593,861593,I,D,79,_,2917,861593,864510,14,39+40+41+42+54+55+56+57+58+59+79,1,864510,883870,C,73+74+75+76+77+78+79,[Er_wird_wohl_mindestens_30_Jahre_hinter_Gittern_bleiben.]Das_bedeutet_mindestens_30_Jahre_Gefängnis,True,True,True,1,True,True,True,1,1,True,True,True,1,1,1,False,.,,
SG12,P23_T1,P23,71,1556,895024,895024,I,D,78,_,18065,895024,913089,29,32+35+38+39+40+41+42+53+54+55+56+57+59+61+62+69,0,913089,914181,C,78+79,[_].,True,False,False,2,True,False,False,1,2,True,False,False,1,2,2,False,Gefängnis,,
SG12,P23_T1,P23,72,1556,913089,914181,C,D,78+79,[_].,17784,914181,931965,90,32+52+53+54+55+66+67+68+69+70+71+127+128+129,0,931965,932184,I,89,be,False,False,False,2,False,False,False,2,2,False,False,False,2,2,2,False,Gefängnis .,,
SG12,P23_T1,P23,73,1556,931965,932184,I,D,89,be,1731,932184,933915,0,,0,933915,938470,I,89+90+91,i_de_Arbeit_,True,False,False,2,False,False,False,2,2,False,False,False,2,2,2,False,bei,1.0,100.0
SG12,P23_T1,P23,74,1556,933915,938470,I,D,89+90+91,i_de_Arbeit_,54850,938470,993320,45,1+3+50+56+57+58+59+66+67+75+80+81+83+85+86+92+97+103+104+105+125+126+127+128+129+130+131+132+134+136+140+143+144,0,993320,998234,I,4+5,mordenden_Krankenpfleger,False,False,False,2,False,False,False,2,2,False,False,False,2,2,2,False,bei der Arbeit,1.0,91.0
SG12,P23_T1,P23,75,1556,993320,998234,I,D,4+5,mordenden_Krankenpfleger,14181,998234,1012415,29,107+108+121+122+123+126+127+128+129+130+131+132+133+134+137+138+139+140,0,1012415,1012789,C,49,[r]n,False,False,False,2,False,False,False,2,2,False,False,False,2,2,2,False,mordenden Krankenpfleger,1.0,100.0
SG12,P23_T1,P23,76,1556,1012415,1012789,C,D,49,[r]n,13838,1012789,1026627,3,2+19+29,0,1026627,1026627,I,90,r,False,False,False,2,False,False,False,2,2,False,False,False,2,2,2,False,langen,,
SG12,P23_T1,P23,77,1556,1026627,1026627,I,D,90,r,21465,1026627,1048092,2,96+117,0,1048092,1049964,C,142+143,[rüf]vom,False,False,False,2,False,False,False,2,2,False,False,False,2,2,2,False,der,,
SG12,P23_T1,P23,78,1556,1048092,1049964,C,D,142+143,[rüf]vom,3448,1049964,1053412,0,,0,1053412,1061820,C,144+145+146+147,[eine_Last_bedeuten_können.]als_belastend_empfunden_,False,True,False,2,False,True,False,2,2,False,False,False,2,2,2,False,die vom,1.0,100.0
SG12,P23_T1,P23,79,1556,1064348,1066734,I,D,148+149+150,werden_können.,25085,1066734,1091819,5,2+7+8+96+117,0,1091819,1098980,C,25+26+27,2002_[Der]verabreichte_der,False,False,False,2,False,False,False,2,2,False,False,False,2,2,2,False,werden können .,1.0,93.0
SG12,P23_T6,P23,80,1921,231272,232005,I,D,1,Die_,2543,232005,234548,0,,0,234548,234548,D,1,[_,True,False,False,2,True,False,False,1,2,True,False,False,1,2,2,False,Die,1.0,100.0
SG12,P23_T6,P23,81,1921,234548,234548,D,D,1,[_,2449,234548,236997,0,,0,236997,237294,D,1,[ei,True,False,False,2,True,False,False,1,2,True,False,False,1,2,2,False,Die,,
SG12,P23_T6,P23,82,1921,236997,237294,D,D,1,[ei,4165,237294,241459,1,1,1,241459,245686,I,1+2+4+5,ie_meisten_der_Jäger,True,False,False,2,False,False,False,2,2,False,False,False,2,2,2,False,Die,0.0,33.0
SG12,P23_T6,P23,83,1921,241459,245686,I,D,1+2+4+5,ie_meisten_der_Jäger,2684,245686,248370,0,,0,248370,250694,I,5+6+7,_und_Sammler,True,False,False,2,False,False,False,2,2,True,False,False,1,2,2,False,Die meisten der Jäger,1.0,100.0
SG12,P23_T6,P23,84,1921,248370,250694,I,D,5+6+7,_und_Sammler,9220,250694,259914,0,,0,259914,264095,C,3+4,Kulturen_der[der,False,False,False,2,False,False,False,2,2,False,False,False,2,2,2,False,Jäger und Sammler,1.0,100.0
SG12,P23_T6,P23,85,1921,259914,264095,C,D,3+4,Kulturen_der[der,4617,264095,268712,17,7+122+124+125+129+130+131+132+133+134+135,0,268712,272238,I,10+11+7+8+9,_leben_als_Nomaden.,False,False,False,2,False,False,False,2,2,False,False,False,2,2,2,False,Kulturen der,1.0,100.0
SG12,P23_T6,P23,86,1921,268712,272238,I,D,10+11+7+8+9,_leben_als_Nomaden.,10889,272238,283127,7,8+11+109,3,283127,283127,I,11,_,True,False,False,2,False,False,False,2,2,False,False,False,2,2,2,False,Nomaden . Sammler leben als,0.0,50.0
SG12,P23_T6,P23,87,1921,283127,283127,I,D,11,_,14586,283127,297713,0,,0,297713,298243,I,12,Da_,False,False,False,2,False,False,False,2,2,False,False,False,2,2,2,False,.,,
SG12,P23_T6,P23,88,1921,297713,298243,I,D,12,Da_,11700,298243,309943,0,,0,309943,329334,C,13+14+15+16+17,die_Nahrungsvi[i]orkmmen_[_nemmk]kommen_einee[e]r_Region_schnell_,False,True,False,2,False,False,False,2,2,False,False,False,2,2,2,False,Da,1.0,100.0
SG12,P23_T6,P23,89,1921,309943,329334,C,D,13+14+15+16+17,die_Nahrungsvi[i]orkmmen_[_nemmk]kommen_einee[e]r_Region_schnell_,17628,329334,346962,0,,0,346962,355730,C,17+18+19,ausgeschö[öhcsegsua]erschöpft_sein,True,True,True,1,True,False,False,1,2,True,True,False,1,1,2,False,die Nahrungsvorkommen einer Region schnell,1.0,100.0
SG12,P23_T6,P23,90,1921,359380,363311,C,D,19+20,_köl[l]nnen,9625,363311,372936,0,,0,372936,373124,I,21,",_",False,False,False,2,False,False,False,2,2,False,False,False,2,2,2,False,sein können,1.0,100.0
SG12,P23_T6,P23,91,1921,372936,373124,I,D,21,",_",114130,373124,487254,55,7+8+9+10+11+12+13+14+15,0,487254,488845,I,22+23,ist_es_,False,False,False,2,False,False,False,2,2,False,False,False,2,2,2,False,",",,
SG12,P23_T6,P23,92,1921,487254,488845,I,D,22+23,ist_es_,5413,488845,494258,0,,0,494258,496505,I,23,schwierig,True,False,False,2,False,False,False,2,2,True,True,True,1,1,1,False,ist es,1.0,100.0
SG12,P23_T6,P23,93,1921,494258,496505,I,D,23,schwierig,7067,496505,503572,0,,0,503572,514897,C,23+24+25+26+27+28+29+30,",_sic[cis_,gireiwhcs]für_Menschen,_die_sich_so_ihren_",True,True,True,1,True,True,True,1,1,True,True,True,1,1,1,False,es,0.0,50.0
SG12,P23_T6,P23,94,1921,518189,521839,C,D,31,Lebensunt[t,1982,521839,523821,0,,0,523821,526941,I,31+32,terhalt_beschaffen,True,False,False,2,False,False,False,2,2,False,False,False,2,2,2,False,Lebensunterhalt,1.0,82.0
SG12,P23_T6,P23,95,1921,523821,526941,I,D,31+32,terhalt_beschaffen,7004,526941,533945,5,18+121,0,533945,541589,I,33+34+35+36+37+38+39,",_schwierig,_sesshaft_zu_werden._",False,False,False,2,False,False,False,2,2,False,False,False,2,2,2,False,Lebensunterhalt beschaffen,1.0,100.0
SG12,P23_T6,P23,96,1921,533945,541589,I,D,33+34+35+36+37+38+39,",_schwierig,_sesshaft_zu_werden._",15538,541589,557127,0,,0,557127,557127,I,39,A,True,False,False,2,False,False,False,2,2,True,False,False,1,2,2,False,", schwierig , sesshaft zu werden .",1.0,97.0
SG12,P23_T6,P23,97,1921,557127,557127,I,D,39,A,3057,557127,560184,0,,0,560184,562524,C,39,uch_[_hcuA,True,False,False,2,True,False,False,1,2,True,False,False,1,2,2,False,.,,
SG12,P23_T6,P23,98,1921,560184,562524,C,D,39,uch_[_hcuA,10640,562524,573164,0,,0,573164,588452,C,40+41+42+43+44,Ebenfalls_auf_ihren_Lebensstil_zurückzuf[fuzkcür,False,False,False,2,False,False,False,2,2,False,False,False,2,2,2,False,.,,
SG12,P23_T6,P23,99,1921,573164,588452,C,D,40+41+42+43+44,Ebenfalls_auf_ihren_Lebensstil_zurückzuf[fuzkcür,4337,588452,592789,0,,0,592789,595487,I,44,rückführen,True,False,False,2,False,False,False,2,2,False,False,False,2,2,2,False,Ebenfalls auf ihren Lebensstil zurückführen,1.0,88.0
SG12,P23_T6,P23,100,1921,592789,595487,I,D,44,rückführen,7582,595487,603069,0,,0,603069,603069,I,44,_,True,False,False,2,False,False,False,2,2,False,False,False,2,2,2,False,zurückführen,1.0,100.0
SG12,P23_T6,P23,101,1921,603069,603069,I,D,44,_,3588,603069,606657,0,,0,606657,611790,I,45+46+47+48+49+50,"lä#sst_sich_die_Tatsache,_dass_",False,False,False,2,False,False,False,2,2,False,False,False,2,2,2,False,zurückführen,,
SG12,P23_T6,P23,102,1921,606657,611790,I,D,45+46+47+48+49+50,"lä#sst_sich_die_Tatsache,_dass_",5740,611790,617530,0,,0,617530,620479,I,51+52,Gesellschaften_aus_,False,False,False,2,False,False,False,2,2,True,False,False,1,2,2,False,"lässt sich die Tatsache , dass",1.0,97.0
SG12,P23_T6,P23,103,1921,617530,620479,I,D,51+52,Gesellschaften_aus_,2371,620479,622850,0,,0,622850,626688,I,53+54+55,Jägern_und_Sammlern_,False,False,False,2,False,False,False,2,2,False,False,False,2,2,2,False,Gesellschaften aus,1.0,100.0
SG12,P23_T6,P23,104,1921,622850,626688,I,D,53+54+55,Jägern_und_Sammlern_,4571,626688,631259,0,,0,631259,631259,D,45,[#,False,False,False,2,False,False,False,2,2,False,False,False,2,2,2,False,Jägern und Sammlern,1.0,100.0
SG12,P23_T6,P23,105,1921,631259,631259,D,D,45,[#,5818,631259,637077,0,,0,637077,640712,I,56+57+58,eine_geringe_Po,False,False,False,2,False,False,False,2,2,False,False,False,2,2,2,False,lässt,0.0,0.0
SG12,P23_T6,P23,106,1921,637077,640712,I,D,56+57+58,eine_geringe_Po,3354,640712,644066,0,,0,644066,650213,C,58+59+60,pulationsdichte_aufweid[d]sen.,True,False,False,2,True,False,False,1,2,True,False,False,1,2,2,False,eine geringe Populationsdichte,1.0,100.0
SG12,P23_T6,P23,107,1921,644066,650213,C,D,58+59+60,pulationsdichte_aufweid[d]sen.,27674,650213,677887,0,,0,677887,678589,I,60,_In_,True,False,False,2,False,False,False,2,2,True,True,False,1,1,2,False,Populationsdichte aufweisen .,1.0,96.0
SG12,P23_T6,P23,108,1921,677887,678589,I,D,60,_In_,7457,678589,686046,0,,0,686046,690305,C,60+64,[_nI]Agrarkulturen_,True,True,True,1,True,False,False,1,2,True,True,False,1,1,2,False,.,,
SG12,P23_T6,P23,109,1921,693940,703705,I,D,66+67+68+69+70+71,erlauben_eine_60_bis_100_mal_h,4712,703705,708417,0,,0,708417,710632,I,71,öhere_,True,False,False,2,False,False,False,2,2,True,True,False,1,1,2,False,eine 60 bis 100 mal höhere,1.0,81.0
SG12,P23_T6,P23,110,1921,708417,710632,I,D,71,öhere_,3026,710632,713658,0,,0,713658,717277,I,72,Populationsdichte,False,False,False,2,False,False,False,2,2,False,False,False,2,2,2,False,höhere,1.0,100.0
SG12,P23_T6,P23,111,1921,713658,717277,I,D,72,Populationsdichte,19345,717277,736622,0,,0,736622,740537,C,65+66,[erlauben]können_i[i,False,True,False,2,False,False,False,2,2,False,False,False,2,2,2,False,Populationsdichte,1.0,100.0
SG12,P23_T6,P23,112,1921,747479,747479,D,D,66,[_,3354,747479,750833,0,,0,750833,750833,I,72,_,False,False,False,2,False,False,False,2,2,False,False,False,2,2,2,False,eine,,
SG12,P23_T6,P23,113,1921,750833,750833,I,D,72,_,15304,750833,766137,8,9+10+11+60+65+69+129+130+131+132+133+134+135,0,766137,771238,C,62+63+64,[Agrarkulturen]Kulturen_mit,False,True,False,2,False,False,False,2,2,False,False,False,2,2,2,False,Populationsdichte,,
SG12,P23_T6,P23,114,1921,775185,780115,I,D,63+64,_Agrarwirtschaft,18907,780115,799022,0,,0,799022,803827,C,61+62,In_[Kulturen]Gesellschaften,False,True,False,2,False,False,False,2,2,False,False,False,2,2,2,False,mit Agrarwirtschaft,1.0,100.0
SG12,P23_T6,P23,115,1921,811689,812079,C,D,65,[ö]a,2793,812079,814872,0,,0,814872,815168,D,65,[ne,True,False,False,2,True,False,False,1,2,True,False,False,1,2,2,False,kann,,
SG12,P23_T6,P23,116,1921,814872,815168,D,D,65,[ne,5523,815168,820691,0,,0,820691,823545,I,73+74,ernährt_werden,False,False,False,2,False,False,False,2,2,False,False,False,2,2,2,False,kann,0.0,33.0
SG12,P23_T6,P23,117,1921,820691,823545,I,D,73+74,ernährt_werden,3729,823545,827274,0,,0,827274,838599,I,74+75+76+77+78+79+80+81+82+83,"_als_in_Kulturen,_die_ihr_Land_unbestellt_lassen.",True,False,False,2,False,False,False,2,2,False,False,False,2,2,2,False,ernährt werden,1.0,100.0
SG12,P23_T6,P23,118,1921,827274,838599,I,D,74+75+76+77+78+79+80+81+82+83,"_als_in_Kulturen,_die_ihr_Land_unbestellt_lassen.",3651,838599,842250,0,,0,842250,850846,C,83+84+85+86+87+88+89+90+91,"[.],_was_demzufolge_auch_zu_einer_höheren_Po",True,False,False,2,True,False,False,1,2,True,False,False,1,2,2,False,"werden als in Kulturen , die ihr Land unbestellt lassen",1.0,98.0
SG12,P23_T6,P23,119,1921,842250,850846,C,D,83+84+85+86+87+88+89+90+91,"[.],_was_demzufolge_auch_zu_einer_höheren_Po",2402,850846,853248,0,,0,853248,859597,C,91+92+93,pulationsdu[u]ichte_führt.,True,False,False,2,True,False,False,1,2,True,False,False,1,2,2,False,"lassen , was demzufolge auch zu einer höheren Populationsdichte",1.0,100.0
SG12,P23_T6,P23,120,1921,853248,859597,C,D,91+92+93,pulationsdu[u]ichte_führt.,4789,859597,864386,0,,0,864386,865697,I,93,_A,True,False,False,2,False,False,False,2,2,True,False,False,1,2,2,False,Populationsdichte führt .,1.0,95.0
SG12,P23_T6,P23,121,1921,864386,865697,I,D,93,_A,7550,865697,873247,0,,0,873247,876601,C,93+94,[A]Üblicherweise_,True,False,False,2,True,False,False,1,2,True,False,False,1,2,2,False,.,,
SG12,P23_T6,P23,122,1921,873247,876601,C,D,93+94,[A]Üblicherweise_,3386,876601,879987,0,,0,879987,889393,I,100+95+96+97+98+99,haben_Gesellschaften_aus_Jägern_und_Sammlern_,False,False,False,2,False,False,False,2,2,False,False,False,2,2,2,False,. Üblicherweise,1.0,100.0
SG12,P23_T6,P23,123,1921,879987,889393,I,D,100+95+96+97+98+99,haben_Gesellschaften_aus_Jägern_und_Sammlern_,6147,889393,895540,0,,0,895540,902357,I,101+102+103,flache_hierarchische_strukturen,False,False,False,2,False,False,False,2,2,False,False,False,2,2,2,False,Sammlern haben Gesellschaften aus Jägern und,1.0,80.0
SG12,P23_T6,P23,124,1921,895540,902357,I,D,101+102+103,flache_hierarchische_strukturen,4181,902357,906538,0,,0,906538,907006,C,103,[s]S,True,False,False,2,True,False,False,1,2,True,False,False,1,2,2,False,flache hierarchische Strukturen,1.0,100.0
SG12,P23_T6,P23,125,1921,906538,907006,C,D,103,[s]S,3541,907006,910547,0,,0,910547,919626,I,104+105+106+107+108+109+110+111+112+113,",_auch_wenn_dies_nicht_immer_der_Fall_ist._",False,False,False,2,False,False,False,2,2,False,False,False,2,2,2,False,Strukturen,,
SG12,P23_T6,P23,126,1921,910547,919626,I,D,104+105+106+107+108+109+110+111+112+113,",_auch_wenn_dies_nicht_immer_der_Fall_ist._",8518,919626,928144,0,,0,928144,930874,I,113,Aufgrund_der_,True,False,False,2,False,False,False,2,2,True,True,True,1,1,1,False,", auch wenn dies nicht immer der Fall ist .",1.0,98.0
SG12,P23_T6,P23,127,1921,928144,930874,I,D,113,Aufgrund_der_,10312,930874,941186,0,,0,941186,941591,D,113,[_r,True,False,False,2,True,False,False,1,2,True,True,True,1,1,1,False,.,,
SG12,P23_T6,P23,128,1921,941186,941591,D,D,113,[_r,2637,941591,944228,0,,0,944228,947114,I,113,s_Nomadenleben,True,False,False,2,False,False,False,2,2,True,True,True,1,1,1,False,.,,
SG12,P23_T6,P23,129,1921,944228,947114,I,D,113,s_Nomadenleben,11762,947114,958876,0,,0,958876,966505,C,113,[nebelnedamoN_sed_dnurgfuA]Acu[u]uc[cucA,True,True,True,1,True,True,True,1,1,True,True,True,1,1,1,False,.,,
SG12,P23_T6,P23,130,1921,975771,975958,I,D,113,Da,1966,975958,977924,0,,0,977924,985490,C,113+114+115+116,[aD]Aufgrund_ihres_Nomadendaseins_,True,False,False,2,True,False,False,1,2,True,False,False,1,2,2,False,.,,
SG12,P23_T6,P23,131,1921,977924,985490,C,D,113+114+115+116,[aD]Aufgrund_ihres_Nomadendaseins_,4493,985490,989983,0,,0,989983,990232,I,116,kö,True,False,False,2,False,False,False,2,2,True,False,False,1,2,2,False,. Aufgrund ihres Nomadendaseins,1.0,100.0
SG12,P23_T6,P23,132,1921,989983,990232,I,D,116,kö,1982,990232,992214,0,,0,992214,996426,C,116+117+118,[ök]ist_es_Gesellschaften,True,False,False,2,True,False,False,1,2,True,False,False,1,2,2,False,Nomadendaseins,0.0,0.0
SG12,P23_T6,P23,133,1921,992214,996426,C,D,116+117+118,[ök]ist_es_Gesellschaften,3978,996426,1000404,0,,0,1000404,1005068,C,118+119,_a[a_netfahcslleseG]ihnen_,True,True,True,1,True,True,True,1,1,True,True,True,1,1,1,False,Nomadendaseins ist es,0.0,29.0
SG12,P23_T6,P23,134,1921,1013180,1013820,I,D,120,auch_,2621,1013820,1016441,0,,0,1016441,1018781,I,121+122,kaum_möglich,False,False,False,2,False,False,False,2,2,False,False,False,2,2,2,False,auch,1.0,100.0
SG12,P23_T6,P23,135,1921,1016441,1018781,I,D,121+122,kaum_möglich,4321,1018781,1023102,0,,0,1023102,1025520,I,123+124,",_zus",False,False,False,2,False,False,False,2,2,False,False,False,2,2,2,False,kaum möglich,1.0,100.0
SG12,P23_T6,P23,136,1921,1023102,1025520,I,D,123+124,",_zus",2901,1025520,1028421,0,,0,1028421,1031307,I,124,ätzliche,True,False,False,2,False,False,False,2,2,False,False,False,2,2,2,False,", zusätzliche",1.0,100.0
SG12,P23_T6,P23,137,1921,1028421,1031307,I,D,124,ätzliche,5601,1031307,1036908,0,,0,1036908,1042664,I,124+125+126+127+128,_Lebensmittel_zu_lagern.,True,False,False,2,False,False,False,2,2,False,False,False,2,2,2,False,zusätzliche,1.0,100.0
SG12,P23_T6,P23,138,1921,1036908,1042664,I,D,124+125+126+127+128,_Lebensmittel_zu_lagern.,13822,1042664,1056486,0,,0,1056486,1070105,C,128+129+130+131+132+133+134+135+139,"_Dies_ist_als_[_sla]der_Grund_dafür,_dass_",True,True,True,1,True,False,False,1,2,True,True,False,1,1,2,False,zusätzliche Lebensmittel zu lagern .,1.0,96.0
SG12,P23_T6,P23,139,1921,1203330,1203704,I,D,139,es_,14571,1203704,1218275,0,,0,1218275,1220287,I,139,keine_,True,False,False,2,False,False,False,2,2,True,True,False,1,1,2,False,kaum,0.0,0.0
SG12,P23_T6,P23,140,1921,1218275,1220287,I,D,139,keine_,9220,1220287,1229507,0,,0,1229507,1230770,I,140,Personen,False,False,False,2,False,False,False,2,2,True,True,False,1,1,2,False,kaum,0.0,25.0
SG12,P23_T6,P23,141,1921,1229507,1230770,I,D,140,Personen,3183,1230770,1233953,0,,0,1233953,1234826,I,140,_mit_,True,False,False,2,False,False,False,2,2,True,True,True,1,1,1,False,Personen,1.0,100.0
SG12,P23_T6,P23,142,1921,1233953,1234826,I,D,140,_mit_,3557,1234826,1238383,0,,0,1238383,1241378,I,140,ständigem_,True,False,False,2,False,False,False,2,2,True,True,True,1,1,1,False,Personen,0.0,0.0
SG12,P23_T6,P23,143,1921,1238383,1241378,I,D,140,ständigem_,2528,1241378,1243906,0,,0,1243906,1253500,C,140+141+142+143,[_megidnäts_tim]in_ständiger_Führungsposition,True,True,True,1,True,True,True,1,1,True,True,True,1,1,1,False,Personen,0.0,12.0
SG12,P23_T6,P23,144,1921,1319582,1328115,C,D,143+144+145,_ode[edo]und_Künstler,4758,1328115,1332873,0,,0,1332873,1339831,C,135+136+137+138+139,_man_hier_[_es]auch[_keine,False,True,False,2,False,False,False,2,2,False,False,False,2,2,2,False,Führungsposition und Künstler,1.0,100.0
SG12,P23_T6,P23,145,1921,1342093,1343200,I,D,138+139,_kaum,2715,1343200,1345915,0,,0,1345915,1348910,I,145+146+147,_findet.,False,False,False,2,False,False,False,2,2,False,False,False,2,2,2,False,auch kaum,1.0,100.0
SG12,P23_T6,P23,146,1921,1345915,1348910,I,D,145+146+147,_findet.,4524,1348910,1353434,0,,0,1353434,1355212,C,136+137,[hier]in_,False,False,False,2,False,False,False,2,2,False,False,False,2,2,2,False,Künstler findet .,1.0,86.0
SG12,P24_T2,P24,1,1011,47175,48641,I,D,1,Familien,3042,48641,51683,15,1+4+5+58+128+159,2,51683,54226,I,1,_werden_von,True,False,False,2,False,False,False,2,2,True,False,False,1,2,2,False,Familien,1.0,100.0
SG12,P24_T2,P24,2,1011,51683,54226,I,D,1,_werden_von,1092,54226,55318,13,1+8+9+153+156+157+159,3,55318,57377,C,1,---[nov_nedrew,True,False,False,2,True,False,False,1,2,True,False,False,1,2,2,False,Familien,0.0,25.0
SG12,P24_T2,P24,3,1011,55318,57377,C,D,1,---[nov_nedrew,1545,57377,58922,7,2+3+4+159,0,58922,59546,I,2,von_,False,False,False,2,False,False,False,2,2,False,False,False,2,2,2,False,Familien,0.0,12.0
SG12,P24_T2,P24,4,1011,58922,59546,I,D,2,von_,2012,59546,61558,10,3+4+5+6+58+128+132+133+134,0,61558,69436,C,3+4+5,Steigerung_der_Lebven[nev]enshaltungskosten_,False,False,False,2,False,False,False,2,2,False,False,False,2,2,2,False,von,1.0,100.0
SG12,P24_T2,P24,5,1011,61558,69436,C,D,3+4+5,Steigerung_der_Lebven[nev]enshaltungskosten_,2325,69436,71761,14,3+4+5+6+58+59+62,9,71761,72962,I,6,betroffen,False,False,False,2,False,False,False,2,2,False,False,False,2,2,2,False,Steigerung der Lebenshaltungskosten,1.0,100.0
SG12,P24_T2,P24,6,1011,71761,72962,I,D,6,betroffen,2917,72962,75879,15,1+3+4+5+6+8+110,3,75879,81105,C,6+7+8,_Britsc[cs]ische_Familien,True,False,False,2,True,False,False,1,2,True,False,False,1,2,2,False,betroffen,1.0,100.0
SG12,P24_T2,P24,7,1011,75879,81105,C,D,6+7+8,_Britsc[cs]ische_Familien,9625,81105,90730,42,1+4+5+7+10+11+13+14+15+16+17+19+20+21+23+24+114+160,2,90730,92368,I,8+9,_müssen_,True,False,False,2,False,False,False,2,2,False,False,False,2,2,2,False,betroffen Britische Familien,1.0,100.0
SG12,P24_T2,P24,8,1011,90730,92368,I,D,8+9,_müssen_,28127,92368,120495,84,1+2+3+4+5+6+7+9+10+11+36+37+59+61+63+66+96+97+98+99+102+116+120+128+137+138,1,120495,122414,I,10,zusätzliche_,False,False,False,2,False,False,False,2,2,False,False,False,2,2,2,False,Familien müssen,1.0,100.0
SG12,P24_T2,P24,9,1011,120495,122414,I,D,10,zusätzliche_,3463,122414,125877,18,5,0,125877,129107,I,11+12,31.000_Pfun,False,False,False,2,False,False,False,2,2,False,False,False,2,2,2,False,zusätzliche,1.0,100.0
SG12,P24_T2,P24,10,1011,125877,129107,I,D,11+12,31.000_Pfun,1092,129107,130199,9,5+6+12+34+37+38,1,130199,131868,I,12+13,d_pro,True,False,False,2,False,False,False,2,2,False,False,False,2,2,2,False,31.000 Pfund,1.0,100.0
SG12,P24_T2,P24,11,1011,130199,131868,I,D,12+13,d_pro,1373,131868,133241,15,13+14+16+17+18+19+20+21+22,1,133241,136922,I,13+14+15+16,"_Jahr_aufbringen,_",True,False,False,2,False,False,False,2,2,False,False,False,2,2,2,False,Pfund pro,1.0,100.0
SG12,P24_T2,P24,12,1011,133241,136922,I,D,13+14+15+16,"_Jahr_aufbringen,_",2091,136922,139013,12,16+17+18+19+20+21+22+23+24+28,1,139013,140573,I,17+18,weil_die_,False,False,False,2,False,False,False,2,2,False,False,False,2,2,2,False,"pro Jahr aufbringen ,",1.0,94.0
SG12,P24_T2,P24,13,1011,139013,140573,I,D,17+18,weil_die_,1248,140573,141821,2,16+17+18+22,2,141821,147359,C,19+20+21+22,Lebensmittel_unf[f]d_Benzin,False,False,False,2,False,False,False,2,2,False,False,False,2,2,2,False,weil die,1.0,100.0
SG12,P24_T2,P24,14,1011,141821,147359,C,D,19+20+21+22,Lebensmittel_unf[f]d_Benzin,3650,147359,151009,20,7+10+16+17+18+19+20+22+28+46+47+74+75+82,10,151009,151009,I,20,-,True,False,False,2,False,False,False,2,2,True,True,True,1,1,1,False,Lebensmittel - und Benzinpreise,1.0,91.0
SG12,P24_T2,P24,15,1011,151009,151009,I,D,20,-,2075,151009,153084,18,19+20+76+77+78+100+101+104+105+107,1,153084,153802,I,22,preise,False,False,False,2,False,False,False,2,2,False,False,False,2,2,2,False,-,,
SG12,P24_T2,P24,16,1011,153084,153802,I,D,22,preise,12573,153802,166375,25,5+7+10+18+19+20+21+22+28+33+36+37+48+49+50+51+60+85+86+87+88+110+116+126+137,1,166375,168123,I,22,_mit_der_,True,False,False,2,False,False,False,2,2,True,True,True,1,1,1,False,Benzinpreise,1.0,100.0
SG12,P24_T2,P24,17,1011,166375,168123,I,D,22,_mit_der_,2308,168123,170431,12,5+7+23+24+74+75+106+108,0,170431,172756,I,22,schnellsten_R%ate,True,False,False,2,False,False,False,2,2,True,True,True,1,1,1,False,Benzinpreise,0.0,29.0
SG12,P24_T2,P24,18,1011,170431,172756,I,D,22,schnellsten_R%ate,1092,172756,173848,8,18+22+160,7,173848,175938,C,22+24+25,[eta%]ate_seit,True,False,False,2,True,False,False,1,2,True,True,True,1,1,1,False,Benzinpreise,0.0,33.0
SG12,P24_T2,P24,19,1011,173848,175938,C,D,22+24+25,[eta%]ate_seit,1669,175938,177607,6,5+18+22+23+24+25+28+37,3,177607,182521,C,25+26+27+28+29,_17_Jahren_steigen-[-].,True,False,False,2,True,False,False,1,2,True,True,True,1,1,1,False,Benzinpreise stärksten seit,1.0,88.0
SG12,P24_T2,P24,20,1011,177607,182521,C,D,25+26+27+28+29,_17_Jahren_steigen-[-].,22527,182521,205048,114,3+4+5+8+9+10+11+12+13+15+16+17+18+19+20+21+22+23+24+25+26+28+29+34+60+62+85+86+89,10,205048,210633,C,22+23+24,[etaR_netsllenhcs_red_tim]am_stärksten,False,True,False,2,False,True,False,2,2,False,False,False,2,2,2,False,seit 17 Jahren steigen .,1.0,94.0
SG12,P24_T2,P24,21,1011,215516,215516,I,D,29,_,2152,215516,217668,6,2+3+5+11+26,0,217668,222957,I,30+31+32+33,Die_Preise_in_Supermärkten,False,False,False,2,False,False,False,2,2,False,False,False,2,2,2,False,.,,
SG12,P24_T2,P24,22,1011,217668,222957,I,D,30+31+32+33,Die_Preise_in_Supermärkten,1700,222957,224657,13,9+10+11+14+15+33,1,224657,224657,I,33,_,True,False,False,2,False,False,False,2,2,False,False,False,2,2,2,False,Die Preise in Supermärkten,1.0,100.0
SG12,P24_T2,P24,23,1011,224657,224657,I,D,33,_,1186,224657,225843,6,137+139+140+141+142,0,225843,228043,I,34,sind_alarmierend,False,False,False,2,False,False,False,2,2,False,False,False,2,2,2,False,Supermärkten,,
SG12,P24_T2,P24,24,1011,225843,228043,I,D,34,sind_alarmierend,1513,228043,229556,9,6+15+16+17+34,4,229556,235421,C,34+35+36,---[dnereimrala]aud_[_]f_[_fd]f_a,True,True,True,1,True,False,False,1,2,True,True,False,1,1,2,False,sind,1.0,100.0
SG12,P24_T2,P24,25,1011,236685,240991,I,D,36+37+38,larmierende_Weise_gestiegen,3322,240991,244313,16,5+11+13+14+19+20+21+23+24+36+38+46+47+48+49+74+75+102+104+160,2,244313,250023,I,38+39+40+41+42+43+44,_im_Laufe_des_letzten_Jahres.,True,False,False,2,False,False,False,2,2,False,False,False,2,2,2,False,alarmierende Weise gestiegen,1.0,100.0
SG12,P24_T2,P24,26,1011,244313,250023,I,D,38+39+40+41+42+43+44,_im_Laufe_des_letzten_Jahres.,1529,250023,251552,12,5+10+12+14+18+19+20+22+62+152+153,0,251552,252847,I,44+45,_Anyl,True,False,False,2,False,False,False,2,2,False,False,False,2,2,2,False,gestiegen im Laufe des letzten Jahres .,1.0,96.0
SG12,P24_T2,P24,27,1011,251552,252847,I,D,44+45,_Anyl,1357,252847,254204,6,15+23+24+27+45+160,1,254204,256435,C,45,[ly]alysten,True,False,False,2,True,False,False,1,2,True,False,False,1,2,2,False,. Analysten,1.0,75.0
SG12,P24_T2,P24,28,1011,254204,256435,C,D,45,[ly]alysten,1997,256435,258432,10,27+44+45+46+47+102,4,258432,258432,I,45,_,True,False,False,2,False,False,False,2,2,False,False,False,2,2,2,False,Analysten,1.0,100.0
SG12,P24_T2,P24,29,1011,258432,258432,I,D,45,_,1279,258432,259711,0,,0,259711,261879,I,46+47+48,"warnen_davor,",False,False,False,2,False,False,False,2,2,False,False,False,2,2,2,False,Analysten,,
SG12,P24_T2,P24,30,1011,259711,261879,I,D,46+47+48,"warnen_davor,",2044,261879,263923,23,3+8+18+22+23+24+28+43+67+110+111+112+160,0,263923,272394,C,48+49+50+51+52+53+54,_dass_die_Presi[is]ise_weiterhin_steigen_werden,True,False,False,2,True,False,False,1,2,True,False,False,1,2,2,False,"warnen davor ,",1.0,92.0
SG12,P24_T2,P24,31,1011,263923,272394,C,D,48+49+50+51+52+53+54,_dass_die_Presi[is]ise_weiterhin_steigen_werden,2371,272394,274765,8,6+34+35+36+38+39+40+102,0,274765,274843,I,55,",_",False,False,False,2,False,False,False,2,2,False,False,False,2,2,2,False,", dass die Preise weiterhin steigen werden",1.0,100.0
SG12,P24_T2,P24,32,1011,274765,274843,I,D,55,",_",2106,274843,276949,4,52+120,0,276949,282300,I,56+57+58+59+60+61,wodurch_es_der_Bank_of_England,False,False,False,2,False,False,False,2,2,False,False,False,2,2,2,False,",",,
SG12,P24_T2,P24,33,1011,276949,282300,I,D,56+57+58+59+60+61,wodurch_es_der_Bank_of_England,3213,282300,285513,26,3+7+33+36+37+38+41+58+59+60+61+121+122+143+148+149,6,285513,287838,I,61+62+63,"_schwer_fällt,",True,False,False,2,False,False,False,2,2,False,False,False,2,2,2,False,wodurch es der Bank of England,1.0,100.0
SG12,P24_T2,P24,34,1011,285513,287838,I,D,61+62+63,"_schwer_fällt,",11325,287838,299163,52,0+18+21+22+35+37+38+39+40+41+42+58+59+60+61+62+63+64+65+66+96+99+102+121+122+148+149,19,299163,300864,I,63+64+65,_die_Zinsen,True,False,False,2,False,False,False,2,2,True,False,False,1,2,2,False,"England schwerfällt ,",1.0,92.0
SG12,P24_T2,P24,35,1011,299163,300864,I,D,63+64+65,_die_Zinsen,5975,300864,306839,48,5+11+14+18+19+20+21+22+37+39+40+41+45+46+47+64+65+67+68+69+72+102,7,306839,308211,I,65+66+67,_zu_senken,True,False,False,2,False,False,False,2,2,False,False,False,2,2,2,False,", die Zinsen",1.0,100.0
SG12,P24_T2,P24,36,1011,306839,308211,I,D,65+66+67,_zu_senken,3011,308211,311222,19,11+18+19+20+21+22+23+24+28+80+111+112,0,311222,311222,I,68,",",False,False,False,2,False,False,False,2,2,False,False,False,2,2,2,False,Zinsen zu senken,1.0,100.0
SG12,P24_T2,P24,37,1011,311222,311222,I,D,68,",",2590,311222,313812,23,8+9+10+18+22+23+24+28+44+45+68+69,3,313812,321409,I,68+69+70+71+72+73+74+75+76,"_weil_sie_damit_kämpft,_die_Inflation_und",True,False,False,2,False,False,False,2,2,False,False,False,2,2,2,False,",",,
SG12,P24_T2,P24,38,1011,313812,321409,I,D,68+69+70+71+72+73+74+75+76,"_weil_sie_damit_kämpft,_die_Inflation_und",1591,321409,323000,20,14+23+24+25+26+27+30+31+46+47+78+82+142+145+146,0,323000,330130,I,76+77+78+79+80+81+82+83,_die_Wirtschaft_unter_Kontrolle_zu_halten.,True,False,False,2,False,False,False,2,2,False,False,False,2,2,2,False,", weil sie damit kämpft , die Inflation und",1.0,98.0
SG12,P24_T2,P24,39,1011,323000,330130,I,D,76+77+78+79+80+81+82+83,_die_Wirtschaft_unter_Kontrolle_zu_halten.,2480,330130,332610,21,18+19+20+22+23+24+45+58+59+61+62+71+73+81+87+88+120,1,332610,332610,I,83,_,True,False,False,2,False,False,False,2,2,False,False,False,2,2,2,False,und die Wirtschaft unter Kontrolle zu halten .,1.0,98.0
SG12,P24_T2,P24,40,1011,332610,332610,I,D,83,_,7192,332610,339802,26,19+20+37+46+47+58+59+60+61+62+64+65+67+70+71+72+73+80+81,0,339802,340862,I,84+85,Was_die_,False,False,False,2,False,False,False,2,2,False,False,False,2,2,2,False,.,,
SG12,P24_T2,P24,41,1011,339802,340862,I,D,84+85,Was_die_,2325,340862,343187,7,135+143+147+148+149,0,343187,351112,I,86+87+88+89+90+91+92+93+94+95,"Lage_noch_schlimmer_macht,_ist_die_Tatsache,_das",False,False,False,2,False,False,False,2,2,False,False,False,2,2,2,False,Was die,1.0,100.0
SG12,P24_T2,P24,42,1011,343187,351112,I,D,86+87+88+89+90+91+92+93+94+95,"Lage_noch_schlimmer_macht,_ist_die_Tatsache,_das",1185,351112,352297,8,52+61+63+66+74+75,0,352297,352703,I,95,s_,True,False,False,2,False,False,False,2,2,True,False,False,1,2,2,False,"Lage noch schlimmer macht , ist die Tatsache , dass",1.0,96.0
SG12,P24_T2,P24,43,1011,352297,352703,I,D,95,s_,2652,352703,355355,18,59+60+61+97+98,0,355355,357726,C,95,eska[akse,True,False,False,2,True,False,False,1,2,True,False,False,1,2,2,False,dass,,
SG12,P24_T2,P24,44,1011,355355,357726,C,D,95,eska[akse,16677,357726,374403,61,0+5+10+15+16+17+18+19+20+22+36+37+52+58+100+101+104+120+121+122+125,0,374403,379317,I,96+97+98+99,die_immens_steigenden_Preise,False,False,False,2,False,False,False,2,2,False,False,False,2,2,2,False,dass,0.0,50.0
SG12,P24_T2,P24,45,1011,374403,379317,I,D,96+97+98+99,die_immens_steigenden_Preise,5912,379317,385229,43,11+16+17+19+20+21+35+36+59+61+62+64+65+67+78+100+101+102+121+122+139+140,0,385229,385229,I,99,_,True,False,False,2,False,False,False,2,2,False,False,False,2,2,2,False,die immens steigenden Preise,1.0,100.0
SG12,P24_T2,P24,46,1011,385229,385229,I,D,99,_,2403,385229,387632,19,7+16+17+18+22+36+54+78,0,387632,391220,I,100+101,die_Gehaltserhöhungen,False,False,False,2,False,False,False,2,2,False,False,False,2,2,2,False,Preise,,
SG12,P24_T2,P24,47,1011,387632,391220,I,D,100+101,die_Gehaltserhöhungen,4524,391220,395744,26,15+18+19+20+22+23+24+26+27+28+30+31+54+89+96+99+143+145+146,0,395744,399566,C,101,_überholen---[n]---[elohrebü_,True,False,False,2,True,False,False,1,2,True,False,False,1,2,2,False,die Gehaltserhöhungen,1.0,100.0
SG12,P24_T2,P24,48,1011,395744,399566,C,D,101,_überholen---[n]---[elohrebü_,16957,399566,416523,79,5+6+7+14+16+17+18+19+20+22+32+35+36+38+39+40+41+42+43+45+96+99+100+101+102+104+143,16,416523,418645,I,101,_überholt,True,False,False,2,False,False,False,2,2,False,False,False,2,2,2,False,Gehaltserhöhungen,0.0,29.0
SG12,P24_T2,P24,49,1011,416523,418645,I,D,101,_überholt,5912,418645,424557,15,16+17+19+20+23+24+80+82+85+86+145+146,0,424557,429783,I,103+104+105+106+107,",_besonders_die_von_Krankne",False,False,False,2,False,False,False,2,2,False,False,False,2,2,2,False,Gehaltserhöhungen,0.0,50.0
SG12,P24_T2,P24,50,1011,424557,429783,I,D,103+104+105+106+107,",_besonders_die_von_Krankne",1092,429783,430875,7,23+24+25+26+45+63+66+87+88+156+157,0,430875,433745,C,107,[en]enschwestern,True,False,False,2,True,False,False,1,2,True,False,False,1,2,2,False,", besonders die von Krankenschwestern",1.0,96.0
SG12,P24_T2,P24,51,1011,430875,433745,C,D,107,[en]enschwestern,2372,433745,436117,12,9+25+48+49+54+58+62+74+75+102+104+105+107,2,436117,441296,I,107+108+109+110+111,_und_anderen_Beruhsgruppen_im_,True,False,False,2,False,False,False,2,2,False,False,False,2,2,2,False,Krankenschwestern,1.0,100.0
SG12,P24_T2,P24,52,1011,436117,441296,I,D,107+108+109+110+111,_und_anderen_Beruhsgruppen_im_,3073,441296,444369,20,2+5+10+38+58+62+89+109+110+111+112+128+159,10,444369,447037,I,111,Krankenwesen,True,False,False,2,False,False,False,2,2,True,True,False,1,1,2,False,Krankenschwestern und anderen Berufsgruppen im,1.0,96.0
SG12,P24_T2,P24,53,1011,444369,447037,I,D,111,Krankenwesen,7519,447037,454556,35,2+3+4+5+6+7+15+37+62+78+85+86+89+97+98+110+113+136+137+160,0,454556,458643,C,111+112,[nesewneknarK]Gesundheitswesen,True,True,True,1,True,False,False,1,2,True,True,False,1,1,2,False,im,0.0,0.0
SG12,P24_T2,P24,54,1011,462340,464212,I,D,113,",_die_unter",10281,464212,474493,56,0+34+36+55+78+79+97+98+100+101+110+114+115+116+119+120+121+122+126+127,0,474493,475226,I,113,_der_,True,False,False,2,False,False,False,2,2,True,True,True,1,1,1,False,",",,
SG12,P24_T2,P24,55,1011,474493,475226,I,D,113,_der_,10249,475226,485475,42,5+7+11+15+16+17+37+80+85+86+89+100+101+102+107+110+128+139+140+142,0,485475,492885,C,113+114+115+116+117+118+119+120,"---[_redunter_die_]die_darunter_leiden,_dass_die_Regierung",True,True,True,1,True,True,True,1,1,True,True,True,1,1,1,False,",",,
SG12,P24_T2,P24,56,1011,496645,498689,I,D,120+121+122,_darauf_besteht,1840,498689,500529,11,64+65+67+68+69+74+75+80+143+144,0,500529,503197,C,122,---[thets]harrt,True,True,True,1,True,False,False,1,2,True,True,False,1,1,2,False,Regierung darauf besteht,1.0,100.0
SG12,P24_T2,P24,57,1011,510810,516847,I,D,123+124+125+126+127,",_dass_der_öffentliche_Sektor",3042,516847,519889,23,71+72+73+81+85+86+87+88+89+97+98+100+101+102+104+105+110+127,1,519889,519889,I,127,_,True,False,False,2,False,False,False,2,2,False,False,False,2,2,2,False,", dass der öffentliche Sektor",1.0,100.0
SG12,P24_T2,P24,58,1011,519889,519889,I,D,127,_,1014,519889,520903,3,126+128,0,520903,526706,I,128+129+130+131+132,"Gehaltserhöhungen_erhält,_die_unter",False,False,False,2,False,False,False,2,2,False,False,False,2,2,2,False,Sektor,,
SG12,P24_T2,P24,59,1011,520903,526706,I,D,128+129+130+131+132,"Gehaltserhöhungen_erhält,_die_unter",3214,526706,529920,14,110+114+115+116,0,529920,533492,I,132+133+134+135,_der_Inflation_liegen,True,False,False,2,False,False,False,2,2,False,False,False,2,2,2,False,"Gehaltserhöhungen erhält , die unter",1.0,97.0
SG12,P24_T2,P24,60,1011,529920,533492,I,D,132+133+134+135,_der_Inflation_liegen,1249,533492,534741,0,,0,534741,534959,I,136,._,False,False,False,2,False,False,False,2,2,False,False,False,2,2,2,False,unter der Inflationsrate liegen,1.0,75.0
SG12,P24_T2,P24,61,1011,534741,534959,I,D,136,._,4508,534959,539467,22,61+115+116+119+120+121+122+123+124+137+160,0,539467,543882,I,137+138,Zusätzlich_zu_Lebensmittel,False,False,False,2,False,False,False,2,2,False,False,False,2,2,2,False,.,,
SG12,P24_T2,P24,62,1011,539467,543882,I,D,137+138,Zusätzlich_zu_Lebensmittel,3370,543882,547252,26,5+11+16+17+58+97+98+100+101+102+115+137+138+139+140+160,12,547252,547782,C,138,---[lLebensmitte,True,False,False,2,True,False,False,1,2,True,False,False,1,2,2,False,Zusätzlich zu,1.0,100.0
SG12,P24_T2,P24,63,1011,547252,547782,C,D,138,---[lLebensmitte,1404,547782,549186,4,137,0,549186,561666,C,139+140+141+142+143+144+145+146,Benzin-_uind_[_dni]nd_Lebensmittelpreisen_steigen_auch_die_Strom,False,True,False,2,False,False,False,2,2,False,False,False,2,2,2,False,zu,0.0,0.0
SG12,P24_T2,P24,64,1011,549186,561666,C,D,139+140+141+142+143+144+145+146,Benzin-_uind_[_dni]nd_Lebensmittelpreisen_steigen_auch_die_Strom,1779,561666,563445,18,43+45+46+47+48+49+50+51+67+68+69+70+71+73+74+75+81+158,0,563445,564677,I,146,rechnungen,True,False,False,2,False,False,False,2,2,False,False,False,2,2,2,False,Benzin - und Lebensmittelpreisen steigen auch die Stromrechnungen,1.0,98.0
SG12,P24_T2,P24,65,1011,563445,564677,I,D,146,rechnungen,1716,564677,566393,13,0+50+51+76+78+97+98+100+101+111+112+123+124+125+144,0,566393,566674,I,147,._,False,False,False,2,False,False,False,2,2,False,False,False,2,2,2,False,Stromrechnungen,1.0,100.0
SG12,P24_T2,P24,66,1011,566393,566674,I,D,147,._,4602,566674,571276,20,110+111+112+114+115+116+121+122+125+126+127+129,0,571276,573725,I,148+149+150,Fünf_der_sechs,False,False,False,2,False,False,False,2,2,False,False,False,2,2,2,False,.,,
SG12,P24_T2,P24,67,1011,571276,573725,I,D,148+149+150,Fünf_der_sechs,1435,573725,575160,13,5+23+24+27+74+75+104+105+150+153,1,575160,579450,I,150+151+152,_größten_Stromlieferanten,True,False,False,2,False,False,False,2,2,False,False,False,2,2,2,False,Fünf der sechs,1.0,100.0
SG12,P24_T2,P24,68,1011,575160,579450,I,D,150+151+152,_größten_Stromlieferanten,3401,579450,582851,21,33+110+113+120+126+127+128+132+133+134+137+138+139+140+142+151+152,2,582851,590261,I,152+153+154+155+156+157+158+159+160,_haben_die_Preise_für_ihre_Kunden_erhöht.,True,False,False,2,False,False,False,2,2,False,False,False,2,2,2,False,sechs größten Stromlieferanten,1.0,100.0
SG12,P24_T2,P24,69,1011,582851,590261,I,D,152+153+154+155+156+157+158+159+160,_haben_die_Preise_für_ihre_Kunden_erhöht.,29453,590261,619714,40,0+3+5+110+111+112+113+116+120+121+122+123+124+125+126+142+152+153+156+157+158+159,6,619714,619714,D,62,[_,False,False,False,2,False,False,False,2,2,False,False,False,2,2,2,False,Stromlieferanten haben die Preise für ihre Kunden erhöht .,1.0,98.0
SG12,P24_T3,P24,70,1180,29047,30623,I,D,1,Spielberg,1778,30623,32401,4,59+60+61,0,32401,38033,I,1+2+3+4+5+6,_zeigt_Peking_die_rote_Karte,True,False,False,2,False,False,False,2,2,False,False,False,2,2,2,False,Spielberg,1.0,100.0
SG12,P24_T3,P24,71,1180,32401,38033,I,D,1+2+3+4+5+6,_zeigt_Peking_die_rote_Karte,1529,38033,39562,11,2+3+4+5+6+140+142+143,7,39562,39562,I,6,_,True,False,False,2,False,False,False,2,2,True,False,False,1,2,2,False,Spielberg zeigt Peking die rote Karte,1.0,100.0
SG12,P24_T3,P24,72,1180,39562,39562,I,D,6,_,5241,39562,44803,16,0+2+3+4+5+6+7+140,1,44803,47175,C,6,In_eier[re,True,False,False,2,True,False,False,1,2,True,False,False,1,2,2,False,Karte,,
SG12,P24_T3,P24,73,1180,44803,47175,C,D,6,In_eier[re,44070,47175,91245,130,0+1+2+3+4+5+6+9+12+13+14+15+16+21+22+23+24+25+26+27+28+29+30+31+32+33+42+57+59+60+61,8,91245,91432,I,6,ner,True,False,False,2,False,False,False,2,2,True,False,False,1,2,2,False,Karte,0.0,40.0
SG12,P24_T3,P24,74,1180,91245,91432,I,D,6,ner,4118,91432,95550,53,0+3+17+18+19+36+59+60+61,0,95550,95550,I,6,_,True,False,False,2,False,False,False,2,2,True,False,False,1,2,2,False,Karte,0.0,33.0
SG12,P24_T3,P24,75,1180,95550,95550,I,D,6,_,1342,95550,96892,2,59+60+61,0,96892,98187,D,6,[_renie_nI,True,False,False,2,True,False,False,1,2,True,False,False,1,2,2,False,Karte,,
SG12,P24_T3,P24,76,1180,96892,98187,D,D,6,[_renie_nI,8362,98187,106549,51,0+1+2+3+4+5+6+7+12+13+17+18+19+21+22+23+24+27+28+29+30+31+32+33+34+42+43,3,106549,109138,I,7+8+9,Mit_einer_Geste,False,False,False,2,False,False,False,2,2,False,False,False,2,2,2,False,Karte,0.0,40.0
SG12,P24_T3,P24,77,1180,106549,109138,I,D,7+8+9,Mit_einer_Geste,2044,109138,111182,15,3+5+7+17+18+19,1,111182,114489,I,10+11+12+13,",_die_mit_Sicherheit",False,False,False,2,False,False,False,2,2,False,False,False,2,2,2,False,Mit einer Geste,1.0,100.0
SG12,P24_T3,P24,78,1180,111182,114489,I,D,10+11+12+13,",_die_mit_Sicherheit",2886,114489,117375,23,0+3+4+5+6+7+12+13,2,117375,117375,I,13,_,True,False,False,2,False,False,False,2,2,False,False,False,2,2,2,False,", die mit Sicherheit",1.0,100.0
SG12,P24_T3,P24,79,1180,117375,117375,I,D,13,_,1217,117375,118592,2,7+14,0,118592,121899,I,14+15+16,die_chinesische_Regierung,False,False,False,2,False,False,False,2,2,False,False,False,2,2,2,False,Sicherheit,,
SG12,P24_T3,P24,80,1180,118592,121899,I,D,14+15+16,die_chinesische_Regierung,6770,121899,128669,61,0+3+4+5+6+11+12+13+14+15+16+87,40,128669,132507,I,16+17+18+19+20,"_in_Unruhe_versetzt,",True,False,False,2,False,False,False,2,2,False,False,False,2,2,2,False,die chinesische Regierung,1.0,100.0
SG12,P24_T3,P24,81,1180,128669,132507,I,D,16+17+18+19+20,"_in_Unruhe_versetzt,",3869,132507,136376,32,17+18+19+21+22+23+24+25+26+27+28+29+30+31+43,1,136376,142834,I,20+21+22+23+24,_zog_sich_Steven_Spielberg_aus,True,False,False,2,False,False,False,2,2,False,False,False,2,2,2,False,"Regierung in Unruhe versetzt ,",1.0,95.0
SG12,P24_T3,P24,82,1180,136376,142834,I,D,20+21+22+23+24,_zog_sich_Steven_Spielberg_aus,1592,142834,144426,11,23+25+26+27+28+29+30+31+52+106,1,144426,152772,C,25+26+27+28+29+30+31,_denb[b]_Olympischen_Spielen_in_Peking_zurück,False,False,False,2,False,False,False,2,2,True,False,False,1,2,2,False,", zog sich Steven Spielberg",1.0,93.0
SG12,P24_T3,P24,83,1180,144426,152772,C,D,25+26+27+28+29+30+31,_denb[b]_Olympischen_Spielen_in_Peking_zurück,5023,152772,157795,6,21+22+25+29+30+43,3,157795,159292,I,32+33+34,",_um_gegen_",False,False,False,2,False,False,False,2,2,True,False,False,1,2,2,False,von den Olympischen Spielen in Peking zurück,1.0,100.0
SG12,P24_T3,P24,84,1180,157795,159292,I,D,32+33+34,",_um_gegen_",4197,159292,163489,8,3+7+12+13+16+29+30+34+113+114,1,163489,167639,I,35+36,Chinas_Unterstützung,False,False,False,2,False,False,False,2,2,False,False,False,2,2,2,False,", um gegen",1.0,100.0
SG12,P24_T3,P24,85,1180,163489,167639,I,D,35+36,Chinas_Unterstützung,9360,167639,176999,12,0+4+6+16+17+18+19,0,176999,188199,I,36+37+38+39+40+41+42+43+44,_der_sudanesischen_Politik_in_Darfur_zu_protestieren.,True,False,False,2,False,False,False,2,2,False,False,False,2,2,2,False,Chinas Unterstützung,1.0,100.0
SG12,P24_T3,P24,86,1180,176999,188199,I,D,36+37+38+39+40+41+42+43+44,_der_sudanesischen_Politik_in_Darfur_zu_protestieren.,15164,188199,203363,68,2+3+4+5+6+7+12+13+15+16+17+18+19+21+22+23+24+29+30+31+64+76+79+84+85+96,0,203363,203363,I,44,_,True,False,False,2,False,False,False,2,2,False,False,False,2,2,2,False,Unterstützung der sudanesischen Politik in Darfur zu protestieren .,1.0,98.0
SG12,P24_T3,P24,87,1180,203363,203363,I,D,44,_,1232,203363,204595,4,41+107+108+109,0,204595,206530,I,45+46,Sein_Rückzug,False,False,False,2,False,False,False,2,2,False,False,False,2,2,2,False,.,,
SG12,P24_T3,P24,88,1180,204595,206530,I,D,45+46,Sein_Rückzug,74958,206530,281488,328,0+1+2+3+4+5+6+7+12+13+14+15+16+17+18+19+21+22+23+24+25+26+27+28+29+30+31+32+33+34+35+36+38+40+41+42+43+45+46+67+68+70+84+86+87+88+103+105+115+116+125,59,281488,283828,I,46+47+48+49,_ist_eine_Folge,True,False,False,2,False,False,False,2,2,False,False,False,2,2,2,False,Sein Rückzug,1.0,100.0
SG12,P24_T3,P24,89,1180,281488,283828,I,D,46+47+48+49,_ist_eine_Folge,5070,283828,288898,9,0+4+6+14+23+102+123,0,288898,290864,I,49+50,_der_widerauf,True,False,False,2,False,False,False,2,2,False,False,False,2,2,2,False,Rückzug ist eine Folge,1.0,100.0
SG12,P24_T3,P24,90,1180,288898,290864,I,D,49+50,_der_widerauf,26114,290864,316978,185,0+3+4+5+6+12+13+16+17+18+19+24+25+26+27+28+29+30+31+36+45+46+47+48+49+50+51+57+59+60+61+64+85+124+125+130,40,316978,317836,C,50,---[fuared,True,False,False,2,True,False,False,1,2,True,False,False,1,2,2,False,Folge der,0.0,56.0
SG12,P24_T3,P24,91,1180,316978,317836,C,D,50,---[fuared,21965,317836,339801,202,0+1+2+3+7+9+17+18+19+31+32+33+36+38+39+41+42+48+49+50+51+57+63+64+66+81+83+90+91+143+144,86,339801,341954,I,50+51+52,eder_entfachten_,True,False,False,2,False,False,False,2,2,False,False,False,2,2,2,False,der,0.0,33.0
SG12,P24_T3,P24,92,1180,339801,341954,I,D,50+51+52,eder_entfachten_,1232,341954,343186,0,,0,343186,344325,I,53,Kämpfe,False,False,False,2,False,False,False,2,2,False,False,False,2,2,2,False,der erneut entfachten,1.0,80.0
SG12,P24_T3,P24,93,1180,343186,344325,I,D,53,Kämpfe,2496,344325,346821,9,27+28+34+43,0,346821,348771,I,53+54+55,_in_Darfur,True,False,False,2,False,False,False,2,2,False,False,False,2,2,2,False,Kämpfe,1.0,100.0
SG12,P24_T3,P24,94,1180,346821,348771,I,D,53+54+55,_in_Darfur,1810,348771,350581,7,4+5+6+7+35+36+43+127,0,350581,351844,I,55+56,_und,True,False,False,2,False,False,False,2,2,False,False,False,2,2,2,False,Kämpfe in Darfur,1.0,100.0
SG12,P24_T3,P24,95,1180,350581,351844,I,D,55+56,_und,2169,351844,354013,14,52+121+122+123+125+127+128+130,0,354013,360908,C,56+57+58+59+60+61,_soll_China_in_Verlegenheit_bringen.-[-,True,False,False,2,True,False,False,1,2,True,False,False,1,2,2,False,Darfur und,1.0,100.0
SG12,P24_T3,P24,96,1180,354013,360908,C,D,56+57+58+59+60+61,_soll_China_in_Verlegenheit_bringen.-[-,3214,360908,364122,35,0+2+3+4+6+7+24+27+28+29+30+32+33+34+42+43+129,0,364122,364122,D,61,[.,True,False,False,2,True,False,False,1,2,True,False,False,1,2,2,False,und soll China in Verlegenheit bringen,1.0,89.0
SG12,P24_T3,P24,97,1180,364122,364122,D,D,61,[.,2543,364122,366665,8,105+106,0,366665,366789,I,62,",_",False,False,False,2,False,False,False,2,2,False,False,False,2,2,2,False,bringen,0.0,0.0
SG12,P24_T3,P24,98,1180,366665,366789,I,D,62,",_",53244,366789,420033,344,0+1+2+3+4+5+6+7+12+13+15+16+17+18+19+20+21+22+23+24+25+26+27+28+29+30+31+34+35+36+37+46+47+50+54+56+57+58+59+60+61+63+64+70+84+88+90+91+103+110+111+112+115+116+119+123+125+126+128+129+130,0,420033,424354,C,62,"das_versucht_hat.,[,.],",True,False,False,2,True,False,False,1,2,True,False,False,1,2,2,False,",",,
SG12,P24_T3,P24,99,1180,420033,424354,C,D,62,"das_versucht_hat.,[,.],",5023,424354,429377,7,0+118,0,429377,436397,I,62,"_die_negativen_Schlagzeiten_zu_vermeiden,",True,False,False,2,False,False,False,2,2,True,False,False,1,2,2,False,",",,
SG12,P24_T3,P24,100,1180,429377,436397,I,D,62,"_die_negativen_Schlagzeiten_zu_vermeiden,",8705,436397,445102,25,15+59+60+61+90+91+103+111+115+116+123,0,445102,447863,D,62,"[,vermeidenzu_Schlagzeiten_negativen_die_,_hatversucht_das_",True,False,False,2,True,False,False,1,2,True,False,False,1,2,2,False,",",,
SG12,P24_T3,P24,101,1180,445102,447863,D,D,62,"[,vermeidenzu_Schlagzeiten_negativen_die_,_hatversucht_das_",25803,447863,473666,20,0+21+22+23+27+28+32+33+42+48+49+67+71+72+73+75+106,0,473666,474180,I,63,das_,False,False,False,2,False,False,False,2,2,False,False,False,2,2,2,False,",",,
SG12,P24_T3,P24,102,1180,473666,474180,I,D,63,das_,5617,474180,479797,6,0+71+72+73+75,0,479797,492433,C,64+65+66+67+68+69+70,"verscuhte,[,ethuc]uchte,_die_negativen_Schlagzeoile[elio]ilen_zu_vermeiden",False,True,False,2,False,False,False,2,2,False,False,False,2,2,2,False,das,1.0,100.0
SG12,P24_T3,P24,103,1180,479797,492433,C,D,64+65+66+67+68+69+70,"verscuhte,[,ethuc]uchte,_die_negativen_Schlagzeoile[elio]ilen_zu_vermeiden",3463,492433,495896,18,24+25+27+28+29+30+31+58+71+72+73+83+102+103+123,0,495896,501434,I,71+72,",_weil_sie_ende_Beziehungen",False,False,False,2,False,False,False,2,2,False,False,False,2,2,2,False,"versuchte , die negativen Schlagzeilen zu vermeiden",1.0,98.0
SG12,P24_T3,P24,104,1180,495896,501434,I,D,71+72,",_weil_sie_ende_Beziehungen",2730,501434,504164,13,144+145+153,0,504164,508282,C,72+73+74+75,[Beziehungenende_sie_]es_enge_Beziehungen,True,True,True,1,True,True,True,1,1,True,True,True,1,1,1,False,", weil",1.0,100.0
SG12,P24_T3,P24,105,1180,510794,517128,I,D,75+76+77+78+79+80,_zur_sudanesischen_Regierung_pflegt.,1482,517128,518610,12,0+3+5+7,0,518610,518610,I,80,_,True,False,False,2,False,False,False,2,2,False,False,False,2,2,2,False,Beziehungen zur sudanesischen Regierung pflegt .,1.0,97.0
SG12,P24_T3,P24,106,1180,518610,518610,I,D,80,_,2340,518610,520950,2,3+24,0,520950,524007,I,81+82+83,"China,_das_",False,False,False,2,False,False,False,2,2,False,False,False,2,2,2,False,.,,
SG12,P24_T3,P24,107,1180,520950,524007,I,D,81+82+83,"China,_das_",3183,524007,527190,0,,0,527190,529374,I,84,großflächig,False,False,False,2,False,False,False,2,2,False,False,False,2,2,2,False,"China , das",1.0,90.0
SG12,P24_T3,P24,108,1180,527190,529374,I,D,84,großflächig,1232,529374,530606,11,139,0,530606,535723,C,84+85,---[gihcälf]e_Investitionen_,True,True,True,1,True,False,False,1,2,True,True,False,1,1,2,False,große,1.0,80.0
SG12,P24_T3,P24,109,1180,538749,546752,I,D,86+87+88+89,in_der_sudanesischen_Ölindustrie_,1685,546752,548437,12,65+68+69+79+81+140+143+151+154,0,548437,550075,I,90+91,getätigt_hat,False,False,False,2,False,False,False,2,2,False,False,False,2,2,2,False,in der sudanesischen Ölindustrie,1.0,100.0
SG12,P24_T3,P24,110,1180,548437,550075,I,D,90+91,getätigt_hat,2543,550075,552618,21,7+26+27+28+29+30+46+47+48+49+53+143,0,552618,557657,I,92+93+94+95,",_unterhält_enge_Beziehungen_",False,False,False,2,False,False,False,2,2,False,False,False,2,2,2,False,getätigt hat,1.0,100.0
SG12,P24_T3,P24,111,1180,552618,557657,I,D,92+93+94+95,",_unterhält_enge_Beziehungen_",2152,557657,559809,2,21+22+29+30,0,559809,560043,I,96,zu,False,False,False,2,False,False,False,2,2,False,False,False,2,2,2,False,", unterhält enge Beziehungen",1.0,100.0
SG12,P24_T3,P24,112,1180,559809,560043,I,D,96,zu,1420,560043,561463,0,,0,561463,561463,I,96,r,True,False,False,2,False,False,False,2,2,False,False,False,2,2,2,False,zur,1.0,100.0
SG12,P24_T3,P24,113,1180,561463,561463,I,D,96,r,2402,561463,563865,9,89+139+140,0,563865,566954,I,96+97,_sudanesischen_regierung,True,False,False,2,False,False,False,2,2,False,False,False,2,2,2,False,zur,,
SG12,P24_T3,P24,114,1180,563865,566954,I,D,96+97,_sudanesischen_regierung,3261,566954,570215,22,0+3+4+5+6+7+17+18+19+27+28+36+39+71+72+73,0,570215,570402,I,97,",_",True,False,False,2,False,False,False,2,2,True,True,False,1,1,2,False,zur sudanesischen,1.0,76.0
SG12,P24_T3,P24,115,1180,570215,570402,I,D,97,",_",2699,570402,573101,8,27+28+32+33+34+42+43,0,573101,576860,C,97+98,"---[_,]---[gregierun]Regierung",True,True,True,1,True,False,False,1,2,True,True,False,1,1,2,False,sudanesischen,,
SG12,P24_T3,P24,116,1180,582196,582320,I,D,99,",_",1389,582320,583709,0,,0,583709,588233,C,100+101+102+103+99,vin[niv]in_der_ein_Minister,True,False,False,2,True,False,False,1,2,True,False,False,1,2,2,False,",",,
SG12,P24_T3,P24,117,1180,583709,588233,C,D,100+101+102+103+99,vin[niv]in_der_ein_Minister,3213,588233,591446,37,9+15+16+21+22+23+24+25+27+28+50+51+67+110,0,591446,597312,I,103+104+105+106+107,_vom_Internationalen_Gerichtshof_in_,True,False,False,2,False,False,False,2,2,True,False,False,1,2,2,False,"von der ein Minister ,",1.0,95.0
SG12,P24_T3,P24,118,1180,591446,597312,I,D,103+104+105+106+107,_vom_Internationalen_Gerichtshof_in_,2309,597312,599621,3,27+28+32+33+42+43,0,599621,600463,I,108,Den_,False,False,False,2,False,False,False,2,2,True,True,False,1,1,2,False,Minister vom Internationalen Strafgerichtshof in,1.0,85.0
SG12,P24_T3,P24,119,1180,599621,600463,I,D,108,Den_,8986,600463,609449,12,12+13+16+17+18+19+21+22+24+27+28+43+54,0,609449,610026,I,109,Haag,False,False,False,2,False,False,False,2,2,False,False,False,2,2,2,False,Den,1.0,100.0
SG12,P24_T3,P24,120,1180,609449,610026,I,D,109,Haag,17269,610026,627295,63,0+1+3+4+5+6+15+25+26+27+28+29+30+31+32+33+36+42+44+48+49+50+52+65+68+69+70+85+95,0,627295,631975,C,105+106,[G]Stzrafg[gfarz]rafg,False,True,False,2,False,False,False,2,2,False,False,False,2,2,2,False,Haag,1.0,100.0
SG12,P24_T3,P24,121,1180,639495,640212,C,D,100+99,[ni]von,3963,640212,644175,29,15+16+17+18+19+29+30+31+35+106,0,644175,653004,I,109+110+111+112+113+114+115+116,_wegen_Verbrechen_gegen_die_Menschlickeit_angeklagt_wurde,False,False,False,2,False,False,False,2,2,False,False,False,2,2,2,False,"von ,",1.0,100.0
SG12,P24_T3,P24,122,1180,644175,653004,I,D,109+110+111+112+113+114+115+116,_wegen_Verbrechen_gegen_die_Menschlickeit_angeklagt_wurde,1701,653004,654705,3,23+29+30+105,0,654705,654986,I,117,._,False,False,False,2,False,False,False,2,2,False,False,False,2,2,2,False,Haag wegen Verbrechen gegen die Menschlickeit angeklagt wurde,1.0,100.0
SG12,P24_T3,P24,123,1180,654705,654986,I,D,117,._,6427,654986,661413,38,0+1+2+3+7+16+21+22+23+25+26+27+28+29+30+37+40+41+43+57+68+85,0,661413,664892,I,118+119,Obwohl_Spielberg,False,False,False,2,False,False,False,2,2,False,False,False,2,2,2,False,.,,
SG12,P24_T3,P24,124,1180,661413,664892,I,D,118+119,Obwohl_Spielberg,1482,664892,666374,9,2+3+4+6+12+13+14+27+28+57+68,0,666374,668199,I,119+120+121,"_betont,_",True,False,False,2,False,False,False,2,2,False,False,False,2,2,2,False,Obwohl Spielberg,1.0,100.0
SG12,P24_T3,P24,125,1180,666374,668199,I,D,119+120+121,"_betont,_",13603,668199,681802,88,2+3+4+5+6+7+12+13+17+18+19+36+37+38+48+49+57+58+59+60+61+68+88+89+106+107,0,681802,684251,I,122+123,dass_Khartuum,False,False,False,2,False,False,False,2,2,False,False,False,2,2,2,False,"Spielberg betont ,",1.0,86.0
SG12,P24_T3,P24,126,1180,681802,684251,I,D,122+123,dass_Khartuum,2715,684251,686966,38,12+13+15+17+18+19+31+34+36+50+52+53+70+88,0,686966,688136,C,123,[mu]m_,True,False,False,2,True,False,False,1,2,True,False,False,1,2,2,False,dass Khartum,1.0,92.0
SG12,P24_T3,P24,127,1180,686966,688136,C,D,123,[mu]m_,2277,688136,690413,5,5+50+52+71+72+73+113+114,0,690413,695047,I,124+125+126,die_Hauptverantwortung_für,False,False,False,2,False,False,False,2,2,False,False,False,2,2,2,False,Khartum,,
SG12,P24_T3,P24,128,1180,690413,695047,I,D,124+125+126,die_Hauptverantwortung_für,2121,695047,697168,14,0+23+93+106+125+128+129,1,697168,697168,I,126,_,True,False,False,2,False,False,False,2,2,False,False,False,2,2,2,False,die Hauptverantwortung für,1.0,100.0
SG12,P24_T3,P24,129,1180,697168,697168,I,D,126,_,1295,697168,698463,3,59+60+61+147+148+149,0,698463,698806,I,127,die_,False,False,False,2,False,False,False,2,2,False,False,False,2,2,2,False,für,,
SG12,P24_T3,P24,130,1180,698463,698806,I,D,127,die_,1436,698806,700242,4,21+22+26+31+48+49,0,700242,700429,D,127,[_e,True,False,False,2,True,False,False,1,2,True,False,False,1,2,2,False,diese,1.0,100.0
SG12,P24_T3,P24,131,1180,700242,700429,D,D,127,[_e,1263,700429,701692,1,78,0,701692,704329,I,127+128,ese_andauernden,True,False,False,2,False,False,False,2,2,False,False,False,2,2,2,False,diese,0.0,33.0
SG12,P24_T3,P24,132,1180,701692,704329,I,D,127+128,ese_andauernden,10233,704329,714562,63,0+21+22+26+29+30+31+39+58+59+60+61+64+77+84+85+90+91+102+103+110+115+116+120+121+122+123+129,0,714562,717121,I,128+129,_Gräueltaten,True,False,False,2,False,False,False,2,2,False,False,False,2,2,2,False,diese andauernden,1.0,100.0
SG12,P24_T3,P24,133,1180,714562,717121,I,D,128+129,_Gräueltaten,2277,717121,719398,18,21+22+25+26+29+30+31+77+78+79,0,719398,720709,I,129+130,_trägt,True,False,False,2,False,False,False,2,2,False,False,False,2,2,2,False,andauernden Gräueltaten,1.0,100.0
SG12,P24_T3,P24,134,1180,719398,720709,I,D,129+130,_trägt,3775,720709,724484,47,0+7+26+27+28+29+30+52+79+89+106+112+120+121+122+123+124+125+126+130,2,724484,728571,I,131+132+133+134+135,",_ist_er_der_Meinung",False,False,False,2,False,False,False,2,2,False,False,False,2,2,2,False,Gräueltaten trägt,1.0,100.0
SG12,P24_T3,P24,135,1180,724484,728571,I,D,131+132+133+134+135,",_ist_er_der_Meinung",1467,728571,730038,16,36+59+60+61+83+103+104+105+106+115+116+121+122+123+141+142,0,730038,736247,I,136+137+138+139+140,",_dass_die_internationale_Gemeinschaft",False,False,False,2,False,False,False,2,2,False,False,False,2,2,2,False,", ist er der Meinung",1.0,100.0
SG12,P24_T3,P24,136,1180,730038,736247,I,D,136+137+138+139+140,",_dass_die_internationale_Gemeinschaft",2168,736247,738415,21,0+64+70+85+89+90+91+102+115+116,0,738415,743844,C,141+142+143+144+145,",_und_besonmders[sredm]ders_China,",False,True,False,2,False,False,False,2,2,False,False,False,2,2,2,False,", dass die internationale Gemeinschaft",1.0,100.0
SG12,P24_T3,P24,137,1180,738415,743844,C,D,141+142+143+144+145,",_und_besonmders[sredm]ders_China,",2683,743844,746527,21,81+93+95+111+113+114+125+126,0,746527,747291,I,145+146,_mehr_,True,False,False,2,False,False,False,2,2,False,False,False,2,2,2,False,", und besonders China ,",1.0,95.0
SG12,P24_T3,P24,138,1180,746527,747291,I,D,145+146,_mehr_,1326,747291,748617,0,,0,748617,756199,C,147+148+149+150+151+152+153+154,für_das_Ende_des_Leids_tun_soltle[elt]lte.,False,False,False,2,False,False,False,2,2,False,False,False,2,2,2,False,", mehr",1.0,100.0
SG12,P24_T3,P24,139,1180,748617,756199,C,D,147+148+149+150+151+152+153+154,für_das_Ende_des_Leids_tun_soltle[elt]lte.,19890,756199,776089,143,0+4+5+6+7+11+12+13+15+16+17+18+19+21+22+23+24+26+27+28+56+58+59+60+61+63+64+67+71+72+73+80+84+85+87+90+91+93+95+96+97+98+105+106+107+108+109+118+128+131+139+140+141+144+151+152+154,4,776089,777368,C,24+25,[sua]von,False,False,False,2,False,False,False,2,2,False,False,False,2,2,2,False,für das Ende des Leids tun sollte .,1.0,97.0
